[debug] [2026-03-12T06:07:54.098Z] [Firebase Plugin] Activating Firebase extension.
[debug] [2026-03-31T13:32:30.190Z] [Firebase Plugin] Activating Firebase extension.
[debug] [2026-03-31T13:32:36.615Z] [Firebase Plugin] requireAuthWrapper
[debug] [2026-03-31T13:32:36.620Z] > command requires scopes: ["email","openid","https://www.googleapis.com/auth/cloudplatformprojects.readonly","https://www.googleapis.com/auth/firebase","https://www.googleapis.com/auth/cloud-platform"]
[debug] [2026-03-31T13:32:36.621Z] > authorizing via signed-in user (jarpakterobos2025@gmail.com)
[debug] [2026-03-31T13:32:36.628Z] Checked if tokens are valid: true, expires at: 1774967400082
[debug] [2026-03-31T13:32:36.629Z] Checked if tokens are valid: true, expires at: 1774967400082
[debug] [2026-03-31T13:32:36.630Z] [Firebase Plugin] User found:  jarpakterobos2025@gmail.com
[info] [Firebase Plugin] (Core:Project) New user detected, fetching projects
[debug] [2026-03-31T13:32:36.632Z] Checked if tokens are valid: true, expires at: 1774967400082
[debug] [2026-03-31T13:32:36.634Z] >>> [apiv2][query] GET https://firebase.googleapis.com/v1beta1/projects pageSize=1000
[debug] [2026-03-31T13:32:36.654Z] [Firebase Plugin] VSCode notification server listening on port 40001
[info] [Firebase Plugin] Starting Data Connect toolkit (version 3.3.1) on port 50001
[info] i  dataconnect: downloading dataconnect-emulator-3.3.1.exe... {"metadata":{"emulator":{"name":"dataconnect"},"message":"downloading dataconnect-emulator-3.3.1.exe..."}}
[debug] [2026-03-31T13:32:37.271Z] >>> [apiv2][query] GET https://storage.googleapis.com/firemat-preview-drop/emulator/dataconnect-emulator-windows-amd64-v3.3.1 
[debug] [2026-03-31T13:32:38.434Z] <<< [apiv2][status] GET https://storage.googleapis.com/firemat-preview-drop/emulator/dataconnect-emulator-windows-amd64-v3.3.1 200
[debug] [2026-03-31T13:32:38.434Z] <<< [apiv2][body] GET https://storage.googleapis.com/firemat-preview-drop/emulator/dataconnect-emulator-windows-amd64-v3.3.1 [stream]
[debug] [2026-03-31T13:32:38.607Z] <<< [apiv2][status] GET https://firebase.googleapis.com/v1beta1/projects 200
[debug] [2026-03-31T13:32:38.608Z] <<< [apiv2][body] GET https://firebase.googleapis.com/v1beta1/projects [omitted]
[info] i  dataconnect: Removing outdated emulator files: dataconnect-emulator-3.2.1.exe {"metadata":{"emulator":{"name":"dataconnect"},"message":"Removing outdated emulator files: dataconnect-emulator-3.2.1.exe"}}
[debug] [2026-03-31T13:32:57.490Z] 'fdc build' failed with error: Unable to build your Data Connect schema and connectors (exit code 1): E0331 20:32:57.480504   11992 cmd.go:43] Error loading data connect config: could not find dataconnect.yaml in `d:\SEVANI\dataconnect`
 {"metadata":{"emulator":{"name":"dataconnect"},"message":"'fdc build' failed with error: Unable to build your Data Connect schema and connectors (exit code 1): E0331 20:32:57.480504   11992 cmd.go:43] Error loading data connect config: could not find dataconnect.yaml in `d:\\SEVANI\\dataconnect`\n"}}
[debug] [2026-03-31T13:32:57.493Z] Ignoring unsupported arg: auto_download {"metadata":{"emulator":{"name":"dataconnect"},"message":"Ignoring unsupported arg: auto_download"}}
[debug] [2026-03-31T13:32:57.493Z] Ignoring unsupported arg: port {"metadata":{"emulator":{"name":"dataconnect"},"message":"Ignoring unsupported arg: port"}}
[debug] [2026-03-31T13:32:57.495Z] Starting Data Connect Emulator with command {"binary":"C:\\Users\\acer\\.cache\\firebase\\emulators\\dataconnect-emulator-3.3.1.exe","args":["--logtostderr","-v=2","dev","--listen=localhost:50001","--config_dir=d:\\SEVANI\\dataconnect","--enable_output_schema_extensions=true","--enable_output_generated_sdk=true"],"optionalArgs":["listen","config_dir","enable_output_schema_extensions","enable_output_generated_sdk"],"joinArgs":true,"shell":false,"port":9399} {"metadata":{"emulator":{"name":"dataconnect"},"message":"Starting Data Connect Emulator with command {\"binary\":\"C:\\\\Users\\\\acer\\\\.cache\\\\firebase\\\\emulators\\\\dataconnect-emulator-3.3.1.exe\",\"args\":[\"--logtostderr\",\"-v=2\",\"dev\",\"--listen=localhost:50001\",\"--config_dir=d:\\\\SEVANI\\\\dataconnect\",\"--enable_output_schema_extensions=true\",\"--enable_output_generated_sdk=true\"],\"optionalArgs\":[\"listen\",\"config_dir\",\"enable_output_schema_extensions\",\"enable_output_generated_sdk\"],\"joinArgs\":true,\"shell\":false,\"port\":9399}"}}
[info] i  dataconnect: Data Connect Emulator logging to dataconnect-debug.log {"metadata":{"emulator":{"name":"dataconnect"},"message":"Data Connect Emulator logging to \u001b[1mdataconnect-debug.log\u001b[22m"}}
[debug] [2026-03-31T13:32:57.597Z] E0331 20:32:57.597012   20728 dev.go:83] Failed to load initial config from "d:\\SEVANI\\dataconnect": could not find dataconnect.yaml in `d:\SEVANI\dataconnect`
 {"metadata":{"emulator":{"name":"dataconnect"},"message":"E0331 20:32:57.597012   20728 dev.go:83] Failed to load initial config from \"d:\\\\SEVANI\\\\dataconnect\": could not find dataconnect.yaml in `d:\\SEVANI\\dataconnect`\n"}}
[debug] [2026-03-31T13:32:57.598Z] E0331 20:32:57.597634   20728 watch.go:116] watchAllDir unable to walk dir `d:\SEVANI\dataconnect`: GetFileAttributesEx d:\SEVANI\dataconnect: The system cannot find the file specified.
 {"metadata":{"emulator":{"name":"dataconnect"},"message":"E0331 20:32:57.597634   20728 watch.go:116] watchAllDir unable to walk dir `d:\\SEVANI\\dataconnect`: GetFileAttributesEx d:\\SEVANI\\dataconnect: The system cannot find the file specified.\n"}}
[debug] [2026-03-31T13:32:57.613Z] I0331 20:32:57.613588   20728 dev.go:104] Listening on address (HTTP + gRPC): 127.0.0.1:50001
 {"metadata":{"emulator":{"name":"dataconnect"},"message":"I0331 20:32:57.613588   20728 dev.go:104] Listening on address (HTTP + gRPC): 127.0.0.1:50001\n"}}
[error] [Firebase Plugin] error:  {}
[debug] [2026-03-31T13:33:07.598Z] E0331 20:33:07.598594   20728 watch.go:40] Failed to load config from "d:\\SEVANI\\dataconnect": could not find dataconnect.yaml in `d:\SEVANI\dataconnect`
 {"metadata":{"emulator":{"name":"dataconnect"},"message":"E0331 20:33:07.598594   20728 watch.go:40] Failed to load config from \"d:\\\\SEVANI\\\\dataconnect\": could not find dataconnect.yaml in `d:\\SEVANI\\dataconnect`\n"}}
[debug] [2026-03-31T13:33:17.598Z] E0331 20:33:17.598320   20728 watch.go:40] Failed to load config from "d:\\SEVANI\\dataconnect": could not find dataconnect.yaml in `d:\SEVANI\dataconnect`
 {"metadata":{"emulator":{"name":"dataconnect"},"message":"E0331 20:33:17.598320   20728 watch.go:40] Failed to load config from \"d:\\\\SEVANI\\\\dataconnect\": could not find dataconnect.yaml in `d:\\SEVANI\\dataconnect`\n"}}
[debug] [2026-03-31T13:33:27.600Z] E0331 20:33:27.600192   20728 watch.go:40] Failed to load config from "d:\\SEVANI\\dataconnect": could not find dataconnect.yaml in `d:\SEVANI\dataconnect`
 {"metadata":{"emulator":{"name":"dataconnect"},"message":"E0331 20:33:27.600192   20728 watch.go:40] Failed to load config from \"d:\\\\SEVANI\\\\dataconnect\": could not find dataconnect.yaml in `d:\\SEVANI\\dataconnect`\n"}}
[debug] [2026-03-31T13:33:37.600Z] E0331 20:33:37.599933   20728 watch.go:40] Failed to load config from "d:\\SEVANI\\dataconnect": could not find dataconnect.yaml in `d:\SEVANI\dataconnect`
 {"metadata":{"emulator":{"name":"dataconnect"},"message":"E0331 20:33:37.599933   20728 watch.go:40] Failed to load config from \"d:\\\\SEVANI\\\\dataconnect\": could not find dataconnect.yaml in `d:\\SEVANI\\dataconnect`\n"}}
[debug] [2026-03-31T13:33:47.599Z] E0331 20:33:47.599262   20728 watch.go:40] Failed to load config from "d:\\SEVANI\\dataconnect": could not find dataconnect.yaml in `d:\SEVANI\dataconnect`
 {"metadata":{"emulator":{"name":"dataconnect"},"message":"E0331 20:33:47.599262   20728 watch.go:40] Failed to load config from \"d:\\\\SEVANI\\\\dataconnect\": could not find dataconnect.yaml in `d:\\SEVANI\\dataconnect`\n"}}
[debug] [2026-03-31T13:33:57.600Z] E0331 20:33:57.598926   20728 watch.go:116] watchAllDir unable to walk dir `d:\SEVANI\dataconnect`: GetFileAttributesEx d:\SEVANI\dataconnect: The system cannot find the file specified.
E0331 20:33:57.599945   20728 watch.go:40] Failed to load config from "d:\\SEVANI\\dataconnect": could not find dataconnect.yaml in `d:\SEVANI\dataconnect`
 {"metadata":{"emulator":{"name":"dataconnect"},"message":"E0331 20:33:57.598926   20728 watch.go:116] watchAllDir unable to walk dir `d:\\SEVANI\\dataconnect`: GetFileAttributesEx d:\\SEVANI\\dataconnect: The system cannot find the file specified.\nE0331 20:33:57.599945   20728 watch.go:40] Failed to load config from \"d:\\\\SEVANI\\\\dataconnect\": could not find dataconnect.yaml in `d:\\SEVANI\\dataconnect`\n"}}
[debug] [2026-03-31T13:34:07.599Z] E0331 20:34:07.599236   20728 watch.go:40] Failed to load config from "d:\\SEVANI\\dataconnect": could not find dataconnect.yaml in `d:\SEVANI\dataconnect`
 {"metadata":{"emulator":{"name":"dataconnect"},"message":"E0331 20:34:07.599236   20728 watch.go:40] Failed to load config from \"d:\\\\SEVANI\\\\dataconnect\": could not find dataconnect.yaml in `d:\\SEVANI\\dataconnect`\n"}}
[debug] [2026-03-31T13:34:17.599Z] E0331 20:34:17.599163   20728 watch.go:40] Failed to load config from "d:\\SEVANI\\dataconnect": could not find dataconnect.yaml in `d:\SEVANI\dataconnect`
 {"metadata":{"emulator":{"name":"dataconnect"},"message":"E0331 20:34:17.599163   20728 watch.go:40] Failed to load config from \"d:\\\\SEVANI\\\\dataconnect\": could not find dataconnect.yaml in `d:\\SEVANI\\dataconnect`\n"}}
[debug] [2026-03-31T13:34:27.598Z] E0331 20:34:27.598582   20728 watch.go:40] Failed to load config from "d:\\SEVANI\\dataconnect": could not find dataconnect.yaml in `d:\SEVANI\dataconnect`
 {"metadata":{"emulator":{"name":"dataconnect"},"message":"E0331 20:34:27.598582   20728 watch.go:40] Failed to load config from \"d:\\\\SEVANI\\\\dataconnect\": could not find dataconnect.yaml in `d:\\SEVANI\\dataconnect`\n"}}
[debug] [2026-03-31T13:34:37.599Z] E0331 20:34:37.598902   20728 watch.go:40] Failed to load config from "d:\\SEVANI\\dataconnect": could not find dataconnect.yaml in `d:\SEVANI\dataconnect`
 {"metadata":{"emulator":{"name":"dataconnect"},"message":"E0331 20:34:37.598902   20728 watch.go:40] Failed to load config from \"d:\\\\SEVANI\\\\dataconnect\": could not find dataconnect.yaml in `d:\\SEVANI\\dataconnect`\n"}}
[debug] [2026-03-31T13:34:47.600Z] E0331 20:34:47.599544   20728 watch.go:40] Failed to load config from "d:\\SEVANI\\dataconnect": could not find dataconnect.yaml in `d:\SEVANI\dataconnect`
 {"metadata":{"emulator":{"name":"dataconnect"},"message":"E0331 20:34:47.599544   20728 watch.go:40] Failed to load config from \"d:\\\\SEVANI\\\\dataconnect\": could not find dataconnect.yaml in `d:\\SEVANI\\dataconnect`\n"}}
[debug] [2026-03-31T13:34:57.599Z] E0331 20:34:57.598946   20728 watch.go:116] watchAllDir unable to walk dir `d:\SEVANI\dataconnect`: GetFileAttributesEx d:\SEVANI\dataconnect: The system cannot find the file specified.
E0331 20:34:57.599852   20728 watch.go:40] Failed to load config from "d:\\SEVANI\\dataconnect": could not find dataconnect.yaml in `d:\SEVANI\dataconnect`
 {"metadata":{"emulator":{"name":"dataconnect"},"message":"E0331 20:34:57.598946   20728 watch.go:116] watchAllDir unable to walk dir `d:\\SEVANI\\dataconnect`: GetFileAttributesEx d:\\SEVANI\\dataconnect: The system cannot find the file specified.\nE0331 20:34:57.599852   20728 watch.go:40] Failed to load config from \"d:\\\\SEVANI\\\\dataconnect\": could not find dataconnect.yaml in `d:\\SEVANI\\dataconnect`\n"}}
[debug] [2026-03-31T13:35:07.600Z] E0331 20:35:07.599447   20728 watch.go:40] Failed to load config from "d:\\SEVANI\\dataconnect": could not find dataconnect.yaml in `d:\SEVANI\dataconnect`
 {"metadata":{"emulator":{"name":"dataconnect"},"message":"E0331 20:35:07.599447   20728 watch.go:40] Failed to load config from \"d:\\\\SEVANI\\\\dataconnect\": could not find dataconnect.yaml in `d:\\SEVANI\\dataconnect`\n"}}
[debug] [2026-03-31T13:35:17.599Z] E0331 20:35:17.598852   20728 watch.go:40] Failed to load config from "d:\\SEVANI\\dataconnect": could not find dataconnect.yaml in `d:\SEVANI\dataconnect`
 {"metadata":{"emulator":{"name":"dataconnect"},"message":"E0331 20:35:17.598852   20728 watch.go:40] Failed to load config from \"d:\\\\SEVANI\\\\dataconnect\": could not find dataconnect.yaml in `d:\\SEVANI\\dataconnect`\n"}}
[debug] [2026-03-31T13:35:27.599Z] E0331 20:35:27.599526   20728 watch.go:40] Failed to load config from "d:\\SEVANI\\dataconnect": could not find dataconnect.yaml in `d:\SEVANI\dataconnect`
 {"metadata":{"emulator":{"name":"dataconnect"},"message":"E0331 20:35:27.599526   20728 watch.go:40] Failed to load config from \"d:\\\\SEVANI\\\\dataconnect\": could not find dataconnect.yaml in `d:\\SEVANI\\dataconnect`\n"}}
[debug] [2026-03-31T13:35:37.600Z] E0331 20:35:37.599360   20728 watch.go:40] Failed to load config from "d:\\SEVANI\\dataconnect": could not find dataconnect.yaml in `d:\SEVANI\dataconnect`
 {"metadata":{"emulator":{"name":"dataconnect"},"message":"E0331 20:35:37.599360   20728 watch.go:40] Failed to load config from \"d:\\\\SEVANI\\\\dataconnect\": could not find dataconnect.yaml in `d:\\SEVANI\\dataconnect`\n"}}
[debug] [2026-03-31T13:35:47.598Z] E0331 20:35:47.598558   20728 watch.go:40] Failed to load config from "d:\\SEVANI\\dataconnect": could not find dataconnect.yaml in `d:\SEVANI\dataconnect`
 {"metadata":{"emulator":{"name":"dataconnect"},"message":"E0331 20:35:47.598558   20728 watch.go:40] Failed to load config from \"d:\\\\SEVANI\\\\dataconnect\": could not find dataconnect.yaml in `d:\\SEVANI\\dataconnect`\n"}}
[debug] [2026-03-31T13:35:57.599Z] E0331 20:35:57.598940   20728 watch.go:116] watchAllDir unable to walk dir `d:\SEVANI\dataconnect`: GetFileAttributesEx d:\SEVANI\dataconnect: The system cannot find the file specified.
 {"metadata":{"emulator":{"name":"dataconnect"},"message":"E0331 20:35:57.598940   20728 watch.go:116] watchAllDir unable to walk dir `d:\\SEVANI\\dataconnect`: GetFileAttributesEx d:\\SEVANI\\dataconnect: The system cannot find the file specified.\n"}}
[debug] [2026-03-31T13:35:57.603Z] E0331 20:35:57.601953   20728 watch.go:40] Failed to load config from "d:\\SEVANI\\dataconnect": could not find dataconnect.yaml in `d:\SEVANI\dataconnect`
 {"metadata":{"emulator":{"name":"dataconnect"},"message":"E0331 20:35:57.601953   20728 watch.go:40] Failed to load config from \"d:\\\\SEVANI\\\\dataconnect\": could not find dataconnect.yaml in `d:\\SEVANI\\dataconnect`\n"}}
[debug] [2026-03-31T13:36:07.598Z] E0331 20:36:07.598735   20728 watch.go:40] Failed to load config from "d:\\SEVANI\\dataconnect": could not find dataconnect.yaml in `d:\SEVANI\dataconnect`
 {"metadata":{"emulator":{"name":"dataconnect"},"message":"E0331 20:36:07.598735   20728 watch.go:40] Failed to load config from \"d:\\\\SEVANI\\\\dataconnect\": could not find dataconnect.yaml in `d:\\SEVANI\\dataconnect`\n"}}
[debug] [2026-03-31T13:36:17.599Z] E0331 20:36:17.598822   20728 watch.go:40] Failed to load config from "d:\\SEVANI\\dataconnect": could not find dataconnect.yaml in `d:\SEVANI\dataconnect`
 {"metadata":{"emulator":{"name":"dataconnect"},"message":"E0331 20:36:17.598822   20728 watch.go:40] Failed to load config from \"d:\\\\SEVANI\\\\dataconnect\": could not find dataconnect.yaml in `d:\\SEVANI\\dataconnect`\n"}}
[debug] [2026-03-31T13:36:27.600Z] E0331 20:36:27.598813   20728 watch.go:40] Failed to load config from "d:\\SEVANI\\dataconnect": could not find dataconnect.yaml in `d:\SEVANI\dataconnect`
 {"metadata":{"emulator":{"name":"dataconnect"},"message":"E0331 20:36:27.598813   20728 watch.go:40] Failed to load config from \"d:\\\\SEVANI\\\\dataconnect\": could not find dataconnect.yaml in `d:\\SEVANI\\dataconnect`\n"}}
[debug] [2026-03-31T13:36:37.600Z] E0331 20:36:37.599613   20728 watch.go:40] Failed to load config from "d:\\SEVANI\\dataconnect": could not find dataconnect.yaml in `d:\SEVANI\dataconnect`
 {"metadata":{"emulator":{"name":"dataconnect"},"message":"E0331 20:36:37.599613   20728 watch.go:40] Failed to load config from \"d:\\\\SEVANI\\\\dataconnect\": could not find dataconnect.yaml in `d:\\SEVANI\\dataconnect`\n"}}
[debug] [2026-03-31T13:36:47.599Z] E0331 20:36:47.598971   20728 watch.go:40] Failed to load config from "d:\\SEVANI\\dataconnect": could not find dataconnect.yaml in `d:\SEVANI\dataconnect`
 {"metadata":{"emulator":{"name":"dataconnect"},"message":"E0331 20:36:47.598971   20728 watch.go:40] Failed to load config from \"d:\\\\SEVANI\\\\dataconnect\": could not find dataconnect.yaml in `d:\\SEVANI\\dataconnect`\n"}}
[debug] [2026-03-31T13:36:57.600Z] E0331 20:36:57.599539   20728 watch.go:116] watchAllDir unable to walk dir `d:\SEVANI\dataconnect`: GetFileAttributesEx d:\SEVANI\dataconnect: The system cannot find the file specified.
E0331 20:36:57.599539   20728 watch.go:40] Failed to load config from "d:\\SEVANI\\dataconnect": could not find dataconnect.yaml in `d:\SEVANI\dataconnect`
 {"metadata":{"emulator":{"name":"dataconnect"},"message":"E0331 20:36:57.599539   20728 watch.go:116] watchAllDir unable to walk dir `d:\\SEVANI\\dataconnect`: GetFileAttributesEx d:\\SEVANI\\dataconnect: The system cannot find the file specified.\nE0331 20:36:57.599539   20728 watch.go:40] Failed to load config from \"d:\\\\SEVANI\\\\dataconnect\": could not find dataconnect.yaml in `d:\\SEVANI\\dataconnect`\n"}}
[debug] [2026-03-31T13:37:07.599Z] E0331 20:37:07.598638   20728 watch.go:40] Failed to load config from "d:\\SEVANI\\dataconnect": could not find dataconnect.yaml in `d:\SEVANI\dataconnect`
 {"metadata":{"emulator":{"name":"dataconnect"},"message":"E0331 20:37:07.598638   20728 watch.go:40] Failed to load config from \"d:\\\\SEVANI\\\\dataconnect\": could not find dataconnect.yaml in `d:\\SEVANI\\dataconnect`\n"}}
[debug] [2026-03-31T13:37:17.600Z] E0331 20:37:17.600146   20728 watch.go:40] Failed to load config from "d:\\SEVANI\\dataconnect": could not find dataconnect.yaml in `d:\SEVANI\dataconnect`
 {"metadata":{"emulator":{"name":"dataconnect"},"message":"E0331 20:37:17.600146   20728 watch.go:40] Failed to load config from \"d:\\\\SEVANI\\\\dataconnect\": could not find dataconnect.yaml in `d:\\SEVANI\\dataconnect`\n"}}
[debug] [2026-03-31T13:37:27.599Z] E0331 20:37:27.598656   20728 watch.go:40] Failed to load config from "d:\\SEVANI\\dataconnect": could not find dataconnect.yaml in `d:\SEVANI\dataconnect`
 {"metadata":{"emulator":{"name":"dataconnect"},"message":"E0331 20:37:27.598656   20728 watch.go:40] Failed to load config from \"d:\\\\SEVANI\\\\dataconnect\": could not find dataconnect.yaml in `d:\\SEVANI\\dataconnect`\n"}}
[debug] [2026-03-31T13:37:37.599Z] E0331 20:37:37.599073   20728 watch.go:40] Failed to load config from "d:\\SEVANI\\dataconnect": could not find dataconnect.yaml in `d:\SEVANI\dataconnect`
 {"metadata":{"emulator":{"name":"dataconnect"},"message":"E0331 20:37:37.599073   20728 watch.go:40] Failed to load config from \"d:\\\\SEVANI\\\\dataconnect\": could not find dataconnect.yaml in `d:\\SEVANI\\dataconnect`\n"}}
[debug] [2026-03-31T13:37:47.600Z] E0331 20:37:47.599307   20728 watch.go:40] Failed to load config from "d:\\SEVANI\\dataconnect": could not find dataconnect.yaml in `d:\SEVANI\dataconnect`
 {"metadata":{"emulator":{"name":"dataconnect"},"message":"E0331 20:37:47.599307   20728 watch.go:40] Failed to load config from \"d:\\\\SEVANI\\\\dataconnect\": could not find dataconnect.yaml in `d:\\SEVANI\\dataconnect`\n"}}
[debug] [2026-03-31T13:37:57.599Z] E0331 20:37:57.598983   20728 watch.go:40] Failed to load config from "d:\\SEVANI\\dataconnect": could not find dataconnect.yaml in `d:\SEVANI\dataconnect`
E0331 20:37:57.598983   20728 watch.go:116] watchAllDir unable to walk dir `d:\SEVANI\dataconnect`: GetFileAttributesEx d:\SEVANI\dataconnect: The system cannot find the file specified.
 {"metadata":{"emulator":{"name":"dataconnect"},"message":"E0331 20:37:57.598983   20728 watch.go:40] Failed to load config from \"d:\\\\SEVANI\\\\dataconnect\": could not find dataconnect.yaml in `d:\\SEVANI\\dataconnect`\nE0331 20:37:57.598983   20728 watch.go:116] watchAllDir unable to walk dir `d:\\SEVANI\\dataconnect`: GetFileAttributesEx d:\\SEVANI\\dataconnect: The system cannot find the file specified.\n"}}
[debug] [2026-03-31T13:38:07.599Z] E0331 20:38:07.598817   20728 watch.go:40] Failed to load config from "d:\\SEVANI\\dataconnect": could not find dataconnect.yaml in `d:\SEVANI\dataconnect`
 {"metadata":{"emulator":{"name":"dataconnect"},"message":"E0331 20:38:07.598817   20728 watch.go:40] Failed to load config from \"d:\\\\SEVANI\\\\dataconnect\": could not find dataconnect.yaml in `d:\\SEVANI\\dataconnect`\n"}}
[debug] [2026-03-31T13:38:17.600Z] E0331 20:38:17.599286   20728 watch.go:40] Failed to load config from "d:\\SEVANI\\dataconnect": could not find dataconnect.yaml in `d:\SEVANI\dataconnect`
 {"metadata":{"emulator":{"name":"dataconnect"},"message":"E0331 20:38:17.599286   20728 watch.go:40] Failed to load config from \"d:\\\\SEVANI\\\\dataconnect\": could not find dataconnect.yaml in `d:\\SEVANI\\dataconnect`\n"}}
[debug] [2026-03-31T13:38:27.599Z] E0331 20:38:27.598754   20728 watch.go:40] Failed to load config from "d:\\SEVANI\\dataconnect": could not find dataconnect.yaml in `d:\SEVANI\dataconnect`
 {"metadata":{"emulator":{"name":"dataconnect"},"message":"E0331 20:38:27.598754   20728 watch.go:40] Failed to load config from \"d:\\\\SEVANI\\\\dataconnect\": could not find dataconnect.yaml in `d:\\SEVANI\\dataconnect`\n"}}
[debug] [2026-03-31T13:38:37.599Z] E0331 20:38:37.598984   20728 watch.go:40] Failed to load config from "d:\\SEVANI\\dataconnect": could not find dataconnect.yaml in `d:\SEVANI\dataconnect`
 {"metadata":{"emulator":{"name":"dataconnect"},"message":"E0331 20:38:37.598984   20728 watch.go:40] Failed to load config from \"d:\\\\SEVANI\\\\dataconnect\": could not find dataconnect.yaml in `d:\\SEVANI\\dataconnect`\n"}}
[debug] [2026-03-31T13:38:47.599Z] E0331 20:38:47.599323   20728 watch.go:40] Failed to load config from "d:\\SEVANI\\dataconnect": could not find dataconnect.yaml in `d:\SEVANI\dataconnect`
 {"metadata":{"emulator":{"name":"dataconnect"},"message":"E0331 20:38:47.599323   20728 watch.go:40] Failed to load config from \"d:\\\\SEVANI\\\\dataconnect\": could not find dataconnect.yaml in `d:\\SEVANI\\dataconnect`\n"}}
[debug] [2026-03-31T13:38:57.599Z] E0331 20:38:57.599129   20728 watch.go:116] watchAllDir unable to walk dir `d:\SEVANI\dataconnect`: GetFileAttributesEx d:\SEVANI\dataconnect: The system cannot find the file specified.
 {"metadata":{"emulator":{"name":"dataconnect"},"message":"E0331 20:38:57.599129   20728 watch.go:116] watchAllDir unable to walk dir `d:\\SEVANI\\dataconnect`: GetFileAttributesEx d:\\SEVANI\\dataconnect: The system cannot find the file specified.\n"}}
[debug] [2026-03-31T13:38:57.602Z] E0331 20:38:57.601143   20728 watch.go:40] Failed to load config from "d:\\SEVANI\\dataconnect": could not find dataconnect.yaml in `d:\SEVANI\dataconnect`
 {"metadata":{"emulator":{"name":"dataconnect"},"message":"E0331 20:38:57.601143   20728 watch.go:40] Failed to load config from \"d:\\\\SEVANI\\\\dataconnect\": could not find dataconnect.yaml in `d:\\SEVANI\\dataconnect`\n"}}
[debug] [2026-03-31T13:39:07.599Z] E0331 20:39:07.599041   20728 watch.go:40] Failed to load config from "d:\\SEVANI\\dataconnect": could not find dataconnect.yaml in `d:\SEVANI\dataconnect`
 {"metadata":{"emulator":{"name":"dataconnect"},"message":"E0331 20:39:07.599041   20728 watch.go:40] Failed to load config from \"d:\\\\SEVANI\\\\dataconnect\": could not find dataconnect.yaml in `d:\\SEVANI\\dataconnect`\n"}}
[debug] [2026-03-31T13:39:17.599Z] E0331 20:39:17.598929   20728 watch.go:40] Failed to load config from "d:\\SEVANI\\dataconnect": could not find dataconnect.yaml in `d:\SEVANI\dataconnect`
 {"metadata":{"emulator":{"name":"dataconnect"},"message":"E0331 20:39:17.598929   20728 watch.go:40] Failed to load config from \"d:\\\\SEVANI\\\\dataconnect\": could not find dataconnect.yaml in `d:\\SEVANI\\dataconnect`\n"}}
[debug] [2026-03-31T13:39:27.599Z] E0331 20:39:27.599206   20728 watch.go:40] Failed to load config from "d:\\SEVANI\\dataconnect": could not find dataconnect.yaml in `d:\SEVANI\dataconnect`
 {"metadata":{"emulator":{"name":"dataconnect"},"message":"E0331 20:39:27.599206   20728 watch.go:40] Failed to load config from \"d:\\\\SEVANI\\\\dataconnect\": could not find dataconnect.yaml in `d:\\SEVANI\\dataconnect`\n"}}
[debug] [2026-03-31T13:39:37.600Z] E0331 20:39:37.599793   20728 watch.go:40] Failed to load config from "d:\\SEVANI\\dataconnect": could not find dataconnect.yaml in `d:\SEVANI\dataconnect`
 {"metadata":{"emulator":{"name":"dataconnect"},"message":"E0331 20:39:37.599793   20728 watch.go:40] Failed to load config from \"d:\\\\SEVANI\\\\dataconnect\": could not find dataconnect.yaml in `d:\\SEVANI\\dataconnect`\n"}}
[debug] [2026-03-31T13:39:47.599Z] E0331 20:39:47.598711   20728 watch.go:40] Failed to load config from "d:\\SEVANI\\dataconnect": could not find dataconnect.yaml in `d:\SEVANI\dataconnect`
 {"metadata":{"emulator":{"name":"dataconnect"},"message":"E0331 20:39:47.598711   20728 watch.go:40] Failed to load config from \"d:\\\\SEVANI\\\\dataconnect\": could not find dataconnect.yaml in `d:\\SEVANI\\dataconnect`\n"}}
[debug] [2026-03-31T13:39:57.599Z] E0331 20:39:57.598553   20728 watch.go:116] watchAllDir unable to walk dir `d:\SEVANI\dataconnect`: GetFileAttributesEx d:\SEVANI\dataconnect: The system cannot find the file specified.
E0331 20:39:57.598553   20728 watch.go:40] Failed to load config from "d:\\SEVANI\\dataconnect": could not find dataconnect.yaml in `d:\SEVANI\dataconnect`
 {"metadata":{"emulator":{"name":"dataconnect"},"message":"E0331 20:39:57.598553   20728 watch.go:116] watchAllDir unable to walk dir `d:\\SEVANI\\dataconnect`: GetFileAttributesEx d:\\SEVANI\\dataconnect: The system cannot find the file specified.\nE0331 20:39:57.598553   20728 watch.go:40] Failed to load config from \"d:\\\\SEVANI\\\\dataconnect\": could not find dataconnect.yaml in `d:\\SEVANI\\dataconnect`\n"}}
[debug] [2026-03-31T13:40:07.598Z] E0331 20:40:07.598473   20728 watch.go:40] Failed to load config from "d:\\SEVANI\\dataconnect": could not find dataconnect.yaml in `d:\SEVANI\dataconnect`
 {"metadata":{"emulator":{"name":"dataconnect"},"message":"E0331 20:40:07.598473   20728 watch.go:40] Failed to load config from \"d:\\\\SEVANI\\\\dataconnect\": could not find dataconnect.yaml in `d:\\SEVANI\\dataconnect`\n"}}
[debug] [2026-03-31T13:40:17.599Z] E0331 20:40:17.598761   20728 watch.go:40] Failed to load config from "d:\\SEVANI\\dataconnect": could not find dataconnect.yaml in `d:\SEVANI\dataconnect`
 {"metadata":{"emulator":{"name":"dataconnect"},"message":"E0331 20:40:17.598761   20728 watch.go:40] Failed to load config from \"d:\\\\SEVANI\\\\dataconnect\": could not find dataconnect.yaml in `d:\\SEVANI\\dataconnect`\n"}}
[debug] [2026-03-31T13:40:27.598Z] E0331 20:40:27.598615   20728 watch.go:40] Failed to load config from "d:\\SEVANI\\dataconnect": could not find dataconnect.yaml in `d:\SEVANI\dataconnect`
 {"metadata":{"emulator":{"name":"dataconnect"},"message":"E0331 20:40:27.598615   20728 watch.go:40] Failed to load config from \"d:\\\\SEVANI\\\\dataconnect\": could not find dataconnect.yaml in `d:\\SEVANI\\dataconnect`\n"}}
[debug] [2026-03-31T13:40:37.599Z] E0331 20:40:37.599654   20728 watch.go:40] Failed to load config from "d:\\SEVANI\\dataconnect": could not find dataconnect.yaml in `d:\SEVANI\dataconnect`
 {"metadata":{"emulator":{"name":"dataconnect"},"message":"E0331 20:40:37.599654   20728 watch.go:40] Failed to load config from \"d:\\\\SEVANI\\\\dataconnect\": could not find dataconnect.yaml in `d:\\SEVANI\\dataconnect`\n"}}
[debug] [2026-03-31T13:40:47.599Z] E0331 20:40:47.599012   20728 watch.go:40] Failed to load config from "d:\\SEVANI\\dataconnect": could not find dataconnect.yaml in `d:\SEVANI\dataconnect`
 {"metadata":{"emulator":{"name":"dataconnect"},"message":"E0331 20:40:47.599012   20728 watch.go:40] Failed to load config from \"d:\\\\SEVANI\\\\dataconnect\": could not find dataconnect.yaml in `d:\\SEVANI\\dataconnect`\n"}}
[debug] [2026-03-31T13:40:57.599Z] E0331 20:40:57.599235   20728 watch.go:116] watchAllDir unable to walk dir `d:\SEVANI\dataconnect`: GetFileAttributesEx d:\SEVANI\dataconnect: The system cannot find the file specified.
E0331 20:40:57.599235   20728 watch.go:40] Failed to load config from "d:\\SEVANI\\dataconnect": could not find dataconnect.yaml in `d:\SEVANI\dataconnect`
 {"metadata":{"emulator":{"name":"dataconnect"},"message":"E0331 20:40:57.599235   20728 watch.go:116] watchAllDir unable to walk dir `d:\\SEVANI\\dataconnect`: GetFileAttributesEx d:\\SEVANI\\dataconnect: The system cannot find the file specified.\nE0331 20:40:57.599235   20728 watch.go:40] Failed to load config from \"d:\\\\SEVANI\\\\dataconnect\": could not find dataconnect.yaml in `d:\\SEVANI\\dataconnect`\n"}}
[debug] [2026-03-31T13:41:07.598Z] E0331 20:41:07.598654   20728 watch.go:40] Failed to load config from "d:\\SEVANI\\dataconnect": could not find dataconnect.yaml in `d:\SEVANI\dataconnect`
 {"metadata":{"emulator":{"name":"dataconnect"},"message":"E0331 20:41:07.598654   20728 watch.go:40] Failed to load config from \"d:\\\\SEVANI\\\\dataconnect\": could not find dataconnect.yaml in `d:\\SEVANI\\dataconnect`\n"}}
[debug] [2026-03-31T13:41:17.599Z] E0331 20:41:17.599133   20728 watch.go:40] Failed to load config from "d:\\SEVANI\\dataconnect": could not find dataconnect.yaml in `d:\SEVANI\dataconnect`
 {"metadata":{"emulator":{"name":"dataconnect"},"message":"E0331 20:41:17.599133   20728 watch.go:40] Failed to load config from \"d:\\\\SEVANI\\\\dataconnect\": could not find dataconnect.yaml in `d:\\SEVANI\\dataconnect`\n"}}
[debug] [2026-03-31T13:41:27.606Z] E0331 20:41:27.599627   20728 watch.go:40] Failed to load config from "d:\\SEVANI\\dataconnect": could not find dataconnect.yaml in `d:\SEVANI\dataconnect`
 {"metadata":{"emulator":{"name":"dataconnect"},"message":"E0331 20:41:27.599627   20728 watch.go:40] Failed to load config from \"d:\\\\SEVANI\\\\dataconnect\": could not find dataconnect.yaml in `d:\\SEVANI\\dataconnect`\n"}}
[debug] [2026-03-31T13:41:37.599Z] E0331 20:41:37.598630   20728 watch.go:40] Failed to load config from "d:\\SEVANI\\dataconnect": could not find dataconnect.yaml in `d:\SEVANI\dataconnect`
 {"metadata":{"emulator":{"name":"dataconnect"},"message":"E0331 20:41:37.598630   20728 watch.go:40] Failed to load config from \"d:\\\\SEVANI\\\\dataconnect\": could not find dataconnect.yaml in `d:\\SEVANI\\dataconnect`\n"}}
[debug] [2026-03-31T13:41:47.600Z] E0331 20:41:47.598928   20728 watch.go:40] Failed to load config from "d:\\SEVANI\\dataconnect": could not find dataconnect.yaml in `d:\SEVANI\dataconnect`
 {"metadata":{"emulator":{"name":"dataconnect"},"message":"E0331 20:41:47.598928   20728 watch.go:40] Failed to load config from \"d:\\\\SEVANI\\\\dataconnect\": could not find dataconnect.yaml in `d:\\SEVANI\\dataconnect`\n"}}
[debug] [2026-03-31T13:41:57.599Z] E0331 20:41:57.599082   20728 watch.go:116] watchAllDir unable to walk dir `d:\SEVANI\dataconnect`: GetFileAttributesEx d:\SEVANI\dataconnect: The system cannot find the file specified.
E0331 20:41:57.599082   20728 watch.go:40] Failed to load config from "d:\\SEVANI\\dataconnect": could not find dataconnect.yaml in `d:\SEVANI\dataconnect`
 {"metadata":{"emulator":{"name":"dataconnect"},"message":"E0331 20:41:57.599082   20728 watch.go:116] watchAllDir unable to walk dir `d:\\SEVANI\\dataconnect`: GetFileAttributesEx d:\\SEVANI\\dataconnect: The system cannot find the file specified.\nE0331 20:41:57.599082   20728 watch.go:40] Failed to load config from \"d:\\\\SEVANI\\\\dataconnect\": could not find dataconnect.yaml in `d:\\SEVANI\\dataconnect`\n"}}
[debug] [2026-03-31T13:42:07.599Z] E0331 20:42:07.599005   20728 watch.go:40] Failed to load config from "d:\\SEVANI\\dataconnect": could not find dataconnect.yaml in `d:\SEVANI\dataconnect`
 {"metadata":{"emulator":{"name":"dataconnect"},"message":"E0331 20:42:07.599005   20728 watch.go:40] Failed to load config from \"d:\\\\SEVANI\\\\dataconnect\": could not find dataconnect.yaml in `d:\\SEVANI\\dataconnect`\n"}}
[debug] [2026-03-31T13:42:17.599Z] E0331 20:42:17.598997   20728 watch.go:40] Failed to load config from "d:\\SEVANI\\dataconnect": could not find dataconnect.yaml in `d:\SEVANI\dataconnect`
 {"metadata":{"emulator":{"name":"dataconnect"},"message":"E0331 20:42:17.598997   20728 watch.go:40] Failed to load config from \"d:\\\\SEVANI\\\\dataconnect\": could not find dataconnect.yaml in `d:\\SEVANI\\dataconnect`\n"}}
[debug] [2026-03-31T13:42:27.600Z] E0331 20:42:27.599526   20728 watch.go:40] Failed to load config from "d:\\SEVANI\\dataconnect": could not find dataconnect.yaml in `d:\SEVANI\dataconnect`
 {"metadata":{"emulator":{"name":"dataconnect"},"message":"E0331 20:42:27.599526   20728 watch.go:40] Failed to load config from \"d:\\\\SEVANI\\\\dataconnect\": could not find dataconnect.yaml in `d:\\SEVANI\\dataconnect`\n"}}
[debug] [2026-03-31T13:42:37.598Z] E0331 20:42:37.598767   20728 watch.go:40] Failed to load config from "d:\\SEVANI\\dataconnect": could not find dataconnect.yaml in `d:\SEVANI\dataconnect`
 {"metadata":{"emulator":{"name":"dataconnect"},"message":"E0331 20:42:37.598767   20728 watch.go:40] Failed to load config from \"d:\\\\SEVANI\\\\dataconnect\": could not find dataconnect.yaml in `d:\\SEVANI\\dataconnect`\n"}}
[debug] [2026-03-31T13:42:47.599Z] E0331 20:42:47.598731   20728 watch.go:40] Failed to load config from "d:\\SEVANI\\dataconnect": could not find dataconnect.yaml in `d:\SEVANI\dataconnect`
 {"metadata":{"emulator":{"name":"dataconnect"},"message":"E0331 20:42:47.598731   20728 watch.go:40] Failed to load config from \"d:\\\\SEVANI\\\\dataconnect\": could not find dataconnect.yaml in `d:\\SEVANI\\dataconnect`\n"}}
[debug] [2026-03-31T13:42:57.599Z] E0331 20:42:57.598580   20728 watch.go:116] watchAllDir unable to walk dir `d:\SEVANI\dataconnect`: GetFileAttributesEx d:\SEVANI\dataconnect: The system cannot find the file specified.
E0331 20:42:57.598580   20728 watch.go:40] Failed to load config from "d:\\SEVANI\\dataconnect": could not find dataconnect.yaml in `d:\SEVANI\dataconnect`
 {"metadata":{"emulator":{"name":"dataconnect"},"message":"E0331 20:42:57.598580   20728 watch.go:116] watchAllDir unable to walk dir `d:\\SEVANI\\dataconnect`: GetFileAttributesEx d:\\SEVANI\\dataconnect: The system cannot find the file specified.\nE0331 20:42:57.598580   20728 watch.go:40] Failed to load config from \"d:\\\\SEVANI\\\\dataconnect\": could not find dataconnect.yaml in `d:\\SEVANI\\dataconnect`\n"}}
[debug] [2026-03-31T13:43:07.599Z] E0331 20:43:07.599759   20728 watch.go:40] Failed to load config from "d:\\SEVANI\\dataconnect": could not find dataconnect.yaml in `d:\SEVANI\dataconnect`
 {"metadata":{"emulator":{"name":"dataconnect"},"message":"E0331 20:43:07.599759   20728 watch.go:40] Failed to load config from \"d:\\\\SEVANI\\\\dataconnect\": could not find dataconnect.yaml in `d:\\SEVANI\\dataconnect`\n"}}
[debug] [2026-03-31T13:43:17.599Z] E0331 20:43:17.598717   20728 watch.go:40] Failed to load config from "d:\\SEVANI\\dataconnect": could not find dataconnect.yaml in `d:\SEVANI\dataconnect`
 {"metadata":{"emulator":{"name":"dataconnect"},"message":"E0331 20:43:17.598717   20728 watch.go:40] Failed to load config from \"d:\\\\SEVANI\\\\dataconnect\": could not find dataconnect.yaml in `d:\\SEVANI\\dataconnect`\n"}}
[debug] [2026-03-31T13:43:27.600Z] E0331 20:43:27.599988   20728 watch.go:40] Failed to load config from "d:\\SEVANI\\dataconnect": could not find dataconnect.yaml in `d:\SEVANI\dataconnect`
 {"metadata":{"emulator":{"name":"dataconnect"},"message":"E0331 20:43:27.599988   20728 watch.go:40] Failed to load config from \"d:\\\\SEVANI\\\\dataconnect\": could not find dataconnect.yaml in `d:\\SEVANI\\dataconnect`\n"}}
[debug] [2026-03-31T13:43:37.600Z] E0331 20:43:37.600103   20728 watch.go:40] Failed to load config from "d:\\SEVANI\\dataconnect": could not find dataconnect.yaml in `d:\SEVANI\dataconnect`
 {"metadata":{"emulator":{"name":"dataconnect"},"message":"E0331 20:43:37.600103   20728 watch.go:40] Failed to load config from \"d:\\\\SEVANI\\\\dataconnect\": could not find dataconnect.yaml in `d:\\SEVANI\\dataconnect`\n"}}
[debug] [2026-03-31T13:43:47.599Z] E0331 20:43:47.599495   20728 watch.go:40] Failed to load config from "d:\\SEVANI\\dataconnect": could not find dataconnect.yaml in `d:\SEVANI\dataconnect`
 {"metadata":{"emulator":{"name":"dataconnect"},"message":"E0331 20:43:47.599495   20728 watch.go:40] Failed to load config from \"d:\\\\SEVANI\\\\dataconnect\": could not find dataconnect.yaml in `d:\\SEVANI\\dataconnect`\n"}}
[debug] [2026-03-31T13:43:57.599Z] E0331 20:43:57.599119   20728 watch.go:116] watchAllDir unable to walk dir `d:\SEVANI\dataconnect`: GetFileAttributesEx d:\SEVANI\dataconnect: The system cannot find the file specified.
E0331 20:43:57.599119   20728 watch.go:40] Failed to load config from "d:\\SEVANI\\dataconnect": could not find dataconnect.yaml in `d:\SEVANI\dataconnect`
 {"metadata":{"emulator":{"name":"dataconnect"},"message":"E0331 20:43:57.599119   20728 watch.go:116] watchAllDir unable to walk dir `d:\\SEVANI\\dataconnect`: GetFileAttributesEx d:\\SEVANI\\dataconnect: The system cannot find the file specified.\nE0331 20:43:57.599119   20728 watch.go:40] Failed to load config from \"d:\\\\SEVANI\\\\dataconnect\": could not find dataconnect.yaml in `d:\\SEVANI\\dataconnect`\n"}}
[debug] [2026-03-31T13:44:07.599Z] E0331 20:44:07.599105   20728 watch.go:40] Failed to load config from "d:\\SEVANI\\dataconnect": could not find dataconnect.yaml in `d:\SEVANI\dataconnect`
 {"metadata":{"emulator":{"name":"dataconnect"},"message":"E0331 20:44:07.599105   20728 watch.go:40] Failed to load config from \"d:\\\\SEVANI\\\\dataconnect\": could not find dataconnect.yaml in `d:\\SEVANI\\dataconnect`\n"}}
[debug] [2026-03-31T13:44:17.599Z] E0331 20:44:17.599628   20728 watch.go:40] Failed to load config from "d:\\SEVANI\\dataconnect": could not find dataconnect.yaml in `d:\SEVANI\dataconnect`
 {"metadata":{"emulator":{"name":"dataconnect"},"message":"E0331 20:44:17.599628   20728 watch.go:40] Failed to load config from \"d:\\\\SEVANI\\\\dataconnect\": could not find dataconnect.yaml in `d:\\SEVANI\\dataconnect`\n"}}
[debug] [2026-03-31T13:44:27.599Z] E0331 20:44:27.599105   20728 watch.go:40] Failed to load config from "d:\\SEVANI\\dataconnect": could not find dataconnect.yaml in `d:\SEVANI\dataconnect`
 {"metadata":{"emulator":{"name":"dataconnect"},"message":"E0331 20:44:27.599105   20728 watch.go:40] Failed to load config from \"d:\\\\SEVANI\\\\dataconnect\": could not find dataconnect.yaml in `d:\\SEVANI\\dataconnect`\n"}}
[debug] [2026-03-31T13:44:37.599Z] E0331 20:44:37.599028   20728 watch.go:40] Failed to load config from "d:\\SEVANI\\dataconnect": could not find dataconnect.yaml in `d:\SEVANI\dataconnect`
 {"metadata":{"emulator":{"name":"dataconnect"},"message":"E0331 20:44:37.599028   20728 watch.go:40] Failed to load config from \"d:\\\\SEVANI\\\\dataconnect\": could not find dataconnect.yaml in `d:\\SEVANI\\dataconnect`\n"}}
[debug] [2026-03-31T13:44:47.614Z] E0331 20:44:47.614492   20728 watch.go:40] Failed to load config from "d:\\SEVANI\\dataconnect": could not find dataconnect.yaml in `d:\SEVANI\dataconnect`
 {"metadata":{"emulator":{"name":"dataconnect"},"message":"E0331 20:44:47.614492   20728 watch.go:40] Failed to load config from \"d:\\\\SEVANI\\\\dataconnect\": could not find dataconnect.yaml in `d:\\SEVANI\\dataconnect`\n"}}
[debug] [2026-03-31T13:44:57.598Z] E0331 20:44:57.598890   20728 watch.go:116] watchAllDir unable to walk dir `d:\SEVANI\dataconnect`: GetFileAttributesEx d:\SEVANI\dataconnect: The system cannot find the file specified.
 {"metadata":{"emulator":{"name":"dataconnect"},"message":"E0331 20:44:57.598890   20728 watch.go:116] watchAllDir unable to walk dir `d:\\SEVANI\\dataconnect`: GetFileAttributesEx d:\\SEVANI\\dataconnect: The system cannot find the file specified.\n"}}
[debug] [2026-03-31T13:44:57.601Z] E0331 20:44:57.599651   20728 watch.go:40] Failed to load config from "d:\\SEVANI\\dataconnect": could not find dataconnect.yaml in `d:\SEVANI\dataconnect`
 {"metadata":{"emulator":{"name":"dataconnect"},"message":"E0331 20:44:57.599651   20728 watch.go:40] Failed to load config from \"d:\\\\SEVANI\\\\dataconnect\": could not find dataconnect.yaml in `d:\\SEVANI\\dataconnect`\n"}}
[debug] [2026-03-31T13:45:07.599Z] E0331 20:45:07.600342   20728 watch.go:40] Failed to load config from "d:\\SEVANI\\dataconnect": could not find dataconnect.yaml in `d:\SEVANI\dataconnect`
 {"metadata":{"emulator":{"name":"dataconnect"},"message":"E0331 20:45:07.600342   20728 watch.go:40] Failed to load config from \"d:\\\\SEVANI\\\\dataconnect\": could not find dataconnect.yaml in `d:\\SEVANI\\dataconnect`\n"}}
[debug] [2026-03-31T13:45:17.600Z] E0331 20:45:17.599709   20728 watch.go:40] Failed to load config from "d:\\SEVANI\\dataconnect": could not find dataconnect.yaml in `d:\SEVANI\dataconnect`
 {"metadata":{"emulator":{"name":"dataconnect"},"message":"E0331 20:45:17.599709   20728 watch.go:40] Failed to load config from \"d:\\\\SEVANI\\\\dataconnect\": could not find dataconnect.yaml in `d:\\SEVANI\\dataconnect`\n"}}
[debug] [2026-03-31T13:45:27.599Z] E0331 20:45:27.599189   20728 watch.go:40] Failed to load config from "d:\\SEVANI\\dataconnect": could not find dataconnect.yaml in `d:\SEVANI\dataconnect`
 {"metadata":{"emulator":{"name":"dataconnect"},"message":"E0331 20:45:27.599189   20728 watch.go:40] Failed to load config from \"d:\\\\SEVANI\\\\dataconnect\": could not find dataconnect.yaml in `d:\\SEVANI\\dataconnect`\n"}}
[debug] [2026-03-31T13:45:37.598Z] E0331 20:45:37.598790   20728 watch.go:40] Failed to load config from "d:\\SEVANI\\dataconnect": could not find dataconnect.yaml in `d:\SEVANI\dataconnect`
 {"metadata":{"emulator":{"name":"dataconnect"},"message":"E0331 20:45:37.598790   20728 watch.go:40] Failed to load config from \"d:\\\\SEVANI\\\\dataconnect\": could not find dataconnect.yaml in `d:\\SEVANI\\dataconnect`\n"}}
[debug] [2026-03-31T13:45:47.598Z] E0331 20:45:47.599228   20728 watch.go:40] Failed to load config from "d:\\SEVANI\\dataconnect": could not find dataconnect.yaml in `d:\SEVANI\dataconnect`
 {"metadata":{"emulator":{"name":"dataconnect"},"message":"E0331 20:45:47.599228   20728 watch.go:40] Failed to load config from \"d:\\\\SEVANI\\\\dataconnect\": could not find dataconnect.yaml in `d:\\SEVANI\\dataconnect`\n"}}
[debug] [2026-03-31T13:45:57.599Z] E0331 20:45:57.598807   20728 watch.go:116] watchAllDir unable to walk dir `d:\SEVANI\dataconnect`: GetFileAttributesEx d:\SEVANI\dataconnect: The system cannot find the file specified.
E0331 20:45:57.599316   20728 watch.go:40] Failed to load config from "d:\\SEVANI\\dataconnect": could not find dataconnect.yaml in `d:\SEVANI\dataconnect`
 {"metadata":{"emulator":{"name":"dataconnect"},"message":"E0331 20:45:57.598807   20728 watch.go:116] watchAllDir unable to walk dir `d:\\SEVANI\\dataconnect`: GetFileAttributesEx d:\\SEVANI\\dataconnect: The system cannot find the file specified.\nE0331 20:45:57.599316   20728 watch.go:40] Failed to load config from \"d:\\\\SEVANI\\\\dataconnect\": could not find dataconnect.yaml in `d:\\SEVANI\\dataconnect`\n"}}
[debug] [2026-03-31T13:46:07.598Z] E0331 20:46:07.598825   20728 watch.go:40] Failed to load config from "d:\\SEVANI\\dataconnect": could not find dataconnect.yaml in `d:\SEVANI\dataconnect`
 {"metadata":{"emulator":{"name":"dataconnect"},"message":"E0331 20:46:07.598825   20728 watch.go:40] Failed to load config from \"d:\\\\SEVANI\\\\dataconnect\": could not find dataconnect.yaml in `d:\\SEVANI\\dataconnect`\n"}}
[debug] [2026-03-31T13:46:17.599Z] E0331 20:46:17.598675   20728 watch.go:40] Failed to load config from "d:\\SEVANI\\dataconnect": could not find dataconnect.yaml in `d:\SEVANI\dataconnect`
 {"metadata":{"emulator":{"name":"dataconnect"},"message":"E0331 20:46:17.598675   20728 watch.go:40] Failed to load config from \"d:\\\\SEVANI\\\\dataconnect\": could not find dataconnect.yaml in `d:\\SEVANI\\dataconnect`\n"}}
[debug] [2026-03-31T13:46:27.600Z] E0331 20:46:27.599637   20728 watch.go:40] Failed to load config from "d:\\SEVANI\\dataconnect": could not find dataconnect.yaml in `d:\SEVANI\dataconnect`
 {"metadata":{"emulator":{"name":"dataconnect"},"message":"E0331 20:46:27.599637   20728 watch.go:40] Failed to load config from \"d:\\\\SEVANI\\\\dataconnect\": could not find dataconnect.yaml in `d:\\SEVANI\\dataconnect`\n"}}
[debug] [2026-03-31T13:46:37.598Z] E0331 20:46:37.598541   20728 watch.go:40] Failed to load config from "d:\\SEVANI\\dataconnect": could not find dataconnect.yaml in `d:\SEVANI\dataconnect`
 {"metadata":{"emulator":{"name":"dataconnect"},"message":"E0331 20:46:37.598541   20728 watch.go:40] Failed to load config from \"d:\\\\SEVANI\\\\dataconnect\": could not find dataconnect.yaml in `d:\\SEVANI\\dataconnect`\n"}}
[debug] [2026-03-31T13:46:47.599Z] E0331 20:46:47.599218   20728 watch.go:40] Failed to load config from "d:\\SEVANI\\dataconnect": could not find dataconnect.yaml in `d:\SEVANI\dataconnect`
 {"metadata":{"emulator":{"name":"dataconnect"},"message":"E0331 20:46:47.599218   20728 watch.go:40] Failed to load config from \"d:\\\\SEVANI\\\\dataconnect\": could not find dataconnect.yaml in `d:\\SEVANI\\dataconnect`\n"}}
[debug] [2026-03-31T13:46:57.599Z] E0331 20:46:57.599035   20728 watch.go:116] watchAllDir unable to walk dir `d:\SEVANI\dataconnect`: GetFileAttributesEx d:\SEVANI\dataconnect: The system cannot find the file specified.
E0331 20:46:57.599035   20728 watch.go:40] Failed to load config from "d:\\SEVANI\\dataconnect": could not find dataconnect.yaml in `d:\SEVANI\dataconnect`
 {"metadata":{"emulator":{"name":"dataconnect"},"message":"E0331 20:46:57.599035   20728 watch.go:116] watchAllDir unable to walk dir `d:\\SEVANI\\dataconnect`: GetFileAttributesEx d:\\SEVANI\\dataconnect: The system cannot find the file specified.\nE0331 20:46:57.599035   20728 watch.go:40] Failed to load config from \"d:\\\\SEVANI\\\\dataconnect\": could not find dataconnect.yaml in `d:\\SEVANI\\dataconnect`\n"}}
[debug] [2026-03-31T13:47:07.599Z] E0331 20:47:07.598720   20728 watch.go:40] Failed to load config from "d:\\SEVANI\\dataconnect": could not find dataconnect.yaml in `d:\SEVANI\dataconnect`
 {"metadata":{"emulator":{"name":"dataconnect"},"message":"E0331 20:47:07.598720   20728 watch.go:40] Failed to load config from \"d:\\\\SEVANI\\\\dataconnect\": could not find dataconnect.yaml in `d:\\SEVANI\\dataconnect`\n"}}
[debug] [2026-03-31T13:47:17.625Z] E0331 20:47:17.598766   20728 watch.go:40] Failed to load config from "d:\\SEVANI\\dataconnect": could not find dataconnect.yaml in `d:\SEVANI\dataconnect`
 {"metadata":{"emulator":{"name":"dataconnect"},"message":"E0331 20:47:17.598766   20728 watch.go:40] Failed to load config from \"d:\\\\SEVANI\\\\dataconnect\": could not find dataconnect.yaml in `d:\\SEVANI\\dataconnect`\n"}}
[debug] [2026-03-31T13:47:27.599Z] E0331 20:47:27.598818   20728 watch.go:40] Failed to load config from "d:\\SEVANI\\dataconnect": could not find dataconnect.yaml in `d:\SEVANI\dataconnect`
 {"metadata":{"emulator":{"name":"dataconnect"},"message":"E0331 20:47:27.598818   20728 watch.go:40] Failed to load config from \"d:\\\\SEVANI\\\\dataconnect\": could not find dataconnect.yaml in `d:\\SEVANI\\dataconnect`\n"}}
[debug] [2026-03-31T13:47:37.599Z] E0331 20:47:37.598551   20728 watch.go:40] Failed to load config from "d:\\SEVANI\\dataconnect": could not find dataconnect.yaml in `d:\SEVANI\dataconnect`
 {"metadata":{"emulator":{"name":"dataconnect"},"message":"E0331 20:47:37.598551   20728 watch.go:40] Failed to load config from \"d:\\\\SEVANI\\\\dataconnect\": could not find dataconnect.yaml in `d:\\SEVANI\\dataconnect`\n"}}
[debug] [2026-03-31T13:47:47.599Z] E0331 20:47:47.598705   20728 watch.go:40] Failed to load config from "d:\\SEVANI\\dataconnect": could not find dataconnect.yaml in `d:\SEVANI\dataconnect`
 {"metadata":{"emulator":{"name":"dataconnect"},"message":"E0331 20:47:47.598705   20728 watch.go:40] Failed to load config from \"d:\\\\SEVANI\\\\dataconnect\": could not find dataconnect.yaml in `d:\\SEVANI\\dataconnect`\n"}}
[debug] [2026-03-31T13:47:57.598Z] E0331 20:47:57.598538   20728 watch.go:116] watchAllDir unable to walk dir `d:\SEVANI\dataconnect`: GetFileAttributesEx d:\SEVANI\dataconnect: The system cannot find the file specified.
E0331 20:47:57.598538   20728 watch.go:40] Failed to load config from "d:\\SEVANI\\dataconnect": could not find dataconnect.yaml in `d:\SEVANI\dataconnect`
 {"metadata":{"emulator":{"name":"dataconnect"},"message":"E0331 20:47:57.598538   20728 watch.go:116] watchAllDir unable to walk dir `d:\\SEVANI\\dataconnect`: GetFileAttributesEx d:\\SEVANI\\dataconnect: The system cannot find the file specified.\nE0331 20:47:57.598538   20728 watch.go:40] Failed to load config from \"d:\\\\SEVANI\\\\dataconnect\": could not find dataconnect.yaml in `d:\\SEVANI\\dataconnect`\n"}}
[debug] [2026-03-31T13:48:07.599Z] E0331 20:48:07.598743   20728 watch.go:40] Failed to load config from "d:\\SEVANI\\dataconnect": could not find dataconnect.yaml in `d:\SEVANI\dataconnect`
 {"metadata":{"emulator":{"name":"dataconnect"},"message":"E0331 20:48:07.598743   20728 watch.go:40] Failed to load config from \"d:\\\\SEVANI\\\\dataconnect\": could not find dataconnect.yaml in `d:\\SEVANI\\dataconnect`\n"}}
[debug] [2026-03-31T13:48:17.599Z] E0331 20:48:17.599255   20728 watch.go:40] Failed to load config from "d:\\SEVANI\\dataconnect": could not find dataconnect.yaml in `d:\SEVANI\dataconnect`
 {"metadata":{"emulator":{"name":"dataconnect"},"message":"E0331 20:48:17.599255   20728 watch.go:40] Failed to load config from \"d:\\\\SEVANI\\\\dataconnect\": could not find dataconnect.yaml in `d:\\SEVANI\\dataconnect`\n"}}
[debug] [2026-03-31T13:48:27.599Z] E0331 20:48:27.598937   20728 watch.go:40] Failed to load config from "d:\\SEVANI\\dataconnect": could not find dataconnect.yaml in `d:\SEVANI\dataconnect`
 {"metadata":{"emulator":{"name":"dataconnect"},"message":"E0331 20:48:27.598937   20728 watch.go:40] Failed to load config from \"d:\\\\SEVANI\\\\dataconnect\": could not find dataconnect.yaml in `d:\\SEVANI\\dataconnect`\n"}}
[debug] [2026-03-31T13:48:37.640Z] E0331 20:48:37.598608   20728 watch.go:40] Failed to load config from "d:\\SEVANI\\dataconnect": could not find dataconnect.yaml in `d:\SEVANI\dataconnect`
 {"metadata":{"emulator":{"name":"dataconnect"},"message":"E0331 20:48:37.598608   20728 watch.go:40] Failed to load config from \"d:\\\\SEVANI\\\\dataconnect\": could not find dataconnect.yaml in `d:\\SEVANI\\dataconnect`\n"}}
[debug] [2026-03-31T13:48:47.600Z] E0331 20:48:47.599035   20728 watch.go:40] Failed to load config from "d:\\SEVANI\\dataconnect": could not find dataconnect.yaml in `d:\SEVANI\dataconnect`
 {"metadata":{"emulator":{"name":"dataconnect"},"message":"E0331 20:48:47.599035   20728 watch.go:40] Failed to load config from \"d:\\\\SEVANI\\\\dataconnect\": could not find dataconnect.yaml in `d:\\SEVANI\\dataconnect`\n"}}
[debug] [2026-03-31T13:48:57.603Z] E0331 20:48:57.601913   20728 watch.go:116] watchAllDir unable to walk dir `d:\SEVANI\dataconnect`: GetFileAttributesEx d:\SEVANI\dataconnect: The system cannot find the file specified.
 {"metadata":{"emulator":{"name":"dataconnect"},"message":"E0331 20:48:57.601913   20728 watch.go:116] watchAllDir unable to walk dir `d:\\SEVANI\\dataconnect`: GetFileAttributesEx d:\\SEVANI\\dataconnect: The system cannot find the file specified.\n"}}
[debug] [2026-03-31T13:48:57.606Z] E0331 20:48:57.603914   20728 watch.go:40] Failed to load config from "d:\\SEVANI\\dataconnect": could not find dataconnect.yaml in `d:\SEVANI\dataconnect`
 {"metadata":{"emulator":{"name":"dataconnect"},"message":"E0331 20:48:57.603914   20728 watch.go:40] Failed to load config from \"d:\\\\SEVANI\\\\dataconnect\": could not find dataconnect.yaml in `d:\\SEVANI\\dataconnect`\n"}}
[debug] [2026-03-31T13:49:07.599Z] E0331 20:49:07.598721   20728 watch.go:40] Failed to load config from "d:\\SEVANI\\dataconnect": could not find dataconnect.yaml in `d:\SEVANI\dataconnect`
 {"metadata":{"emulator":{"name":"dataconnect"},"message":"E0331 20:49:07.598721   20728 watch.go:40] Failed to load config from \"d:\\\\SEVANI\\\\dataconnect\": could not find dataconnect.yaml in `d:\\SEVANI\\dataconnect`\n"}}
[debug] [2026-03-31T13:49:17.665Z] E0331 20:49:17.599099   20728 watch.go:40] Failed to load config from "d:\\SEVANI\\dataconnect": could not find dataconnect.yaml in `d:\SEVANI\dataconnect`
 {"metadata":{"emulator":{"name":"dataconnect"},"message":"E0331 20:49:17.599099   20728 watch.go:40] Failed to load config from \"d:\\\\SEVANI\\\\dataconnect\": could not find dataconnect.yaml in `d:\\SEVANI\\dataconnect`\n"}}
[debug] [2026-03-31T13:49:27.599Z] E0331 20:49:27.598775   20728 watch.go:40] Failed to load config from "d:\\SEVANI\\dataconnect": could not find dataconnect.yaml in `d:\SEVANI\dataconnect`
 {"metadata":{"emulator":{"name":"dataconnect"},"message":"E0331 20:49:27.598775   20728 watch.go:40] Failed to load config from \"d:\\\\SEVANI\\\\dataconnect\": could not find dataconnect.yaml in `d:\\SEVANI\\dataconnect`\n"}}
[debug] [2026-03-31T13:49:37.599Z] E0331 20:49:37.599118   20728 watch.go:40] Failed to load config from "d:\\SEVANI\\dataconnect": could not find dataconnect.yaml in `d:\SEVANI\dataconnect`
 {"metadata":{"emulator":{"name":"dataconnect"},"message":"E0331 20:49:37.599118   20728 watch.go:40] Failed to load config from \"d:\\\\SEVANI\\\\dataconnect\": could not find dataconnect.yaml in `d:\\SEVANI\\dataconnect`\n"}}
[debug] [2026-03-31T13:49:47.598Z] E0331 20:49:47.598696   20728 watch.go:40] Failed to load config from "d:\\SEVANI\\dataconnect": could not find dataconnect.yaml in `d:\SEVANI\dataconnect`
 {"metadata":{"emulator":{"name":"dataconnect"},"message":"E0331 20:49:47.598696   20728 watch.go:40] Failed to load config from \"d:\\\\SEVANI\\\\dataconnect\": could not find dataconnect.yaml in `d:\\SEVANI\\dataconnect`\n"}}
[debug] [2026-03-31T13:49:57.598Z] E0331 20:49:57.598467   20728 watch.go:116] watchAllDir unable to walk dir `d:\SEVANI\dataconnect`: GetFileAttributesEx d:\SEVANI\dataconnect: The system cannot find the file specified.
 {"metadata":{"emulator":{"name":"dataconnect"},"message":"E0331 20:49:57.598467   20728 watch.go:116] watchAllDir unable to walk dir `d:\\SEVANI\\dataconnect`: GetFileAttributesEx d:\\SEVANI\\dataconnect: The system cannot find the file specified.\n"}}
[debug] [2026-03-31T13:49:57.601Z] E0331 20:49:57.600908   20728 watch.go:40] Failed to load config from "d:\\SEVANI\\dataconnect": could not find dataconnect.yaml in `d:\SEVANI\dataconnect`
 {"metadata":{"emulator":{"name":"dataconnect"},"message":"E0331 20:49:57.600908   20728 watch.go:40] Failed to load config from \"d:\\\\SEVANI\\\\dataconnect\": could not find dataconnect.yaml in `d:\\SEVANI\\dataconnect`\n"}}
[debug] [2026-03-31T13:50:07.599Z] E0331 20:50:07.600179   20728 watch.go:40] Failed to load config from "d:\\SEVANI\\dataconnect": could not find dataconnect.yaml in `d:\SEVANI\dataconnect`
 {"metadata":{"emulator":{"name":"dataconnect"},"message":"E0331 20:50:07.600179   20728 watch.go:40] Failed to load config from \"d:\\\\SEVANI\\\\dataconnect\": could not find dataconnect.yaml in `d:\\SEVANI\\dataconnect`\n"}}
[debug] [2026-03-31T13:50:17.599Z] E0331 20:50:17.599820   20728 watch.go:40] Failed to load config from "d:\\SEVANI\\dataconnect": could not find dataconnect.yaml in `d:\SEVANI\dataconnect`
 {"metadata":{"emulator":{"name":"dataconnect"},"message":"E0331 20:50:17.599820   20728 watch.go:40] Failed to load config from \"d:\\\\SEVANI\\\\dataconnect\": could not find dataconnect.yaml in `d:\\SEVANI\\dataconnect`\n"}}
[debug] [2026-03-31T13:50:27.599Z] E0331 20:50:27.600323   20728 watch.go:40] Failed to load config from "d:\\SEVANI\\dataconnect": could not find dataconnect.yaml in `d:\SEVANI\dataconnect`
 {"metadata":{"emulator":{"name":"dataconnect"},"message":"E0331 20:50:27.600323   20728 watch.go:40] Failed to load config from \"d:\\\\SEVANI\\\\dataconnect\": could not find dataconnect.yaml in `d:\\SEVANI\\dataconnect`\n"}}
[debug] [2026-03-31T13:50:37.598Z] E0331 20:50:37.599178   20728 watch.go:40] Failed to load config from "d:\\SEVANI\\dataconnect": could not find dataconnect.yaml in `d:\SEVANI\dataconnect`
 {"metadata":{"emulator":{"name":"dataconnect"},"message":"E0331 20:50:37.599178   20728 watch.go:40] Failed to load config from \"d:\\\\SEVANI\\\\dataconnect\": could not find dataconnect.yaml in `d:\\SEVANI\\dataconnect`\n"}}
[debug] [2026-03-31T13:50:47.599Z] E0331 20:50:47.598988   20728 watch.go:40] Failed to load config from "d:\\SEVANI\\dataconnect": could not find dataconnect.yaml in `d:\SEVANI\dataconnect`
 {"metadata":{"emulator":{"name":"dataconnect"},"message":"E0331 20:50:47.598988   20728 watch.go:40] Failed to load config from \"d:\\\\SEVANI\\\\dataconnect\": could not find dataconnect.yaml in `d:\\SEVANI\\dataconnect`\n"}}
[debug] [2026-03-31T13:50:57.599Z] E0331 20:50:57.598880   20728 watch.go:116] watchAllDir unable to walk dir `d:\SEVANI\dataconnect`: GetFileAttributesEx d:\SEVANI\dataconnect: The system cannot find the file specified.
E0331 20:50:57.598880   20728 watch.go:40] Failed to load config from "d:\\SEVANI\\dataconnect": could not find dataconnect.yaml in `d:\SEVANI\dataconnect`
 {"metadata":{"emulator":{"name":"dataconnect"},"message":"E0331 20:50:57.598880   20728 watch.go:116] watchAllDir unable to walk dir `d:\\SEVANI\\dataconnect`: GetFileAttributesEx d:\\SEVANI\\dataconnect: The system cannot find the file specified.\nE0331 20:50:57.598880   20728 watch.go:40] Failed to load config from \"d:\\\\SEVANI\\\\dataconnect\": could not find dataconnect.yaml in `d:\\SEVANI\\dataconnect`\n"}}
[debug] [2026-03-31T13:51:07.600Z] E0331 20:51:07.599480   20728 watch.go:40] Failed to load config from "d:\\SEVANI\\dataconnect": could not find dataconnect.yaml in `d:\SEVANI\dataconnect`
 {"metadata":{"emulator":{"name":"dataconnect"},"message":"E0331 20:51:07.599480   20728 watch.go:40] Failed to load config from \"d:\\\\SEVANI\\\\dataconnect\": could not find dataconnect.yaml in `d:\\SEVANI\\dataconnect`\n"}}
[debug] [2026-03-31T13:51:17.600Z] E0331 20:51:17.599966   20728 watch.go:40] Failed to load config from "d:\\SEVANI\\dataconnect": could not find dataconnect.yaml in `d:\SEVANI\dataconnect`
 {"metadata":{"emulator":{"name":"dataconnect"},"message":"E0331 20:51:17.599966   20728 watch.go:40] Failed to load config from \"d:\\\\SEVANI\\\\dataconnect\": could not find dataconnect.yaml in `d:\\SEVANI\\dataconnect`\n"}}
[debug] [2026-03-31T13:51:27.600Z] E0331 20:51:27.598913   20728 watch.go:40] Failed to load config from "d:\\SEVANI\\dataconnect": could not find dataconnect.yaml in `d:\SEVANI\dataconnect`
 {"metadata":{"emulator":{"name":"dataconnect"},"message":"E0331 20:51:27.598913   20728 watch.go:40] Failed to load config from \"d:\\\\SEVANI\\\\dataconnect\": could not find dataconnect.yaml in `d:\\SEVANI\\dataconnect`\n"}}
[debug] [2026-03-31T13:51:37.600Z] E0331 20:51:37.599404   20728 watch.go:40] Failed to load config from "d:\\SEVANI\\dataconnect": could not find dataconnect.yaml in `d:\SEVANI\dataconnect`
 {"metadata":{"emulator":{"name":"dataconnect"},"message":"E0331 20:51:37.599404   20728 watch.go:40] Failed to load config from \"d:\\\\SEVANI\\\\dataconnect\": could not find dataconnect.yaml in `d:\\SEVANI\\dataconnect`\n"}}
[debug] [2026-03-31T13:51:47.599Z] E0331 20:51:47.598406   20728 watch.go:40] Failed to load config from "d:\\SEVANI\\dataconnect": could not find dataconnect.yaml in `d:\SEVANI\dataconnect`
 {"metadata":{"emulator":{"name":"dataconnect"},"message":"E0331 20:51:47.598406   20728 watch.go:40] Failed to load config from \"d:\\\\SEVANI\\\\dataconnect\": could not find dataconnect.yaml in `d:\\SEVANI\\dataconnect`\n"}}
[debug] [2026-03-31T13:51:57.599Z] E0331 20:51:57.598857   20728 watch.go:116] watchAllDir unable to walk dir `d:\SEVANI\dataconnect`: GetFileAttributesEx d:\SEVANI\dataconnect: The system cannot find the file specified.
 {"metadata":{"emulator":{"name":"dataconnect"},"message":"E0331 20:51:57.598857   20728 watch.go:116] watchAllDir unable to walk dir `d:\\SEVANI\\dataconnect`: GetFileAttributesEx d:\\SEVANI\\dataconnect: The system cannot find the file specified.\n"}}
[debug] [2026-03-31T13:51:57.599Z] E0331 20:51:57.598857   20728 watch.go:40] Failed to load config from "d:\\SEVANI\\dataconnect": could not find dataconnect.yaml in `d:\SEVANI\dataconnect`
 {"metadata":{"emulator":{"name":"dataconnect"},"message":"E0331 20:51:57.598857   20728 watch.go:40] Failed to load config from \"d:\\\\SEVANI\\\\dataconnect\": could not find dataconnect.yaml in `d:\\SEVANI\\dataconnect`\n"}}
[debug] [2026-03-31T13:52:07.599Z] E0331 20:52:07.598929   20728 watch.go:40] Failed to load config from "d:\\SEVANI\\dataconnect": could not find dataconnect.yaml in `d:\SEVANI\dataconnect`
 {"metadata":{"emulator":{"name":"dataconnect"},"message":"E0331 20:52:07.598929   20728 watch.go:40] Failed to load config from \"d:\\\\SEVANI\\\\dataconnect\": could not find dataconnect.yaml in `d:\\SEVANI\\dataconnect`\n"}}
[debug] [2026-03-31T13:52:17.599Z] E0331 20:52:17.599060   20728 watch.go:40] Failed to load config from "d:\\SEVANI\\dataconnect": could not find dataconnect.yaml in `d:\SEVANI\dataconnect`
 {"metadata":{"emulator":{"name":"dataconnect"},"message":"E0331 20:52:17.599060   20728 watch.go:40] Failed to load config from \"d:\\\\SEVANI\\\\dataconnect\": could not find dataconnect.yaml in `d:\\SEVANI\\dataconnect`\n"}}
[debug] [2026-03-31T13:52:27.599Z] E0331 20:52:27.598988   20728 watch.go:40] Failed to load config from "d:\\SEVANI\\dataconnect": could not find dataconnect.yaml in `d:\SEVANI\dataconnect`
 {"metadata":{"emulator":{"name":"dataconnect"},"message":"E0331 20:52:27.598988   20728 watch.go:40] Failed to load config from \"d:\\\\SEVANI\\\\dataconnect\": could not find dataconnect.yaml in `d:\\SEVANI\\dataconnect`\n"}}
[debug] [2026-03-31T13:52:37.599Z] E0331 20:52:37.599183   20728 watch.go:40] Failed to load config from "d:\\SEVANI\\dataconnect": could not find dataconnect.yaml in `d:\SEVANI\dataconnect`
 {"metadata":{"emulator":{"name":"dataconnect"},"message":"E0331 20:52:37.599183   20728 watch.go:40] Failed to load config from \"d:\\\\SEVANI\\\\dataconnect\": could not find dataconnect.yaml in `d:\\SEVANI\\dataconnect`\n"}}
[debug] [2026-03-31T13:52:47.599Z] E0331 20:52:47.599183   20728 watch.go:40] Failed to load config from "d:\\SEVANI\\dataconnect": could not find dataconnect.yaml in `d:\SEVANI\dataconnect`
 {"metadata":{"emulator":{"name":"dataconnect"},"message":"E0331 20:52:47.599183   20728 watch.go:40] Failed to load config from \"d:\\\\SEVANI\\\\dataconnect\": could not find dataconnect.yaml in `d:\\SEVANI\\dataconnect`\n"}}
[debug] [2026-03-31T13:52:57.598Z] E0331 20:52:57.598617   20728 watch.go:116] watchAllDir unable to walk dir `d:\SEVANI\dataconnect`: GetFileAttributesEx d:\SEVANI\dataconnect: The system cannot find the file specified.
E0331 20:52:57.598617   20728 watch.go:40] Failed to load config from "d:\\SEVANI\\dataconnect": could not find dataconnect.yaml in `d:\SEVANI\dataconnect`
 {"metadata":{"emulator":{"name":"dataconnect"},"message":"E0331 20:52:57.598617   20728 watch.go:116] watchAllDir unable to walk dir `d:\\SEVANI\\dataconnect`: GetFileAttributesEx d:\\SEVANI\\dataconnect: The system cannot find the file specified.\nE0331 20:52:57.598617   20728 watch.go:40] Failed to load config from \"d:\\\\SEVANI\\\\dataconnect\": could not find dataconnect.yaml in `d:\\SEVANI\\dataconnect`\n"}}
[debug] [2026-03-31T13:53:07.598Z] E0331 20:53:07.598858   20728 watch.go:40] Failed to load config from "d:\\SEVANI\\dataconnect": could not find dataconnect.yaml in `d:\SEVANI\dataconnect`
 {"metadata":{"emulator":{"name":"dataconnect"},"message":"E0331 20:53:07.598858   20728 watch.go:40] Failed to load config from \"d:\\\\SEVANI\\\\dataconnect\": could not find dataconnect.yaml in `d:\\SEVANI\\dataconnect`\n"}}
[debug] [2026-03-31T13:53:17.598Z] E0331 20:53:17.598971   20728 watch.go:40] Failed to load config from "d:\\SEVANI\\dataconnect": could not find dataconnect.yaml in `d:\SEVANI\dataconnect`
 {"metadata":{"emulator":{"name":"dataconnect"},"message":"E0331 20:53:17.598971   20728 watch.go:40] Failed to load config from \"d:\\\\SEVANI\\\\dataconnect\": could not find dataconnect.yaml in `d:\\SEVANI\\dataconnect`\n"}}
[debug] [2026-03-31T13:53:27.598Z] E0331 20:53:27.598563   20728 watch.go:40] Failed to load config from "d:\\SEVANI\\dataconnect": could not find dataconnect.yaml in `d:\SEVANI\dataconnect`
 {"metadata":{"emulator":{"name":"dataconnect"},"message":"E0331 20:53:27.598563   20728 watch.go:40] Failed to load config from \"d:\\\\SEVANI\\\\dataconnect\": could not find dataconnect.yaml in `d:\\SEVANI\\dataconnect`\n"}}
[debug] [2026-03-31T13:53:37.598Z] E0331 20:53:37.598719   20728 watch.go:40] Failed to load config from "d:\\SEVANI\\dataconnect": could not find dataconnect.yaml in `d:\SEVANI\dataconnect`
 {"metadata":{"emulator":{"name":"dataconnect"},"message":"E0331 20:53:37.598719   20728 watch.go:40] Failed to load config from \"d:\\\\SEVANI\\\\dataconnect\": could not find dataconnect.yaml in `d:\\SEVANI\\dataconnect`\n"}}
[debug] [2026-03-31T13:53:47.598Z] E0331 20:53:47.598528   20728 watch.go:40] Failed to load config from "d:\\SEVANI\\dataconnect": could not find dataconnect.yaml in `d:\SEVANI\dataconnect`
 {"metadata":{"emulator":{"name":"dataconnect"},"message":"E0331 20:53:47.598528   20728 watch.go:40] Failed to load config from \"d:\\\\SEVANI\\\\dataconnect\": could not find dataconnect.yaml in `d:\\SEVANI\\dataconnect`\n"}}
[debug] [2026-03-31T13:53:57.599Z] E0331 20:53:57.599179   20728 watch.go:116] watchAllDir unable to walk dir `d:\SEVANI\dataconnect`: GetFileAttributesEx d:\SEVANI\dataconnect: The system cannot find the file specified.
E0331 20:53:57.599179   20728 watch.go:40] Failed to load config from "d:\\SEVANI\\dataconnect": could not find dataconnect.yaml in `d:\SEVANI\dataconnect`
 {"metadata":{"emulator":{"name":"dataconnect"},"message":"E0331 20:53:57.599179   20728 watch.go:116] watchAllDir unable to walk dir `d:\\SEVANI\\dataconnect`: GetFileAttributesEx d:\\SEVANI\\dataconnect: The system cannot find the file specified.\nE0331 20:53:57.599179   20728 watch.go:40] Failed to load config from \"d:\\\\SEVANI\\\\dataconnect\": could not find dataconnect.yaml in `d:\\SEVANI\\dataconnect`\n"}}
[debug] [2026-03-31T13:54:07.599Z] E0331 20:54:07.598804   20728 watch.go:40] Failed to load config from "d:\\SEVANI\\dataconnect": could not find dataconnect.yaml in `d:\SEVANI\dataconnect`
 {"metadata":{"emulator":{"name":"dataconnect"},"message":"E0331 20:54:07.598804   20728 watch.go:40] Failed to load config from \"d:\\\\SEVANI\\\\dataconnect\": could not find dataconnect.yaml in `d:\\SEVANI\\dataconnect`\n"}}
[debug] [2026-03-31T13:54:17.599Z] E0331 20:54:17.599404   20728 watch.go:40] Failed to load config from "d:\\SEVANI\\dataconnect": could not find dataconnect.yaml in `d:\SEVANI\dataconnect`
 {"metadata":{"emulator":{"name":"dataconnect"},"message":"E0331 20:54:17.599404   20728 watch.go:40] Failed to load config from \"d:\\\\SEVANI\\\\dataconnect\": could not find dataconnect.yaml in `d:\\SEVANI\\dataconnect`\n"}}
[debug] [2026-03-31T13:54:27.599Z] E0331 20:54:27.599340   20728 watch.go:40] Failed to load config from "d:\\SEVANI\\dataconnect": could not find dataconnect.yaml in `d:\SEVANI\dataconnect`
 {"metadata":{"emulator":{"name":"dataconnect"},"message":"E0331 20:54:27.599340   20728 watch.go:40] Failed to load config from \"d:\\\\SEVANI\\\\dataconnect\": could not find dataconnect.yaml in `d:\\SEVANI\\dataconnect`\n"}}
[debug] [2026-03-31T13:54:37.600Z] E0331 20:54:37.599872   20728 watch.go:40] Failed to load config from "d:\\SEVANI\\dataconnect": could not find dataconnect.yaml in `d:\SEVANI\dataconnect`
 {"metadata":{"emulator":{"name":"dataconnect"},"message":"E0331 20:54:37.599872   20728 watch.go:40] Failed to load config from \"d:\\\\SEVANI\\\\dataconnect\": could not find dataconnect.yaml in `d:\\SEVANI\\dataconnect`\n"}}
[debug] [2026-03-31T13:54:47.600Z] E0331 20:54:47.599770   20728 watch.go:40] Failed to load config from "d:\\SEVANI\\dataconnect": could not find dataconnect.yaml in `d:\SEVANI\dataconnect`
 {"metadata":{"emulator":{"name":"dataconnect"},"message":"E0331 20:54:47.599770   20728 watch.go:40] Failed to load config from \"d:\\\\SEVANI\\\\dataconnect\": could not find dataconnect.yaml in `d:\\SEVANI\\dataconnect`\n"}}
[debug] [2026-03-31T13:54:57.600Z] E0331 20:54:57.599026   20728 watch.go:116] watchAllDir unable to walk dir `d:\SEVANI\dataconnect`: GetFileAttributesEx d:\SEVANI\dataconnect: The system cannot find the file specified.
 {"metadata":{"emulator":{"name":"dataconnect"},"message":"E0331 20:54:57.599026   20728 watch.go:116] watchAllDir unable to walk dir `d:\\SEVANI\\dataconnect`: GetFileAttributesEx d:\\SEVANI\\dataconnect: The system cannot find the file specified.\n"}}
[debug] [2026-03-31T13:54:57.602Z] E0331 20:54:57.599026   20728 watch.go:40] Failed to load config from "d:\\SEVANI\\dataconnect": could not find dataconnect.yaml in `d:\SEVANI\dataconnect`
 {"metadata":{"emulator":{"name":"dataconnect"},"message":"E0331 20:54:57.599026   20728 watch.go:40] Failed to load config from \"d:\\\\SEVANI\\\\dataconnect\": could not find dataconnect.yaml in `d:\\SEVANI\\dataconnect`\n"}}
[debug] [2026-03-31T13:55:07.600Z] E0331 20:55:07.600052   20728 watch.go:40] Failed to load config from "d:\\SEVANI\\dataconnect": could not find dataconnect.yaml in `d:\SEVANI\dataconnect`
 {"metadata":{"emulator":{"name":"dataconnect"},"message":"E0331 20:55:07.600052   20728 watch.go:40] Failed to load config from \"d:\\\\SEVANI\\\\dataconnect\": could not find dataconnect.yaml in `d:\\SEVANI\\dataconnect`\n"}}
[debug] [2026-03-31T13:55:17.599Z] E0331 20:55:17.599152   20728 watch.go:40] Failed to load config from "d:\\SEVANI\\dataconnect": could not find dataconnect.yaml in `d:\SEVANI\dataconnect`
 {"metadata":{"emulator":{"name":"dataconnect"},"message":"E0331 20:55:17.599152   20728 watch.go:40] Failed to load config from \"d:\\\\SEVANI\\\\dataconnect\": could not find dataconnect.yaml in `d:\\SEVANI\\dataconnect`\n"}}
[debug] [2026-03-31T13:55:27.599Z] E0331 20:55:27.598590   20728 watch.go:40] Failed to load config from "d:\\SEVANI\\dataconnect": could not find dataconnect.yaml in `d:\SEVANI\dataconnect`
 {"metadata":{"emulator":{"name":"dataconnect"},"message":"E0331 20:55:27.598590   20728 watch.go:40] Failed to load config from \"d:\\\\SEVANI\\\\dataconnect\": could not find dataconnect.yaml in `d:\\SEVANI\\dataconnect`\n"}}
[debug] [2026-03-31T13:55:37.599Z] E0331 20:55:37.598604   20728 watch.go:40] Failed to load config from "d:\\SEVANI\\dataconnect": could not find dataconnect.yaml in `d:\SEVANI\dataconnect`
 {"metadata":{"emulator":{"name":"dataconnect"},"message":"E0331 20:55:37.598604   20728 watch.go:40] Failed to load config from \"d:\\\\SEVANI\\\\dataconnect\": could not find dataconnect.yaml in `d:\\SEVANI\\dataconnect`\n"}}
[debug] [2026-03-31T13:55:47.599Z] E0331 20:55:47.598733   20728 watch.go:40] Failed to load config from "d:\\SEVANI\\dataconnect": could not find dataconnect.yaml in `d:\SEVANI\dataconnect`
 {"metadata":{"emulator":{"name":"dataconnect"},"message":"E0331 20:55:47.598733   20728 watch.go:40] Failed to load config from \"d:\\\\SEVANI\\\\dataconnect\": could not find dataconnect.yaml in `d:\\SEVANI\\dataconnect`\n"}}
[debug] [2026-03-31T13:55:57.599Z] E0331 20:55:57.598717   20728 watch.go:116] watchAllDir unable to walk dir `d:\SEVANI\dataconnect`: GetFileAttributesEx d:\SEVANI\dataconnect: The system cannot find the file specified.
E0331 20:55:57.599223   20728 watch.go:40] Failed to load config from "d:\\SEVANI\\dataconnect": could not find dataconnect.yaml in `d:\SEVANI\dataconnect`
 {"metadata":{"emulator":{"name":"dataconnect"},"message":"E0331 20:55:57.598717   20728 watch.go:116] watchAllDir unable to walk dir `d:\\SEVANI\\dataconnect`: GetFileAttributesEx d:\\SEVANI\\dataconnect: The system cannot find the file specified.\nE0331 20:55:57.599223   20728 watch.go:40] Failed to load config from \"d:\\\\SEVANI\\\\dataconnect\": could not find dataconnect.yaml in `d:\\SEVANI\\dataconnect`\n"}}
[debug] [2026-03-31T13:56:07.599Z] E0331 20:56:07.599256   20728 watch.go:40] Failed to load config from "d:\\SEVANI\\dataconnect": could not find dataconnect.yaml in `d:\SEVANI\dataconnect`
 {"metadata":{"emulator":{"name":"dataconnect"},"message":"E0331 20:56:07.599256   20728 watch.go:40] Failed to load config from \"d:\\\\SEVANI\\\\dataconnect\": could not find dataconnect.yaml in `d:\\SEVANI\\dataconnect`\n"}}
[debug] [2026-03-31T13:56:17.599Z] E0331 20:56:17.599224   20728 watch.go:40] Failed to load config from "d:\\SEVANI\\dataconnect": could not find dataconnect.yaml in `d:\SEVANI\dataconnect`
 {"metadata":{"emulator":{"name":"dataconnect"},"message":"E0331 20:56:17.599224   20728 watch.go:40] Failed to load config from \"d:\\\\SEVANI\\\\dataconnect\": could not find dataconnect.yaml in `d:\\SEVANI\\dataconnect`\n"}}
[debug] [2026-03-31T13:56:27.600Z] E0331 20:56:27.599542   20728 watch.go:40] Failed to load config from "d:\\SEVANI\\dataconnect": could not find dataconnect.yaml in `d:\SEVANI\dataconnect`
 {"metadata":{"emulator":{"name":"dataconnect"},"message":"E0331 20:56:27.599542   20728 watch.go:40] Failed to load config from \"d:\\\\SEVANI\\\\dataconnect\": could not find dataconnect.yaml in `d:\\SEVANI\\dataconnect`\n"}}
[debug] [2026-03-31T13:56:37.599Z] E0331 20:56:37.598856   20728 watch.go:40] Failed to load config from "d:\\SEVANI\\dataconnect": could not find dataconnect.yaml in `d:\SEVANI\dataconnect`
 {"metadata":{"emulator":{"name":"dataconnect"},"message":"E0331 20:56:37.598856   20728 watch.go:40] Failed to load config from \"d:\\\\SEVANI\\\\dataconnect\": could not find dataconnect.yaml in `d:\\SEVANI\\dataconnect`\n"}}
[debug] [2026-03-31T13:56:47.599Z] E0331 20:56:47.599260   20728 watch.go:40] Failed to load config from "d:\\SEVANI\\dataconnect": could not find dataconnect.yaml in `d:\SEVANI\dataconnect`
 {"metadata":{"emulator":{"name":"dataconnect"},"message":"E0331 20:56:47.599260   20728 watch.go:40] Failed to load config from \"d:\\\\SEVANI\\\\dataconnect\": could not find dataconnect.yaml in `d:\\SEVANI\\dataconnect`\n"}}
[debug] [2026-03-31T13:56:57.599Z] E0331 20:56:57.598940   20728 watch.go:116] watchAllDir unable to walk dir `d:\SEVANI\dataconnect`: GetFileAttributesEx d:\SEVANI\dataconnect: The system cannot find the file specified.
 {"metadata":{"emulator":{"name":"dataconnect"},"message":"E0331 20:56:57.598940   20728 watch.go:116] watchAllDir unable to walk dir `d:\\SEVANI\\dataconnect`: GetFileAttributesEx d:\\SEVANI\\dataconnect: The system cannot find the file specified.\n"}}
[debug] [2026-03-31T13:56:57.603Z] E0331 20:56:57.599753   20728 watch.go:40] Failed to load config from "d:\\SEVANI\\dataconnect": could not find dataconnect.yaml in `d:\SEVANI\dataconnect`
 {"metadata":{"emulator":{"name":"dataconnect"},"message":"E0331 20:56:57.599753   20728 watch.go:40] Failed to load config from \"d:\\\\SEVANI\\\\dataconnect\": could not find dataconnect.yaml in `d:\\SEVANI\\dataconnect`\n"}}
[debug] [2026-03-31T13:57:07.599Z] E0331 20:57:07.598724   20728 watch.go:40] Failed to load config from "d:\\SEVANI\\dataconnect": could not find dataconnect.yaml in `d:\SEVANI\dataconnect`
 {"metadata":{"emulator":{"name":"dataconnect"},"message":"E0331 20:57:07.598724   20728 watch.go:40] Failed to load config from \"d:\\\\SEVANI\\\\dataconnect\": could not find dataconnect.yaml in `d:\\SEVANI\\dataconnect`\n"}}
[debug] [2026-03-31T13:57:17.599Z] E0331 20:57:17.599151   20728 watch.go:40] Failed to load config from "d:\\SEVANI\\dataconnect": could not find dataconnect.yaml in `d:\SEVANI\dataconnect`
 {"metadata":{"emulator":{"name":"dataconnect"},"message":"E0331 20:57:17.599151   20728 watch.go:40] Failed to load config from \"d:\\\\SEVANI\\\\dataconnect\": could not find dataconnect.yaml in `d:\\SEVANI\\dataconnect`\n"}}
[debug] [2026-03-31T13:57:27.599Z] E0331 20:57:27.599710   20728 watch.go:40] Failed to load config from "d:\\SEVANI\\dataconnect": could not find dataconnect.yaml in `d:\SEVANI\dataconnect`
 {"metadata":{"emulator":{"name":"dataconnect"},"message":"E0331 20:57:27.599710   20728 watch.go:40] Failed to load config from \"d:\\\\SEVANI\\\\dataconnect\": could not find dataconnect.yaml in `d:\\SEVANI\\dataconnect`\n"}}
[debug] [2026-03-31T13:57:37.600Z] E0331 20:57:37.598844   20728 watch.go:40] Failed to load config from "d:\\SEVANI\\dataconnect": could not find dataconnect.yaml in `d:\SEVANI\dataconnect`
 {"metadata":{"emulator":{"name":"dataconnect"},"message":"E0331 20:57:37.598844   20728 watch.go:40] Failed to load config from \"d:\\\\SEVANI\\\\dataconnect\": could not find dataconnect.yaml in `d:\\SEVANI\\dataconnect`\n"}}
[debug] [2026-03-31T13:57:47.603Z] E0331 20:57:47.602981   20728 watch.go:40] Failed to load config from "d:\\SEVANI\\dataconnect": could not find dataconnect.yaml in `d:\SEVANI\dataconnect`
 {"metadata":{"emulator":{"name":"dataconnect"},"message":"E0331 20:57:47.602981   20728 watch.go:40] Failed to load config from \"d:\\\\SEVANI\\\\dataconnect\": could not find dataconnect.yaml in `d:\\SEVANI\\dataconnect`\n"}}
[debug] [2026-03-31T13:57:57.599Z] E0331 20:57:57.599539   20728 watch.go:116] watchAllDir unable to walk dir `d:\SEVANI\dataconnect`: GetFileAttributesEx d:\SEVANI\dataconnect: The system cannot find the file specified.
E0331 20:57:57.599539   20728 watch.go:40] Failed to load config from "d:\\SEVANI\\dataconnect": could not find dataconnect.yaml in `d:\SEVANI\dataconnect`
 {"metadata":{"emulator":{"name":"dataconnect"},"message":"E0331 20:57:57.599539   20728 watch.go:116] watchAllDir unable to walk dir `d:\\SEVANI\\dataconnect`: GetFileAttributesEx d:\\SEVANI\\dataconnect: The system cannot find the file specified.\nE0331 20:57:57.599539   20728 watch.go:40] Failed to load config from \"d:\\\\SEVANI\\\\dataconnect\": could not find dataconnect.yaml in `d:\\SEVANI\\dataconnect`\n"}}
[debug] [2026-03-31T13:58:07.599Z] E0331 20:58:07.599222   20728 watch.go:40] Failed to load config from "d:\\SEVANI\\dataconnect": could not find dataconnect.yaml in `d:\SEVANI\dataconnect`
 {"metadata":{"emulator":{"name":"dataconnect"},"message":"E0331 20:58:07.599222   20728 watch.go:40] Failed to load config from \"d:\\\\SEVANI\\\\dataconnect\": could not find dataconnect.yaml in `d:\\SEVANI\\dataconnect`\n"}}
[debug] [2026-03-31T13:58:17.598Z] E0331 20:58:17.599111   20728 watch.go:40] Failed to load config from "d:\\SEVANI\\dataconnect": could not find dataconnect.yaml in `d:\SEVANI\dataconnect`
 {"metadata":{"emulator":{"name":"dataconnect"},"message":"E0331 20:58:17.599111   20728 watch.go:40] Failed to load config from \"d:\\\\SEVANI\\\\dataconnect\": could not find dataconnect.yaml in `d:\\SEVANI\\dataconnect`\n"}}
[debug] [2026-03-31T13:58:27.600Z] E0331 20:58:27.600182   20728 watch.go:40] Failed to load config from "d:\\SEVANI\\dataconnect": could not find dataconnect.yaml in `d:\SEVANI\dataconnect`
 {"metadata":{"emulator":{"name":"dataconnect"},"message":"E0331 20:58:27.600182   20728 watch.go:40] Failed to load config from \"d:\\\\SEVANI\\\\dataconnect\": could not find dataconnect.yaml in `d:\\SEVANI\\dataconnect`\n"}}
[debug] [2026-03-31T13:58:37.598Z] E0331 20:58:37.598566   20728 watch.go:40] Failed to load config from "d:\\SEVANI\\dataconnect": could not find dataconnect.yaml in `d:\SEVANI\dataconnect`
 {"metadata":{"emulator":{"name":"dataconnect"},"message":"E0331 20:58:37.598566   20728 watch.go:40] Failed to load config from \"d:\\\\SEVANI\\\\dataconnect\": could not find dataconnect.yaml in `d:\\SEVANI\\dataconnect`\n"}}
[debug] [2026-03-31T13:58:47.599Z] E0331 20:58:47.600226   20728 watch.go:40] Failed to load config from "d:\\SEVANI\\dataconnect": could not find dataconnect.yaml in `d:\SEVANI\dataconnect`
 {"metadata":{"emulator":{"name":"dataconnect"},"message":"E0331 20:58:47.600226   20728 watch.go:40] Failed to load config from \"d:\\\\SEVANI\\\\dataconnect\": could not find dataconnect.yaml in `d:\\SEVANI\\dataconnect`\n"}}
[debug] [2026-03-31T13:58:57.598Z] E0331 20:58:57.599067   20728 watch.go:116] watchAllDir unable to walk dir `d:\SEVANI\dataconnect`: GetFileAttributesEx d:\SEVANI\dataconnect: The system cannot find the file specified.
E0331 20:58:57.599067   20728 watch.go:40] Failed to load config from "d:\\SEVANI\\dataconnect": could not find dataconnect.yaml in `d:\SEVANI\dataconnect`
 {"metadata":{"emulator":{"name":"dataconnect"},"message":"E0331 20:58:57.599067   20728 watch.go:116] watchAllDir unable to walk dir `d:\\SEVANI\\dataconnect`: GetFileAttributesEx d:\\SEVANI\\dataconnect: The system cannot find the file specified.\nE0331 20:58:57.599067   20728 watch.go:40] Failed to load config from \"d:\\\\SEVANI\\\\dataconnect\": could not find dataconnect.yaml in `d:\\SEVANI\\dataconnect`\n"}}
[debug] [2026-03-31T13:59:07.598Z] E0331 20:59:07.599269   20728 watch.go:40] Failed to load config from "d:\\SEVANI\\dataconnect": could not find dataconnect.yaml in `d:\SEVANI\dataconnect`
 {"metadata":{"emulator":{"name":"dataconnect"},"message":"E0331 20:59:07.599269   20728 watch.go:40] Failed to load config from \"d:\\\\SEVANI\\\\dataconnect\": could not find dataconnect.yaml in `d:\\SEVANI\\dataconnect`\n"}}
[debug] [2026-03-31T13:59:17.599Z] E0331 20:59:17.598764   20728 watch.go:40] Failed to load config from "d:\\SEVANI\\dataconnect": could not find dataconnect.yaml in `d:\SEVANI\dataconnect`
 {"metadata":{"emulator":{"name":"dataconnect"},"message":"E0331 20:59:17.598764   20728 watch.go:40] Failed to load config from \"d:\\\\SEVANI\\\\dataconnect\": could not find dataconnect.yaml in `d:\\SEVANI\\dataconnect`\n"}}
[debug] [2026-03-31T13:59:27.600Z] E0331 20:59:27.599149   20728 watch.go:40] Failed to load config from "d:\\SEVANI\\dataconnect": could not find dataconnect.yaml in `d:\SEVANI\dataconnect`
 {"metadata":{"emulator":{"name":"dataconnect"},"message":"E0331 20:59:27.599149   20728 watch.go:40] Failed to load config from \"d:\\\\SEVANI\\\\dataconnect\": could not find dataconnect.yaml in `d:\\SEVANI\\dataconnect`\n"}}
[debug] [2026-03-31T13:59:37.600Z] E0331 20:59:37.599715   20728 watch.go:40] Failed to load config from "d:\\SEVANI\\dataconnect": could not find dataconnect.yaml in `d:\SEVANI\dataconnect`
 {"metadata":{"emulator":{"name":"dataconnect"},"message":"E0331 20:59:37.599715   20728 watch.go:40] Failed to load config from \"d:\\\\SEVANI\\\\dataconnect\": could not find dataconnect.yaml in `d:\\SEVANI\\dataconnect`\n"}}
[debug] [2026-03-31T13:59:47.599Z] E0331 20:59:47.598352   20728 watch.go:40] Failed to load config from "d:\\SEVANI\\dataconnect": could not find dataconnect.yaml in `d:\SEVANI\dataconnect`
 {"metadata":{"emulator":{"name":"dataconnect"},"message":"E0331 20:59:47.598352   20728 watch.go:40] Failed to load config from \"d:\\\\SEVANI\\\\dataconnect\": could not find dataconnect.yaml in `d:\\SEVANI\\dataconnect`\n"}}
[debug] [2026-03-31T13:59:57.600Z] E0331 20:59:57.599489   20728 watch.go:116] watchAllDir unable to walk dir `d:\SEVANI\dataconnect`: GetFileAttributesEx d:\SEVANI\dataconnect: The system cannot find the file specified.
 {"metadata":{"emulator":{"name":"dataconnect"},"message":"E0331 20:59:57.599489   20728 watch.go:116] watchAllDir unable to walk dir `d:\\SEVANI\\dataconnect`: GetFileAttributesEx d:\\SEVANI\\dataconnect: The system cannot find the file specified.\n"}}
[debug] [2026-03-31T13:59:57.602Z] E0331 20:59:57.601652   20728 watch.go:40] Failed to load config from "d:\\SEVANI\\dataconnect": could not find dataconnect.yaml in `d:\SEVANI\dataconnect`
 {"metadata":{"emulator":{"name":"dataconnect"},"message":"E0331 20:59:57.601652   20728 watch.go:40] Failed to load config from \"d:\\\\SEVANI\\\\dataconnect\": could not find dataconnect.yaml in `d:\\SEVANI\\dataconnect`\n"}}
[debug] [2026-03-31T14:00:07.683Z] E0331 21:00:07.598495   20728 watch.go:40] Failed to load config from "d:\\SEVANI\\dataconnect": could not find dataconnect.yaml in `d:\SEVANI\dataconnect`
 {"metadata":{"emulator":{"name":"dataconnect"},"message":"E0331 21:00:07.598495   20728 watch.go:40] Failed to load config from \"d:\\\\SEVANI\\\\dataconnect\": could not find dataconnect.yaml in `d:\\SEVANI\\dataconnect`\n"}}
[debug] [2026-03-31T14:00:17.599Z] E0331 21:00:17.599355   20728 watch.go:40] Failed to load config from "d:\\SEVANI\\dataconnect": could not find dataconnect.yaml in `d:\SEVANI\dataconnect`
 {"metadata":{"emulator":{"name":"dataconnect"},"message":"E0331 21:00:17.599355   20728 watch.go:40] Failed to load config from \"d:\\\\SEVANI\\\\dataconnect\": could not find dataconnect.yaml in `d:\\SEVANI\\dataconnect`\n"}}
[debug] [2026-03-31T14:00:27.599Z] E0331 21:00:27.598889   20728 watch.go:40] Failed to load config from "d:\\SEVANI\\dataconnect": could not find dataconnect.yaml in `d:\SEVANI\dataconnect`
 {"metadata":{"emulator":{"name":"dataconnect"},"message":"E0331 21:00:27.598889   20728 watch.go:40] Failed to load config from \"d:\\\\SEVANI\\\\dataconnect\": could not find dataconnect.yaml in `d:\\SEVANI\\dataconnect`\n"}}
[debug] [2026-03-31T14:00:37.600Z] E0331 21:00:37.599799   20728 watch.go:40] Failed to load config from "d:\\SEVANI\\dataconnect": could not find dataconnect.yaml in `d:\SEVANI\dataconnect`
 {"metadata":{"emulator":{"name":"dataconnect"},"message":"E0331 21:00:37.599799   20728 watch.go:40] Failed to load config from \"d:\\\\SEVANI\\\\dataconnect\": could not find dataconnect.yaml in `d:\\SEVANI\\dataconnect`\n"}}
[debug] [2026-03-31T14:00:47.599Z] E0331 21:00:47.598782   20728 watch.go:40] Failed to load config from "d:\\SEVANI\\dataconnect": could not find dataconnect.yaml in `d:\SEVANI\dataconnect`
 {"metadata":{"emulator":{"name":"dataconnect"},"message":"E0331 21:00:47.598782   20728 watch.go:40] Failed to load config from \"d:\\\\SEVANI\\\\dataconnect\": could not find dataconnect.yaml in `d:\\SEVANI\\dataconnect`\n"}}
[debug] [2026-03-31T14:00:57.599Z] E0331 21:00:57.598704   20728 watch.go:116] watchAllDir unable to walk dir `d:\SEVANI\dataconnect`: GetFileAttributesEx d:\SEVANI\dataconnect: The system cannot find the file specified.
 {"metadata":{"emulator":{"name":"dataconnect"},"message":"E0331 21:00:57.598704   20728 watch.go:116] watchAllDir unable to walk dir `d:\\SEVANI\\dataconnect`: GetFileAttributesEx d:\\SEVANI\\dataconnect: The system cannot find the file specified.\n"}}
[debug] [2026-03-31T14:00:57.603Z] E0331 21:00:57.599598   20728 watch.go:40] Failed to load config from "d:\\SEVANI\\dataconnect": could not find dataconnect.yaml in `d:\SEVANI\dataconnect`
 {"metadata":{"emulator":{"name":"dataconnect"},"message":"E0331 21:00:57.599598   20728 watch.go:40] Failed to load config from \"d:\\\\SEVANI\\\\dataconnect\": could not find dataconnect.yaml in `d:\\SEVANI\\dataconnect`\n"}}
[debug] [2026-03-31T14:01:07.598Z] E0331 21:01:07.598829   20728 watch.go:40] Failed to load config from "d:\\SEVANI\\dataconnect": could not find dataconnect.yaml in `d:\SEVANI\dataconnect`
 {"metadata":{"emulator":{"name":"dataconnect"},"message":"E0331 21:01:07.598829   20728 watch.go:40] Failed to load config from \"d:\\\\SEVANI\\\\dataconnect\": could not find dataconnect.yaml in `d:\\SEVANI\\dataconnect`\n"}}
[debug] [2026-03-31T14:01:17.599Z] E0331 21:01:17.598906   20728 watch.go:40] Failed to load config from "d:\\SEVANI\\dataconnect": could not find dataconnect.yaml in `d:\SEVANI\dataconnect`
 {"metadata":{"emulator":{"name":"dataconnect"},"message":"E0331 21:01:17.598906   20728 watch.go:40] Failed to load config from \"d:\\\\SEVANI\\\\dataconnect\": could not find dataconnect.yaml in `d:\\SEVANI\\dataconnect`\n"}}
[debug] [2026-03-31T14:01:27.599Z] E0331 21:01:27.599073   20728 watch.go:40] Failed to load config from "d:\\SEVANI\\dataconnect": could not find dataconnect.yaml in `d:\SEVANI\dataconnect`
 {"metadata":{"emulator":{"name":"dataconnect"},"message":"E0331 21:01:27.599073   20728 watch.go:40] Failed to load config from \"d:\\\\SEVANI\\\\dataconnect\": could not find dataconnect.yaml in `d:\\SEVANI\\dataconnect`\n"}}
[debug] [2026-03-31T14:01:37.600Z] E0331 21:01:37.599996   20728 watch.go:40] Failed to load config from "d:\\SEVANI\\dataconnect": could not find dataconnect.yaml in `d:\SEVANI\dataconnect`
 {"metadata":{"emulator":{"name":"dataconnect"},"message":"E0331 21:01:37.599996   20728 watch.go:40] Failed to load config from \"d:\\\\SEVANI\\\\dataconnect\": could not find dataconnect.yaml in `d:\\SEVANI\\dataconnect`\n"}}
[debug] [2026-03-31T14:01:47.599Z] E0331 21:01:47.598818   20728 watch.go:40] Failed to load config from "d:\\SEVANI\\dataconnect": could not find dataconnect.yaml in `d:\SEVANI\dataconnect`
 {"metadata":{"emulator":{"name":"dataconnect"},"message":"E0331 21:01:47.598818   20728 watch.go:40] Failed to load config from \"d:\\\\SEVANI\\\\dataconnect\": could not find dataconnect.yaml in `d:\\SEVANI\\dataconnect`\n"}}
[debug] [2026-03-31T14:01:57.599Z] E0331 21:01:57.598724   20728 watch.go:116] watchAllDir unable to walk dir `d:\SEVANI\dataconnect`: GetFileAttributesEx d:\SEVANI\dataconnect: The system cannot find the file specified.
E0331 21:01:57.599428   20728 watch.go:40] Failed to load config from "d:\\SEVANI\\dataconnect": could not find dataconnect.yaml in `d:\SEVANI\dataconnect`
 {"metadata":{"emulator":{"name":"dataconnect"},"message":"E0331 21:01:57.598724   20728 watch.go:116] watchAllDir unable to walk dir `d:\\SEVANI\\dataconnect`: GetFileAttributesEx d:\\SEVANI\\dataconnect: The system cannot find the file specified.\nE0331 21:01:57.599428   20728 watch.go:40] Failed to load config from \"d:\\\\SEVANI\\\\dataconnect\": could not find dataconnect.yaml in `d:\\SEVANI\\dataconnect`\n"}}
[debug] [2026-03-31T14:02:07.600Z] E0331 21:02:07.600159   20728 watch.go:40] Failed to load config from "d:\\SEVANI\\dataconnect": could not find dataconnect.yaml in `d:\SEVANI\dataconnect`
 {"metadata":{"emulator":{"name":"dataconnect"},"message":"E0331 21:02:07.600159   20728 watch.go:40] Failed to load config from \"d:\\\\SEVANI\\\\dataconnect\": could not find dataconnect.yaml in `d:\\SEVANI\\dataconnect`\n"}}
[debug] [2026-03-31T14:02:17.599Z] E0331 21:02:17.598673   20728 watch.go:40] Failed to load config from "d:\\SEVANI\\dataconnect": could not find dataconnect.yaml in `d:\SEVANI\dataconnect`
 {"metadata":{"emulator":{"name":"dataconnect"},"message":"E0331 21:02:17.598673   20728 watch.go:40] Failed to load config from \"d:\\\\SEVANI\\\\dataconnect\": could not find dataconnect.yaml in `d:\\SEVANI\\dataconnect`\n"}}
[debug] [2026-03-31T14:02:27.598Z] E0331 21:02:27.598766   20728 watch.go:40] Failed to load config from "d:\\SEVANI\\dataconnect": could not find dataconnect.yaml in `d:\SEVANI\dataconnect`
 {"metadata":{"emulator":{"name":"dataconnect"},"message":"E0331 21:02:27.598766   20728 watch.go:40] Failed to load config from \"d:\\\\SEVANI\\\\dataconnect\": could not find dataconnect.yaml in `d:\\SEVANI\\dataconnect`\n"}}
[debug] [2026-03-31T14:02:37.599Z] E0331 21:02:37.598617   20728 watch.go:40] Failed to load config from "d:\\SEVANI\\dataconnect": could not find dataconnect.yaml in `d:\SEVANI\dataconnect`
 {"metadata":{"emulator":{"name":"dataconnect"},"message":"E0331 21:02:37.598617   20728 watch.go:40] Failed to load config from \"d:\\\\SEVANI\\\\dataconnect\": could not find dataconnect.yaml in `d:\\SEVANI\\dataconnect`\n"}}
[debug] [2026-03-31T14:02:47.601Z] E0331 21:02:47.601433   20728 watch.go:40] Failed to load config from "d:\\SEVANI\\dataconnect": could not find dataconnect.yaml in `d:\SEVANI\dataconnect`
 {"metadata":{"emulator":{"name":"dataconnect"},"message":"E0331 21:02:47.601433   20728 watch.go:40] Failed to load config from \"d:\\\\SEVANI\\\\dataconnect\": could not find dataconnect.yaml in `d:\\SEVANI\\dataconnect`\n"}}
[debug] [2026-03-31T14:02:57.599Z] E0331 21:02:57.598788   20728 watch.go:116] watchAllDir unable to walk dir `d:\SEVANI\dataconnect`: GetFileAttributesEx d:\SEVANI\dataconnect: The system cannot find the file specified.
E0331 21:02:57.598788   20728 watch.go:40] Failed to load config from "d:\\SEVANI\\dataconnect": could not find dataconnect.yaml in `d:\SEVANI\dataconnect`
 {"metadata":{"emulator":{"name":"dataconnect"},"message":"E0331 21:02:57.598788   20728 watch.go:116] watchAllDir unable to walk dir `d:\\SEVANI\\dataconnect`: GetFileAttributesEx d:\\SEVANI\\dataconnect: The system cannot find the file specified.\nE0331 21:02:57.598788   20728 watch.go:40] Failed to load config from \"d:\\\\SEVANI\\\\dataconnect\": could not find dataconnect.yaml in `d:\\SEVANI\\dataconnect`\n"}}
[debug] [2026-03-31T14:03:07.598Z] E0331 21:03:07.598372   20728 watch.go:40] Failed to load config from "d:\\SEVANI\\dataconnect": could not find dataconnect.yaml in `d:\SEVANI\dataconnect`
 {"metadata":{"emulator":{"name":"dataconnect"},"message":"E0331 21:03:07.598372   20728 watch.go:40] Failed to load config from \"d:\\\\SEVANI\\\\dataconnect\": could not find dataconnect.yaml in `d:\\SEVANI\\dataconnect`\n"}}
[debug] [2026-03-31T14:03:17.600Z] E0331 21:03:17.599479   20728 watch.go:40] Failed to load config from "d:\\SEVANI\\dataconnect": could not find dataconnect.yaml in `d:\SEVANI\dataconnect`
 {"metadata":{"emulator":{"name":"dataconnect"},"message":"E0331 21:03:17.599479   20728 watch.go:40] Failed to load config from \"d:\\\\SEVANI\\\\dataconnect\": could not find dataconnect.yaml in `d:\\SEVANI\\dataconnect`\n"}}
[debug] [2026-03-31T14:03:27.599Z] E0331 21:03:27.599122   20728 watch.go:40] Failed to load config from "d:\\SEVANI\\dataconnect": could not find dataconnect.yaml in `d:\SEVANI\dataconnect`
 {"metadata":{"emulator":{"name":"dataconnect"},"message":"E0331 21:03:27.599122   20728 watch.go:40] Failed to load config from \"d:\\\\SEVANI\\\\dataconnect\": could not find dataconnect.yaml in `d:\\SEVANI\\dataconnect`\n"}}
[debug] [2026-03-31T14:03:37.599Z] E0331 21:03:37.598826   20728 watch.go:40] Failed to load config from "d:\\SEVANI\\dataconnect": could not find dataconnect.yaml in `d:\SEVANI\dataconnect`
 {"metadata":{"emulator":{"name":"dataconnect"},"message":"E0331 21:03:37.598826   20728 watch.go:40] Failed to load config from \"d:\\\\SEVANI\\\\dataconnect\": could not find dataconnect.yaml in `d:\\SEVANI\\dataconnect`\n"}}
[debug] [2026-03-31T14:03:47.599Z] E0331 21:03:47.598784   20728 watch.go:40] Failed to load config from "d:\\SEVANI\\dataconnect": could not find dataconnect.yaml in `d:\SEVANI\dataconnect`
 {"metadata":{"emulator":{"name":"dataconnect"},"message":"E0331 21:03:47.598784   20728 watch.go:40] Failed to load config from \"d:\\\\SEVANI\\\\dataconnect\": could not find dataconnect.yaml in `d:\\SEVANI\\dataconnect`\n"}}
[debug] [2026-03-31T14:03:57.599Z] E0331 21:03:57.598851   20728 watch.go:116] watchAllDir unable to walk dir `d:\SEVANI\dataconnect`: GetFileAttributesEx d:\SEVANI\dataconnect: The system cannot find the file specified.
E0331 21:03:57.598851   20728 watch.go:40] Failed to load config from "d:\\SEVANI\\dataconnect": could not find dataconnect.yaml in `d:\SEVANI\dataconnect`
 {"metadata":{"emulator":{"name":"dataconnect"},"message":"E0331 21:03:57.598851   20728 watch.go:116] watchAllDir unable to walk dir `d:\\SEVANI\\dataconnect`: GetFileAttributesEx d:\\SEVANI\\dataconnect: The system cannot find the file specified.\nE0331 21:03:57.598851   20728 watch.go:40] Failed to load config from \"d:\\\\SEVANI\\\\dataconnect\": could not find dataconnect.yaml in `d:\\SEVANI\\dataconnect`\n"}}
[debug] [2026-03-31T14:04:07.600Z] E0331 21:04:07.599016   20728 watch.go:40] Failed to load config from "d:\\SEVANI\\dataconnect": could not find dataconnect.yaml in `d:\SEVANI\dataconnect`
 {"metadata":{"emulator":{"name":"dataconnect"},"message":"E0331 21:04:07.599016   20728 watch.go:40] Failed to load config from \"d:\\\\SEVANI\\\\dataconnect\": could not find dataconnect.yaml in `d:\\SEVANI\\dataconnect`\n"}}
[debug] [2026-03-31T14:04:17.599Z] E0331 21:04:17.598545   20728 watch.go:40] Failed to load config from "d:\\SEVANI\\dataconnect": could not find dataconnect.yaml in `d:\SEVANI\dataconnect`
 {"metadata":{"emulator":{"name":"dataconnect"},"message":"E0331 21:04:17.598545   20728 watch.go:40] Failed to load config from \"d:\\\\SEVANI\\\\dataconnect\": could not find dataconnect.yaml in `d:\\SEVANI\\dataconnect`\n"}}
[debug] [2026-03-31T14:04:27.599Z] E0331 21:04:27.599067   20728 watch.go:40] Failed to load config from "d:\\SEVANI\\dataconnect": could not find dataconnect.yaml in `d:\SEVANI\dataconnect`
 {"metadata":{"emulator":{"name":"dataconnect"},"message":"E0331 21:04:27.599067   20728 watch.go:40] Failed to load config from \"d:\\\\SEVANI\\\\dataconnect\": could not find dataconnect.yaml in `d:\\SEVANI\\dataconnect`\n"}}
[debug] [2026-03-31T14:04:37.600Z] E0331 21:04:37.598713   20728 watch.go:40] Failed to load config from "d:\\SEVANI\\dataconnect": could not find dataconnect.yaml in `d:\SEVANI\dataconnect`
 {"metadata":{"emulator":{"name":"dataconnect"},"message":"E0331 21:04:37.598713   20728 watch.go:40] Failed to load config from \"d:\\\\SEVANI\\\\dataconnect\": could not find dataconnect.yaml in `d:\\SEVANI\\dataconnect`\n"}}
[debug] [2026-03-31T14:04:47.599Z] E0331 21:04:47.599002   20728 watch.go:40] Failed to load config from "d:\\SEVANI\\dataconnect": could not find dataconnect.yaml in `d:\SEVANI\dataconnect`
 {"metadata":{"emulator":{"name":"dataconnect"},"message":"E0331 21:04:47.599002   20728 watch.go:40] Failed to load config from \"d:\\\\SEVANI\\\\dataconnect\": could not find dataconnect.yaml in `d:\\SEVANI\\dataconnect`\n"}}
[debug] [2026-03-31T14:04:57.599Z] E0331 21:04:57.599012   20728 watch.go:116] watchAllDir unable to walk dir `d:\SEVANI\dataconnect`: GetFileAttributesEx d:\SEVANI\dataconnect: The system cannot find the file specified.
 {"metadata":{"emulator":{"name":"dataconnect"},"message":"E0331 21:04:57.599012   20728 watch.go:116] watchAllDir unable to walk dir `d:\\SEVANI\\dataconnect`: GetFileAttributesEx d:\\SEVANI\\dataconnect: The system cannot find the file specified.\n"}}
[debug] [2026-03-31T14:04:57.602Z] E0331 21:04:57.599684   20728 watch.go:40] Failed to load config from "d:\\SEVANI\\dataconnect": could not find dataconnect.yaml in `d:\SEVANI\dataconnect`
 {"metadata":{"emulator":{"name":"dataconnect"},"message":"E0331 21:04:57.599684   20728 watch.go:40] Failed to load config from \"d:\\\\SEVANI\\\\dataconnect\": could not find dataconnect.yaml in `d:\\SEVANI\\dataconnect`\n"}}
[debug] [2026-03-31T14:05:07.599Z] E0331 21:05:07.599514   20728 watch.go:40] Failed to load config from "d:\\SEVANI\\dataconnect": could not find dataconnect.yaml in `d:\SEVANI\dataconnect`
 {"metadata":{"emulator":{"name":"dataconnect"},"message":"E0331 21:05:07.599514   20728 watch.go:40] Failed to load config from \"d:\\\\SEVANI\\\\dataconnect\": could not find dataconnect.yaml in `d:\\SEVANI\\dataconnect`\n"}}
[debug] [2026-03-31T14:05:17.599Z] E0331 21:05:17.598988   20728 watch.go:40] Failed to load config from "d:\\SEVANI\\dataconnect": could not find dataconnect.yaml in `d:\SEVANI\dataconnect`
 {"metadata":{"emulator":{"name":"dataconnect"},"message":"E0331 21:05:17.598988   20728 watch.go:40] Failed to load config from \"d:\\\\SEVANI\\\\dataconnect\": could not find dataconnect.yaml in `d:\\SEVANI\\dataconnect`\n"}}
[debug] [2026-03-31T14:05:27.599Z] E0331 21:05:27.598951   20728 watch.go:40] Failed to load config from "d:\\SEVANI\\dataconnect": could not find dataconnect.yaml in `d:\SEVANI\dataconnect`
 {"metadata":{"emulator":{"name":"dataconnect"},"message":"E0331 21:05:27.598951   20728 watch.go:40] Failed to load config from \"d:\\\\SEVANI\\\\dataconnect\": could not find dataconnect.yaml in `d:\\SEVANI\\dataconnect`\n"}}
[debug] [2026-03-31T14:05:37.599Z] E0331 21:05:37.598575   20728 watch.go:40] Failed to load config from "d:\\SEVANI\\dataconnect": could not find dataconnect.yaml in `d:\SEVANI\dataconnect`
 {"metadata":{"emulator":{"name":"dataconnect"},"message":"E0331 21:05:37.598575   20728 watch.go:40] Failed to load config from \"d:\\\\SEVANI\\\\dataconnect\": could not find dataconnect.yaml in `d:\\SEVANI\\dataconnect`\n"}}
[debug] [2026-03-31T14:05:47.598Z] E0331 21:05:47.598551   20728 watch.go:40] Failed to load config from "d:\\SEVANI\\dataconnect": could not find dataconnect.yaml in `d:\SEVANI\dataconnect`
 {"metadata":{"emulator":{"name":"dataconnect"},"message":"E0331 21:05:47.598551   20728 watch.go:40] Failed to load config from \"d:\\\\SEVANI\\\\dataconnect\": could not find dataconnect.yaml in `d:\\SEVANI\\dataconnect`\n"}}
[debug] [2026-03-31T14:05:57.599Z] E0331 21:05:57.598728   20728 watch.go:116] watchAllDir unable to walk dir `d:\SEVANI\dataconnect`: GetFileAttributesEx d:\SEVANI\dataconnect: The system cannot find the file specified.
E0331 21:05:57.599245   20728 watch.go:40] Failed to load config from "d:\\SEVANI\\dataconnect": could not find dataconnect.yaml in `d:\SEVANI\dataconnect`
 {"metadata":{"emulator":{"name":"dataconnect"},"message":"E0331 21:05:57.598728   20728 watch.go:116] watchAllDir unable to walk dir `d:\\SEVANI\\dataconnect`: GetFileAttributesEx d:\\SEVANI\\dataconnect: The system cannot find the file specified.\nE0331 21:05:57.599245   20728 watch.go:40] Failed to load config from \"d:\\\\SEVANI\\\\dataconnect\": could not find dataconnect.yaml in `d:\\SEVANI\\dataconnect`\n"}}
[debug] [2026-03-31T14:06:07.599Z] E0331 21:06:07.599023   20728 watch.go:40] Failed to load config from "d:\\SEVANI\\dataconnect": could not find dataconnect.yaml in `d:\SEVANI\dataconnect`
 {"metadata":{"emulator":{"name":"dataconnect"},"message":"E0331 21:06:07.599023   20728 watch.go:40] Failed to load config from \"d:\\\\SEVANI\\\\dataconnect\": could not find dataconnect.yaml in `d:\\SEVANI\\dataconnect`\n"}}
[debug] [2026-03-31T14:06:17.599Z] E0331 21:06:17.598683   20728 watch.go:40] Failed to load config from "d:\\SEVANI\\dataconnect": could not find dataconnect.yaml in `d:\SEVANI\dataconnect`
 {"metadata":{"emulator":{"name":"dataconnect"},"message":"E0331 21:06:17.598683   20728 watch.go:40] Failed to load config from \"d:\\\\SEVANI\\\\dataconnect\": could not find dataconnect.yaml in `d:\\SEVANI\\dataconnect`\n"}}
[debug] [2026-03-31T14:06:27.599Z] E0331 21:06:27.598407   20728 watch.go:40] Failed to load config from "d:\\SEVANI\\dataconnect": could not find dataconnect.yaml in `d:\SEVANI\dataconnect`
 {"metadata":{"emulator":{"name":"dataconnect"},"message":"E0331 21:06:27.598407   20728 watch.go:40] Failed to load config from \"d:\\\\SEVANI\\\\dataconnect\": could not find dataconnect.yaml in `d:\\SEVANI\\dataconnect`\n"}}
[debug] [2026-03-31T14:06:37.599Z] E0331 21:06:37.599702   20728 watch.go:40] Failed to load config from "d:\\SEVANI\\dataconnect": could not find dataconnect.yaml in `d:\SEVANI\dataconnect`
 {"metadata":{"emulator":{"name":"dataconnect"},"message":"E0331 21:06:37.599702   20728 watch.go:40] Failed to load config from \"d:\\\\SEVANI\\\\dataconnect\": could not find dataconnect.yaml in `d:\\SEVANI\\dataconnect`\n"}}
[debug] [2026-03-31T14:06:47.599Z] E0331 21:06:47.598972   20728 watch.go:40] Failed to load config from "d:\\SEVANI\\dataconnect": could not find dataconnect.yaml in `d:\SEVANI\dataconnect`
 {"metadata":{"emulator":{"name":"dataconnect"},"message":"E0331 21:06:47.598972   20728 watch.go:40] Failed to load config from \"d:\\\\SEVANI\\\\dataconnect\": could not find dataconnect.yaml in `d:\\SEVANI\\dataconnect`\n"}}
[debug] [2026-03-31T14:06:57.598Z] E0331 21:06:57.598649   20728 watch.go:116] watchAllDir unable to walk dir `d:\SEVANI\dataconnect`: GetFileAttributesEx d:\SEVANI\dataconnect: The system cannot find the file specified.
E0331 21:06:57.598649   20728 watch.go:40] Failed to load config from "d:\\SEVANI\\dataconnect": could not find dataconnect.yaml in `d:\SEVANI\dataconnect`
 {"metadata":{"emulator":{"name":"dataconnect"},"message":"E0331 21:06:57.598649   20728 watch.go:116] watchAllDir unable to walk dir `d:\\SEVANI\\dataconnect`: GetFileAttributesEx d:\\SEVANI\\dataconnect: The system cannot find the file specified.\nE0331 21:06:57.598649   20728 watch.go:40] Failed to load config from \"d:\\\\SEVANI\\\\dataconnect\": could not find dataconnect.yaml in `d:\\SEVANI\\dataconnect`\n"}}
[debug] [2026-03-31T14:07:07.600Z] E0331 21:07:07.600977   20728 watch.go:40] Failed to load config from "d:\\SEVANI\\dataconnect": could not find dataconnect.yaml in `d:\SEVANI\dataconnect`
 {"metadata":{"emulator":{"name":"dataconnect"},"message":"E0331 21:07:07.600977   20728 watch.go:40] Failed to load config from \"d:\\\\SEVANI\\\\dataconnect\": could not find dataconnect.yaml in `d:\\SEVANI\\dataconnect`\n"}}
[debug] [2026-03-31T14:07:17.599Z] E0331 21:07:17.599186   20728 watch.go:40] Failed to load config from "d:\\SEVANI\\dataconnect": could not find dataconnect.yaml in `d:\SEVANI\dataconnect`
 {"metadata":{"emulator":{"name":"dataconnect"},"message":"E0331 21:07:17.599186   20728 watch.go:40] Failed to load config from \"d:\\\\SEVANI\\\\dataconnect\": could not find dataconnect.yaml in `d:\\SEVANI\\dataconnect`\n"}}
[debug] [2026-03-31T14:07:27.599Z] E0331 21:07:27.599802   20728 watch.go:40] Failed to load config from "d:\\SEVANI\\dataconnect": could not find dataconnect.yaml in `d:\SEVANI\dataconnect`
 {"metadata":{"emulator":{"name":"dataconnect"},"message":"E0331 21:07:27.599802   20728 watch.go:40] Failed to load config from \"d:\\\\SEVANI\\\\dataconnect\": could not find dataconnect.yaml in `d:\\SEVANI\\dataconnect`\n"}}
[debug] [2026-03-31T14:07:37.598Z] E0331 21:07:37.598532   20728 watch.go:40] Failed to load config from "d:\\SEVANI\\dataconnect": could not find dataconnect.yaml in `d:\SEVANI\dataconnect`
 {"metadata":{"emulator":{"name":"dataconnect"},"message":"E0331 21:07:37.598532   20728 watch.go:40] Failed to load config from \"d:\\\\SEVANI\\\\dataconnect\": could not find dataconnect.yaml in `d:\\SEVANI\\dataconnect`\n"}}
[debug] [2026-03-31T14:07:47.598Z] E0331 21:07:47.598945   20728 watch.go:40] Failed to load config from "d:\\SEVANI\\dataconnect": could not find dataconnect.yaml in `d:\SEVANI\dataconnect`
 {"metadata":{"emulator":{"name":"dataconnect"},"message":"E0331 21:07:47.598945   20728 watch.go:40] Failed to load config from \"d:\\\\SEVANI\\\\dataconnect\": could not find dataconnect.yaml in `d:\\SEVANI\\dataconnect`\n"}}
[debug] [2026-03-31T14:07:57.599Z] E0331 21:07:57.598975   20728 watch.go:40] Failed to load config from "d:\\SEVANI\\dataconnect": could not find dataconnect.yaml in `d:\SEVANI\dataconnect`
E0331 21:07:57.598975   20728 watch.go:116] watchAllDir unable to walk dir `d:\SEVANI\dataconnect`: GetFileAttributesEx d:\SEVANI\dataconnect: The system cannot find the file specified.
 {"metadata":{"emulator":{"name":"dataconnect"},"message":"E0331 21:07:57.598975   20728 watch.go:40] Failed to load config from \"d:\\\\SEVANI\\\\dataconnect\": could not find dataconnect.yaml in `d:\\SEVANI\\dataconnect`\nE0331 21:07:57.598975   20728 watch.go:116] watchAllDir unable to walk dir `d:\\SEVANI\\dataconnect`: GetFileAttributesEx d:\\SEVANI\\dataconnect: The system cannot find the file specified.\n"}}
[debug] [2026-03-31T14:08:07.598Z] E0331 21:08:07.598752   20728 watch.go:40] Failed to load config from "d:\\SEVANI\\dataconnect": could not find dataconnect.yaml in `d:\SEVANI\dataconnect`
 {"metadata":{"emulator":{"name":"dataconnect"},"message":"E0331 21:08:07.598752   20728 watch.go:40] Failed to load config from \"d:\\\\SEVANI\\\\dataconnect\": could not find dataconnect.yaml in `d:\\SEVANI\\dataconnect`\n"}}
[debug] [2026-03-31T14:08:17.599Z] E0331 21:08:17.599002   20728 watch.go:40] Failed to load config from "d:\\SEVANI\\dataconnect": could not find dataconnect.yaml in `d:\SEVANI\dataconnect`
 {"metadata":{"emulator":{"name":"dataconnect"},"message":"E0331 21:08:17.599002   20728 watch.go:40] Failed to load config from \"d:\\\\SEVANI\\\\dataconnect\": could not find dataconnect.yaml in `d:\\SEVANI\\dataconnect`\n"}}
[debug] [2026-03-31T14:08:27.599Z] E0331 21:08:27.599057   20728 watch.go:40] Failed to load config from "d:\\SEVANI\\dataconnect": could not find dataconnect.yaml in `d:\SEVANI\dataconnect`
 {"metadata":{"emulator":{"name":"dataconnect"},"message":"E0331 21:08:27.599057   20728 watch.go:40] Failed to load config from \"d:\\\\SEVANI\\\\dataconnect\": could not find dataconnect.yaml in `d:\\SEVANI\\dataconnect`\n"}}
[debug] [2026-03-31T14:08:37.598Z] E0331 21:08:37.599527   20728 watch.go:40] Failed to load config from "d:\\SEVANI\\dataconnect": could not find dataconnect.yaml in `d:\SEVANI\dataconnect`
 {"metadata":{"emulator":{"name":"dataconnect"},"message":"E0331 21:08:37.599527   20728 watch.go:40] Failed to load config from \"d:\\\\SEVANI\\\\dataconnect\": could not find dataconnect.yaml in `d:\\SEVANI\\dataconnect`\n"}}
[debug] [2026-03-31T14:08:47.599Z] E0331 21:08:47.599589   20728 watch.go:40] Failed to load config from "d:\\SEVANI\\dataconnect": could not find dataconnect.yaml in `d:\SEVANI\dataconnect`
 {"metadata":{"emulator":{"name":"dataconnect"},"message":"E0331 21:08:47.599589   20728 watch.go:40] Failed to load config from \"d:\\\\SEVANI\\\\dataconnect\": could not find dataconnect.yaml in `d:\\SEVANI\\dataconnect`\n"}}
[debug] [2026-03-31T14:08:57.597Z] E0331 21:08:57.598706   20728 watch.go:116] watchAllDir unable to walk dir `d:\SEVANI\dataconnect`: GetFileAttributesEx d:\SEVANI\dataconnect: The system cannot find the file specified.
E0331 21:08:57.598706   20728 watch.go:40] Failed to load config from "d:\\SEVANI\\dataconnect": could not find dataconnect.yaml in `d:\SEVANI\dataconnect`
 {"metadata":{"emulator":{"name":"dataconnect"},"message":"E0331 21:08:57.598706   20728 watch.go:116] watchAllDir unable to walk dir `d:\\SEVANI\\dataconnect`: GetFileAttributesEx d:\\SEVANI\\dataconnect: The system cannot find the file specified.\nE0331 21:08:57.598706   20728 watch.go:40] Failed to load config from \"d:\\\\SEVANI\\\\dataconnect\": could not find dataconnect.yaml in `d:\\SEVANI\\dataconnect`\n"}}
[debug] [2026-03-31T14:09:07.598Z] E0331 21:09:07.598976   20728 watch.go:40] Failed to load config from "d:\\SEVANI\\dataconnect": could not find dataconnect.yaml in `d:\SEVANI\dataconnect`
 {"metadata":{"emulator":{"name":"dataconnect"},"message":"E0331 21:09:07.598976   20728 watch.go:40] Failed to load config from \"d:\\\\SEVANI\\\\dataconnect\": could not find dataconnect.yaml in `d:\\SEVANI\\dataconnect`\n"}}
[debug] [2026-03-31T14:09:17.600Z] E0331 21:09:17.600829   20728 watch.go:40] Failed to load config from "d:\\SEVANI\\dataconnect": could not find dataconnect.yaml in `d:\SEVANI\dataconnect`
 {"metadata":{"emulator":{"name":"dataconnect"},"message":"E0331 21:09:17.600829   20728 watch.go:40] Failed to load config from \"d:\\\\SEVANI\\\\dataconnect\": could not find dataconnect.yaml in `d:\\SEVANI\\dataconnect`\n"}}
[debug] [2026-03-31T14:09:27.598Z] E0331 21:09:27.598719   20728 watch.go:40] Failed to load config from "d:\\SEVANI\\dataconnect": could not find dataconnect.yaml in `d:\SEVANI\dataconnect`
 {"metadata":{"emulator":{"name":"dataconnect"},"message":"E0331 21:09:27.598719   20728 watch.go:40] Failed to load config from \"d:\\\\SEVANI\\\\dataconnect\": could not find dataconnect.yaml in `d:\\SEVANI\\dataconnect`\n"}}
[debug] [2026-03-31T14:09:37.600Z] E0331 21:09:37.598889   20728 watch.go:40] Failed to load config from "d:\\SEVANI\\dataconnect": could not find dataconnect.yaml in `d:\SEVANI\dataconnect`
 {"metadata":{"emulator":{"name":"dataconnect"},"message":"E0331 21:09:37.598889   20728 watch.go:40] Failed to load config from \"d:\\\\SEVANI\\\\dataconnect\": could not find dataconnect.yaml in `d:\\SEVANI\\dataconnect`\n"}}
[debug] [2026-03-31T14:09:47.599Z] E0331 21:09:47.598592   20728 watch.go:40] Failed to load config from "d:\\SEVANI\\dataconnect": could not find dataconnect.yaml in `d:\SEVANI\dataconnect`
 {"metadata":{"emulator":{"name":"dataconnect"},"message":"E0331 21:09:47.598592   20728 watch.go:40] Failed to load config from \"d:\\\\SEVANI\\\\dataconnect\": could not find dataconnect.yaml in `d:\\SEVANI\\dataconnect`\n"}}
[debug] [2026-03-31T14:09:57.599Z] E0331 21:09:57.599166   20728 watch.go:40] Failed to load config from "d:\\SEVANI\\dataconnect": could not find dataconnect.yaml in `d:\SEVANI\dataconnect`
E0331 21:09:57.599166   20728 watch.go:116] watchAllDir unable to walk dir `d:\SEVANI\dataconnect`: GetFileAttributesEx d:\SEVANI\dataconnect: The system cannot find the file specified.
 {"metadata":{"emulator":{"name":"dataconnect"},"message":"E0331 21:09:57.599166   20728 watch.go:40] Failed to load config from \"d:\\\\SEVANI\\\\dataconnect\": could not find dataconnect.yaml in `d:\\SEVANI\\dataconnect`\nE0331 21:09:57.599166   20728 watch.go:116] watchAllDir unable to walk dir `d:\\SEVANI\\dataconnect`: GetFileAttributesEx d:\\SEVANI\\dataconnect: The system cannot find the file specified.\n"}}
[debug] [2026-03-31T14:10:07.599Z] E0331 21:10:07.598673   20728 watch.go:40] Failed to load config from "d:\\SEVANI\\dataconnect": could not find dataconnect.yaml in `d:\SEVANI\dataconnect`
 {"metadata":{"emulator":{"name":"dataconnect"},"message":"E0331 21:10:07.598673   20728 watch.go:40] Failed to load config from \"d:\\\\SEVANI\\\\dataconnect\": could not find dataconnect.yaml in `d:\\SEVANI\\dataconnect`\n"}}
[debug] [2026-03-31T14:10:17.599Z] E0331 21:10:17.598797   20728 watch.go:40] Failed to load config from "d:\\SEVANI\\dataconnect": could not find dataconnect.yaml in `d:\SEVANI\dataconnect`
 {"metadata":{"emulator":{"name":"dataconnect"},"message":"E0331 21:10:17.598797   20728 watch.go:40] Failed to load config from \"d:\\\\SEVANI\\\\dataconnect\": could not find dataconnect.yaml in `d:\\SEVANI\\dataconnect`\n"}}
[debug] [2026-03-31T14:10:27.599Z] E0331 21:10:27.598730   20728 watch.go:40] Failed to load config from "d:\\SEVANI\\dataconnect": could not find dataconnect.yaml in `d:\SEVANI\dataconnect`
 {"metadata":{"emulator":{"name":"dataconnect"},"message":"E0331 21:10:27.598730   20728 watch.go:40] Failed to load config from \"d:\\\\SEVANI\\\\dataconnect\": could not find dataconnect.yaml in `d:\\SEVANI\\dataconnect`\n"}}
[debug] [2026-03-31T14:10:37.598Z] E0331 21:10:37.598635   20728 watch.go:40] Failed to load config from "d:\\SEVANI\\dataconnect": could not find dataconnect.yaml in `d:\SEVANI\dataconnect`
 {"metadata":{"emulator":{"name":"dataconnect"},"message":"E0331 21:10:37.598635   20728 watch.go:40] Failed to load config from \"d:\\\\SEVANI\\\\dataconnect\": could not find dataconnect.yaml in `d:\\SEVANI\\dataconnect`\n"}}
[debug] [2026-03-31T14:10:47.598Z] E0331 21:10:47.598526   20728 watch.go:40] Failed to load config from "d:\\SEVANI\\dataconnect": could not find dataconnect.yaml in `d:\SEVANI\dataconnect`
 {"metadata":{"emulator":{"name":"dataconnect"},"message":"E0331 21:10:47.598526   20728 watch.go:40] Failed to load config from \"d:\\\\SEVANI\\\\dataconnect\": could not find dataconnect.yaml in `d:\\SEVANI\\dataconnect`\n"}}
[debug] [2026-03-31T14:10:57.599Z] E0331 21:10:57.599381   20728 watch.go:116] watchAllDir unable to walk dir `d:\SEVANI\dataconnect`: GetFileAttributesEx d:\SEVANI\dataconnect: The system cannot find the file specified.
E0331 21:10:57.599381   20728 watch.go:40] Failed to load config from "d:\\SEVANI\\dataconnect": could not find dataconnect.yaml in `d:\SEVANI\dataconnect`
 {"metadata":{"emulator":{"name":"dataconnect"},"message":"E0331 21:10:57.599381   20728 watch.go:116] watchAllDir unable to walk dir `d:\\SEVANI\\dataconnect`: GetFileAttributesEx d:\\SEVANI\\dataconnect: The system cannot find the file specified.\nE0331 21:10:57.599381   20728 watch.go:40] Failed to load config from \"d:\\\\SEVANI\\\\dataconnect\": could not find dataconnect.yaml in `d:\\SEVANI\\dataconnect`\n"}}
[debug] [2026-03-31T14:11:07.598Z] E0331 21:11:07.598636   20728 watch.go:40] Failed to load config from "d:\\SEVANI\\dataconnect": could not find dataconnect.yaml in `d:\SEVANI\dataconnect`
 {"metadata":{"emulator":{"name":"dataconnect"},"message":"E0331 21:11:07.598636   20728 watch.go:40] Failed to load config from \"d:\\\\SEVANI\\\\dataconnect\": could not find dataconnect.yaml in `d:\\SEVANI\\dataconnect`\n"}}
[debug] [2026-03-31T14:11:17.598Z] E0331 21:11:17.598988   20728 watch.go:40] Failed to load config from "d:\\SEVANI\\dataconnect": could not find dataconnect.yaml in `d:\SEVANI\dataconnect`
 {"metadata":{"emulator":{"name":"dataconnect"},"message":"E0331 21:11:17.598988   20728 watch.go:40] Failed to load config from \"d:\\\\SEVANI\\\\dataconnect\": could not find dataconnect.yaml in `d:\\SEVANI\\dataconnect`\n"}}
[debug] [2026-03-31T14:11:27.599Z] E0331 21:11:27.599510   20728 watch.go:40] Failed to load config from "d:\\SEVANI\\dataconnect": could not find dataconnect.yaml in `d:\SEVANI\dataconnect`
 {"metadata":{"emulator":{"name":"dataconnect"},"message":"E0331 21:11:27.599510   20728 watch.go:40] Failed to load config from \"d:\\\\SEVANI\\\\dataconnect\": could not find dataconnect.yaml in `d:\\SEVANI\\dataconnect`\n"}}
[debug] [2026-03-31T14:11:37.598Z] E0331 21:11:37.598743   20728 watch.go:40] Failed to load config from "d:\\SEVANI\\dataconnect": could not find dataconnect.yaml in `d:\SEVANI\dataconnect`
 {"metadata":{"emulator":{"name":"dataconnect"},"message":"E0331 21:11:37.598743   20728 watch.go:40] Failed to load config from \"d:\\\\SEVANI\\\\dataconnect\": could not find dataconnect.yaml in `d:\\SEVANI\\dataconnect`\n"}}
[debug] [2026-03-31T14:11:47.599Z] E0331 21:11:47.599095   20728 watch.go:40] Failed to load config from "d:\\SEVANI\\dataconnect": could not find dataconnect.yaml in `d:\SEVANI\dataconnect`
 {"metadata":{"emulator":{"name":"dataconnect"},"message":"E0331 21:11:47.599095   20728 watch.go:40] Failed to load config from \"d:\\\\SEVANI\\\\dataconnect\": could not find dataconnect.yaml in `d:\\SEVANI\\dataconnect`\n"}}
[debug] [2026-03-31T14:11:57.598Z] E0331 21:11:57.598683   20728 watch.go:40] Failed to load config from "d:\\SEVANI\\dataconnect": could not find dataconnect.yaml in `d:\SEVANI\dataconnect`
E0331 21:11:57.598683   20728 watch.go:116] watchAllDir unable to walk dir `d:\SEVANI\dataconnect`: GetFileAttributesEx d:\SEVANI\dataconnect: The system cannot find the file specified.
 {"metadata":{"emulator":{"name":"dataconnect"},"message":"E0331 21:11:57.598683   20728 watch.go:40] Failed to load config from \"d:\\\\SEVANI\\\\dataconnect\": could not find dataconnect.yaml in `d:\\SEVANI\\dataconnect`\nE0331 21:11:57.598683   20728 watch.go:116] watchAllDir unable to walk dir `d:\\SEVANI\\dataconnect`: GetFileAttributesEx d:\\SEVANI\\dataconnect: The system cannot find the file specified.\n"}}
[debug] [2026-03-31T14:12:07.598Z] E0331 21:12:07.598588   20728 watch.go:40] Failed to load config from "d:\\SEVANI\\dataconnect": could not find dataconnect.yaml in `d:\SEVANI\dataconnect`
 {"metadata":{"emulator":{"name":"dataconnect"},"message":"E0331 21:12:07.598588   20728 watch.go:40] Failed to load config from \"d:\\\\SEVANI\\\\dataconnect\": could not find dataconnect.yaml in `d:\\SEVANI\\dataconnect`\n"}}
[debug] [2026-03-31T14:12:17.599Z] E0331 21:12:17.599122   20728 watch.go:40] Failed to load config from "d:\\SEVANI\\dataconnect": could not find dataconnect.yaml in `d:\SEVANI\dataconnect`
 {"metadata":{"emulator":{"name":"dataconnect"},"message":"E0331 21:12:17.599122   20728 watch.go:40] Failed to load config from \"d:\\\\SEVANI\\\\dataconnect\": could not find dataconnect.yaml in `d:\\SEVANI\\dataconnect`\n"}}
[debug] [2026-03-31T14:12:27.598Z] E0331 21:12:27.599140   20728 watch.go:40] Failed to load config from "d:\\SEVANI\\dataconnect": could not find dataconnect.yaml in `d:\SEVANI\dataconnect`
 {"metadata":{"emulator":{"name":"dataconnect"},"message":"E0331 21:12:27.599140   20728 watch.go:40] Failed to load config from \"d:\\\\SEVANI\\\\dataconnect\": could not find dataconnect.yaml in `d:\\SEVANI\\dataconnect`\n"}}
[debug] [2026-03-31T14:12:37.599Z] E0331 21:12:37.598996   20728 watch.go:40] Failed to load config from "d:\\SEVANI\\dataconnect": could not find dataconnect.yaml in `d:\SEVANI\dataconnect`
 {"metadata":{"emulator":{"name":"dataconnect"},"message":"E0331 21:12:37.598996   20728 watch.go:40] Failed to load config from \"d:\\\\SEVANI\\\\dataconnect\": could not find dataconnect.yaml in `d:\\SEVANI\\dataconnect`\n"}}
[debug] [2026-03-31T14:12:47.599Z] E0331 21:12:47.599077   20728 watch.go:40] Failed to load config from "d:\\SEVANI\\dataconnect": could not find dataconnect.yaml in `d:\SEVANI\dataconnect`
 {"metadata":{"emulator":{"name":"dataconnect"},"message":"E0331 21:12:47.599077   20728 watch.go:40] Failed to load config from \"d:\\\\SEVANI\\\\dataconnect\": could not find dataconnect.yaml in `d:\\SEVANI\\dataconnect`\n"}}
[debug] [2026-03-31T14:12:57.611Z] E0331 21:12:57.598920   20728 watch.go:116] watchAllDir unable to walk dir `d:\SEVANI\dataconnect`: GetFileAttributesEx d:\SEVANI\dataconnect: The system cannot find the file specified.
E0331 21:12:57.599434   20728 watch.go:40] Failed to load config from "d:\\SEVANI\\dataconnect": could not find dataconnect.yaml in `d:\SEVANI\dataconnect`
 {"metadata":{"emulator":{"name":"dataconnect"},"message":"E0331 21:12:57.598920   20728 watch.go:116] watchAllDir unable to walk dir `d:\\SEVANI\\dataconnect`: GetFileAttributesEx d:\\SEVANI\\dataconnect: The system cannot find the file specified.\nE0331 21:12:57.599434   20728 watch.go:40] Failed to load config from \"d:\\\\SEVANI\\\\dataconnect\": could not find dataconnect.yaml in `d:\\SEVANI\\dataconnect`\n"}}
[debug] [2026-03-31T14:13:07.599Z] E0331 21:13:07.598817   20728 watch.go:40] Failed to load config from "d:\\SEVANI\\dataconnect": could not find dataconnect.yaml in `d:\SEVANI\dataconnect`
 {"metadata":{"emulator":{"name":"dataconnect"},"message":"E0331 21:13:07.598817   20728 watch.go:40] Failed to load config from \"d:\\\\SEVANI\\\\dataconnect\": could not find dataconnect.yaml in `d:\\SEVANI\\dataconnect`\n"}}
[debug] [2026-03-31T14:13:17.599Z] E0331 21:13:17.598794   20728 watch.go:40] Failed to load config from "d:\\SEVANI\\dataconnect": could not find dataconnect.yaml in `d:\SEVANI\dataconnect`
 {"metadata":{"emulator":{"name":"dataconnect"},"message":"E0331 21:13:17.598794   20728 watch.go:40] Failed to load config from \"d:\\\\SEVANI\\\\dataconnect\": could not find dataconnect.yaml in `d:\\SEVANI\\dataconnect`\n"}}
[debug] [2026-03-31T14:13:27.599Z] E0331 21:13:27.599441   20728 watch.go:40] Failed to load config from "d:\\SEVANI\\dataconnect": could not find dataconnect.yaml in `d:\SEVANI\dataconnect`
 {"metadata":{"emulator":{"name":"dataconnect"},"message":"E0331 21:13:27.599441   20728 watch.go:40] Failed to load config from \"d:\\\\SEVANI\\\\dataconnect\": could not find dataconnect.yaml in `d:\\SEVANI\\dataconnect`\n"}}
[debug] [2026-03-31T14:13:37.598Z] E0331 21:13:37.598967   20728 watch.go:40] Failed to load config from "d:\\SEVANI\\dataconnect": could not find dataconnect.yaml in `d:\SEVANI\dataconnect`
 {"metadata":{"emulator":{"name":"dataconnect"},"message":"E0331 21:13:37.598967   20728 watch.go:40] Failed to load config from \"d:\\\\SEVANI\\\\dataconnect\": could not find dataconnect.yaml in `d:\\SEVANI\\dataconnect`\n"}}
[debug] [2026-03-31T14:13:47.599Z] E0331 21:13:47.598848   20728 watch.go:40] Failed to load config from "d:\\SEVANI\\dataconnect": could not find dataconnect.yaml in `d:\SEVANI\dataconnect`
 {"metadata":{"emulator":{"name":"dataconnect"},"message":"E0331 21:13:47.598848   20728 watch.go:40] Failed to load config from \"d:\\\\SEVANI\\\\dataconnect\": could not find dataconnect.yaml in `d:\\SEVANI\\dataconnect`\n"}}
[debug] [2026-03-31T14:13:57.598Z] E0331 21:13:57.598746   20728 watch.go:116] watchAllDir unable to walk dir `d:\SEVANI\dataconnect`: GetFileAttributesEx d:\SEVANI\dataconnect: The system cannot find the file specified.
 {"metadata":{"emulator":{"name":"dataconnect"},"message":"E0331 21:13:57.598746   20728 watch.go:116] watchAllDir unable to walk dir `d:\\SEVANI\\dataconnect`: GetFileAttributesEx d:\\SEVANI\\dataconnect: The system cannot find the file specified.\n"}}
[debug] [2026-03-31T14:13:57.600Z] E0331 21:13:57.599069   20728 watch.go:40] Failed to load config from "d:\\SEVANI\\dataconnect": could not find dataconnect.yaml in `d:\SEVANI\dataconnect`
 {"metadata":{"emulator":{"name":"dataconnect"},"message":"E0331 21:13:57.599069   20728 watch.go:40] Failed to load config from \"d:\\\\SEVANI\\\\dataconnect\": could not find dataconnect.yaml in `d:\\SEVANI\\dataconnect`\n"}}
[debug] [2026-03-31T14:14:07.600Z] E0331 21:14:07.599729   20728 watch.go:40] Failed to load config from "d:\\SEVANI\\dataconnect": could not find dataconnect.yaml in `d:\SEVANI\dataconnect`
 {"metadata":{"emulator":{"name":"dataconnect"},"message":"E0331 21:14:07.599729   20728 watch.go:40] Failed to load config from \"d:\\\\SEVANI\\\\dataconnect\": could not find dataconnect.yaml in `d:\\SEVANI\\dataconnect`\n"}}
[debug] [2026-03-31T14:14:17.598Z] E0331 21:14:17.598961   20728 watch.go:40] Failed to load config from "d:\\SEVANI\\dataconnect": could not find dataconnect.yaml in `d:\SEVANI\dataconnect`
 {"metadata":{"emulator":{"name":"dataconnect"},"message":"E0331 21:14:17.598961   20728 watch.go:40] Failed to load config from \"d:\\\\SEVANI\\\\dataconnect\": could not find dataconnect.yaml in `d:\\SEVANI\\dataconnect`\n"}}
[debug] [2026-03-31T14:14:27.598Z] E0331 21:14:27.598585   20728 watch.go:40] Failed to load config from "d:\\SEVANI\\dataconnect": could not find dataconnect.yaml in `d:\SEVANI\dataconnect`
 {"metadata":{"emulator":{"name":"dataconnect"},"message":"E0331 21:14:27.598585   20728 watch.go:40] Failed to load config from \"d:\\\\SEVANI\\\\dataconnect\": could not find dataconnect.yaml in `d:\\SEVANI\\dataconnect`\n"}}
[debug] [2026-03-31T14:14:37.599Z] E0331 21:14:37.598969   20728 watch.go:40] Failed to load config from "d:\\SEVANI\\dataconnect": could not find dataconnect.yaml in `d:\SEVANI\dataconnect`
 {"metadata":{"emulator":{"name":"dataconnect"},"message":"E0331 21:14:37.598969   20728 watch.go:40] Failed to load config from \"d:\\\\SEVANI\\\\dataconnect\": could not find dataconnect.yaml in `d:\\SEVANI\\dataconnect`\n"}}
[debug] [2026-03-31T14:14:47.599Z] E0331 21:14:47.599765   20728 watch.go:40] Failed to load config from "d:\\SEVANI\\dataconnect": could not find dataconnect.yaml in `d:\SEVANI\dataconnect`
 {"metadata":{"emulator":{"name":"dataconnect"},"message":"E0331 21:14:47.599765   20728 watch.go:40] Failed to load config from \"d:\\\\SEVANI\\\\dataconnect\": could not find dataconnect.yaml in `d:\\SEVANI\\dataconnect`\n"}}
[debug] [2026-03-31T14:14:57.599Z] E0331 21:14:57.598833   20728 watch.go:116] watchAllDir unable to walk dir `d:\SEVANI\dataconnect`: GetFileAttributesEx d:\SEVANI\dataconnect: The system cannot find the file specified.
 {"metadata":{"emulator":{"name":"dataconnect"},"message":"E0331 21:14:57.598833   20728 watch.go:116] watchAllDir unable to walk dir `d:\\SEVANI\\dataconnect`: GetFileAttributesEx d:\\SEVANI\\dataconnect: The system cannot find the file specified.\n"}}
[debug] [2026-03-31T14:14:57.600Z] E0331 21:14:57.599906   20728 watch.go:40] Failed to load config from "d:\\SEVANI\\dataconnect": could not find dataconnect.yaml in `d:\SEVANI\dataconnect`
 {"metadata":{"emulator":{"name":"dataconnect"},"message":"E0331 21:14:57.599906   20728 watch.go:40] Failed to load config from \"d:\\\\SEVANI\\\\dataconnect\": could not find dataconnect.yaml in `d:\\SEVANI\\dataconnect`\n"}}
[debug] [2026-03-31T14:15:07.599Z] E0331 21:15:07.599106   20728 watch.go:40] Failed to load config from "d:\\SEVANI\\dataconnect": could not find dataconnect.yaml in `d:\SEVANI\dataconnect`
 {"metadata":{"emulator":{"name":"dataconnect"},"message":"E0331 21:15:07.599106   20728 watch.go:40] Failed to load config from \"d:\\\\SEVANI\\\\dataconnect\": could not find dataconnect.yaml in `d:\\SEVANI\\dataconnect`\n"}}
[debug] [2026-03-31T14:15:17.600Z] E0331 21:15:17.599566   20728 watch.go:40] Failed to load config from "d:\\SEVANI\\dataconnect": could not find dataconnect.yaml in `d:\SEVANI\dataconnect`
 {"metadata":{"emulator":{"name":"dataconnect"},"message":"E0331 21:15:17.599566   20728 watch.go:40] Failed to load config from \"d:\\\\SEVANI\\\\dataconnect\": could not find dataconnect.yaml in `d:\\SEVANI\\dataconnect`\n"}}
[debug] [2026-03-31T14:15:27.600Z] E0331 21:15:27.599980   20728 watch.go:40] Failed to load config from "d:\\SEVANI\\dataconnect": could not find dataconnect.yaml in `d:\SEVANI\dataconnect`
 {"metadata":{"emulator":{"name":"dataconnect"},"message":"E0331 21:15:27.599980   20728 watch.go:40] Failed to load config from \"d:\\\\SEVANI\\\\dataconnect\": could not find dataconnect.yaml in `d:\\SEVANI\\dataconnect`\n"}}
[debug] [2026-03-31T14:15:37.599Z] E0331 21:15:37.599134   20728 watch.go:40] Failed to load config from "d:\\SEVANI\\dataconnect": could not find dataconnect.yaml in `d:\SEVANI\dataconnect`
 {"metadata":{"emulator":{"name":"dataconnect"},"message":"E0331 21:15:37.599134   20728 watch.go:40] Failed to load config from \"d:\\\\SEVANI\\\\dataconnect\": could not find dataconnect.yaml in `d:\\SEVANI\\dataconnect`\n"}}
[debug] [2026-03-31T14:15:47.599Z] E0331 21:15:47.598840   20728 watch.go:40] Failed to load config from "d:\\SEVANI\\dataconnect": could not find dataconnect.yaml in `d:\SEVANI\dataconnect`
 {"metadata":{"emulator":{"name":"dataconnect"},"message":"E0331 21:15:47.598840   20728 watch.go:40] Failed to load config from \"d:\\\\SEVANI\\\\dataconnect\": could not find dataconnect.yaml in `d:\\SEVANI\\dataconnect`\n"}}
[debug] [2026-03-31T14:15:57.599Z] E0331 21:15:57.599170   20728 watch.go:116] watchAllDir unable to walk dir `d:\SEVANI\dataconnect`: GetFileAttributesEx d:\SEVANI\dataconnect: The system cannot find the file specified.
E0331 21:15:57.599652   20728 watch.go:40] Failed to load config from "d:\\SEVANI\\dataconnect": could not find dataconnect.yaml in `d:\SEVANI\dataconnect`
 {"metadata":{"emulator":{"name":"dataconnect"},"message":"E0331 21:15:57.599170   20728 watch.go:116] watchAllDir unable to walk dir `d:\\SEVANI\\dataconnect`: GetFileAttributesEx d:\\SEVANI\\dataconnect: The system cannot find the file specified.\nE0331 21:15:57.599652   20728 watch.go:40] Failed to load config from \"d:\\\\SEVANI\\\\dataconnect\": could not find dataconnect.yaml in `d:\\SEVANI\\dataconnect`\n"}}
[debug] [2026-03-31T14:16:07.613Z] E0331 21:16:07.598714   20728 watch.go:40] Failed to load config from "d:\\SEVANI\\dataconnect": could not find dataconnect.yaml in `d:\SEVANI\dataconnect`
 {"metadata":{"emulator":{"name":"dataconnect"},"message":"E0331 21:16:07.598714   20728 watch.go:40] Failed to load config from \"d:\\\\SEVANI\\\\dataconnect\": could not find dataconnect.yaml in `d:\\SEVANI\\dataconnect`\n"}}
[debug] [2026-03-31T14:16:17.599Z] E0331 21:16:17.598891   20728 watch.go:40] Failed to load config from "d:\\SEVANI\\dataconnect": could not find dataconnect.yaml in `d:\SEVANI\dataconnect`
 {"metadata":{"emulator":{"name":"dataconnect"},"message":"E0331 21:16:17.598891   20728 watch.go:40] Failed to load config from \"d:\\\\SEVANI\\\\dataconnect\": could not find dataconnect.yaml in `d:\\SEVANI\\dataconnect`\n"}}
[debug] [2026-03-31T14:16:27.598Z] E0331 21:16:27.598549   20728 watch.go:40] Failed to load config from "d:\\SEVANI\\dataconnect": could not find dataconnect.yaml in `d:\SEVANI\dataconnect`
 {"metadata":{"emulator":{"name":"dataconnect"},"message":"E0331 21:16:27.598549   20728 watch.go:40] Failed to load config from \"d:\\\\SEVANI\\\\dataconnect\": could not find dataconnect.yaml in `d:\\SEVANI\\dataconnect`\n"}}
[debug] [2026-03-31T14:16:37.598Z] E0331 21:16:37.598579   20728 watch.go:40] Failed to load config from "d:\\SEVANI\\dataconnect": could not find dataconnect.yaml in `d:\SEVANI\dataconnect`
 {"metadata":{"emulator":{"name":"dataconnect"},"message":"E0331 21:16:37.598579   20728 watch.go:40] Failed to load config from \"d:\\\\SEVANI\\\\dataconnect\": could not find dataconnect.yaml in `d:\\SEVANI\\dataconnect`\n"}}
[debug] [2026-03-31T14:16:47.599Z] E0331 21:16:47.599246   20728 watch.go:40] Failed to load config from "d:\\SEVANI\\dataconnect": could not find dataconnect.yaml in `d:\SEVANI\dataconnect`
 {"metadata":{"emulator":{"name":"dataconnect"},"message":"E0331 21:16:47.599246   20728 watch.go:40] Failed to load config from \"d:\\\\SEVANI\\\\dataconnect\": could not find dataconnect.yaml in `d:\\SEVANI\\dataconnect`\n"}}
[debug] [2026-03-31T14:16:57.599Z] E0331 21:16:57.598962   20728 watch.go:116] watchAllDir unable to walk dir `d:\SEVANI\dataconnect`: GetFileAttributesEx d:\SEVANI\dataconnect: The system cannot find the file specified.
E0331 21:16:57.599363   20728 watch.go:40] Failed to load config from "d:\\SEVANI\\dataconnect": could not find dataconnect.yaml in `d:\SEVANI\dataconnect`
 {"metadata":{"emulator":{"name":"dataconnect"},"message":"E0331 21:16:57.598962   20728 watch.go:116] watchAllDir unable to walk dir `d:\\SEVANI\\dataconnect`: GetFileAttributesEx d:\\SEVANI\\dataconnect: The system cannot find the file specified.\nE0331 21:16:57.599363   20728 watch.go:40] Failed to load config from \"d:\\\\SEVANI\\\\dataconnect\": could not find dataconnect.yaml in `d:\\SEVANI\\dataconnect`\n"}}
[debug] [2026-03-31T14:17:07.600Z] E0331 21:17:07.599268   20728 watch.go:40] Failed to load config from "d:\\SEVANI\\dataconnect": could not find dataconnect.yaml in `d:\SEVANI\dataconnect`
 {"metadata":{"emulator":{"name":"dataconnect"},"message":"E0331 21:17:07.599268   20728 watch.go:40] Failed to load config from \"d:\\\\SEVANI\\\\dataconnect\": could not find dataconnect.yaml in `d:\\SEVANI\\dataconnect`\n"}}
[debug] [2026-03-31T14:17:17.599Z] E0331 21:17:17.598886   20728 watch.go:40] Failed to load config from "d:\\SEVANI\\dataconnect": could not find dataconnect.yaml in `d:\SEVANI\dataconnect`
 {"metadata":{"emulator":{"name":"dataconnect"},"message":"E0331 21:17:17.598886   20728 watch.go:40] Failed to load config from \"d:\\\\SEVANI\\\\dataconnect\": could not find dataconnect.yaml in `d:\\SEVANI\\dataconnect`\n"}}
[debug] [2026-03-31T14:17:27.599Z] E0331 21:17:27.598972   20728 watch.go:40] Failed to load config from "d:\\SEVANI\\dataconnect": could not find dataconnect.yaml in `d:\SEVANI\dataconnect`
 {"metadata":{"emulator":{"name":"dataconnect"},"message":"E0331 21:17:27.598972   20728 watch.go:40] Failed to load config from \"d:\\\\SEVANI\\\\dataconnect\": could not find dataconnect.yaml in `d:\\SEVANI\\dataconnect`\n"}}
[debug] [2026-03-31T14:17:37.600Z] E0331 21:17:37.600338   20728 watch.go:40] Failed to load config from "d:\\SEVANI\\dataconnect": could not find dataconnect.yaml in `d:\SEVANI\dataconnect`
 {"metadata":{"emulator":{"name":"dataconnect"},"message":"E0331 21:17:37.600338   20728 watch.go:40] Failed to load config from \"d:\\\\SEVANI\\\\dataconnect\": could not find dataconnect.yaml in `d:\\SEVANI\\dataconnect`\n"}}
[debug] [2026-03-31T14:17:47.598Z] E0331 21:17:47.599149   20728 watch.go:40] Failed to load config from "d:\\SEVANI\\dataconnect": could not find dataconnect.yaml in `d:\SEVANI\dataconnect`
 {"metadata":{"emulator":{"name":"dataconnect"},"message":"E0331 21:17:47.599149   20728 watch.go:40] Failed to load config from \"d:\\\\SEVANI\\\\dataconnect\": could not find dataconnect.yaml in `d:\\SEVANI\\dataconnect`\n"}}
[debug] [2026-03-31T14:17:57.598Z] E0331 21:17:57.598896   20728 watch.go:116] watchAllDir unable to walk dir `d:\SEVANI\dataconnect`: GetFileAttributesEx d:\SEVANI\dataconnect: The system cannot find the file specified.
E0331 21:17:57.598896   20728 watch.go:40] Failed to load config from "d:\\SEVANI\\dataconnect": could not find dataconnect.yaml in `d:\SEVANI\dataconnect`
 {"metadata":{"emulator":{"name":"dataconnect"},"message":"E0331 21:17:57.598896   20728 watch.go:116] watchAllDir unable to walk dir `d:\\SEVANI\\dataconnect`: GetFileAttributesEx d:\\SEVANI\\dataconnect: The system cannot find the file specified.\nE0331 21:17:57.598896   20728 watch.go:40] Failed to load config from \"d:\\\\SEVANI\\\\dataconnect\": could not find dataconnect.yaml in `d:\\SEVANI\\dataconnect`\n"}}
[debug] [2026-03-31T14:18:07.598Z] E0331 21:18:07.598892   20728 watch.go:40] Failed to load config from "d:\\SEVANI\\dataconnect": could not find dataconnect.yaml in `d:\SEVANI\dataconnect`
 {"metadata":{"emulator":{"name":"dataconnect"},"message":"E0331 21:18:07.598892   20728 watch.go:40] Failed to load config from \"d:\\\\SEVANI\\\\dataconnect\": could not find dataconnect.yaml in `d:\\SEVANI\\dataconnect`\n"}}
[debug] [2026-03-31T14:18:17.598Z] E0331 21:18:17.598513   20728 watch.go:40] Failed to load config from "d:\\SEVANI\\dataconnect": could not find dataconnect.yaml in `d:\SEVANI\dataconnect`
 {"metadata":{"emulator":{"name":"dataconnect"},"message":"E0331 21:18:17.598513   20728 watch.go:40] Failed to load config from \"d:\\\\SEVANI\\\\dataconnect\": could not find dataconnect.yaml in `d:\\SEVANI\\dataconnect`\n"}}
[debug] [2026-03-31T14:18:27.599Z] E0331 21:18:27.599888   20728 watch.go:40] Failed to load config from "d:\\SEVANI\\dataconnect": could not find dataconnect.yaml in `d:\SEVANI\dataconnect`
 {"metadata":{"emulator":{"name":"dataconnect"},"message":"E0331 21:18:27.599888   20728 watch.go:40] Failed to load config from \"d:\\\\SEVANI\\\\dataconnect\": could not find dataconnect.yaml in `d:\\SEVANI\\dataconnect`\n"}}
[debug] [2026-03-31T14:18:37.598Z] E0331 21:18:37.598681   20728 watch.go:40] Failed to load config from "d:\\SEVANI\\dataconnect": could not find dataconnect.yaml in `d:\SEVANI\dataconnect`
 {"metadata":{"emulator":{"name":"dataconnect"},"message":"E0331 21:18:37.598681   20728 watch.go:40] Failed to load config from \"d:\\\\SEVANI\\\\dataconnect\": could not find dataconnect.yaml in `d:\\SEVANI\\dataconnect`\n"}}
[debug] [2026-03-31T14:18:47.599Z] E0331 21:18:47.599322   20728 watch.go:40] Failed to load config from "d:\\SEVANI\\dataconnect": could not find dataconnect.yaml in `d:\SEVANI\dataconnect`
 {"metadata":{"emulator":{"name":"dataconnect"},"message":"E0331 21:18:47.599322   20728 watch.go:40] Failed to load config from \"d:\\\\SEVANI\\\\dataconnect\": could not find dataconnect.yaml in `d:\\SEVANI\\dataconnect`\n"}}
[debug] [2026-03-31T14:18:57.599Z] E0331 21:18:57.599098   20728 watch.go:116] watchAllDir unable to walk dir `d:\SEVANI\dataconnect`: GetFileAttributesEx d:\SEVANI\dataconnect: The system cannot find the file specified.
E0331 21:18:57.599522   20728 watch.go:40] Failed to load config from "d:\\SEVANI\\dataconnect": could not find dataconnect.yaml in `d:\SEVANI\dataconnect`
 {"metadata":{"emulator":{"name":"dataconnect"},"message":"E0331 21:18:57.599098   20728 watch.go:116] watchAllDir unable to walk dir `d:\\SEVANI\\dataconnect`: GetFileAttributesEx d:\\SEVANI\\dataconnect: The system cannot find the file specified.\nE0331 21:18:57.599522   20728 watch.go:40] Failed to load config from \"d:\\\\SEVANI\\\\dataconnect\": could not find dataconnect.yaml in `d:\\SEVANI\\dataconnect`\n"}}
[debug] [2026-03-31T14:19:07.599Z] E0331 21:19:07.598732   20728 watch.go:40] Failed to load config from "d:\\SEVANI\\dataconnect": could not find dataconnect.yaml in `d:\SEVANI\dataconnect`
 {"metadata":{"emulator":{"name":"dataconnect"},"message":"E0331 21:19:07.598732   20728 watch.go:40] Failed to load config from \"d:\\\\SEVANI\\\\dataconnect\": could not find dataconnect.yaml in `d:\\SEVANI\\dataconnect`\n"}}
[debug] [2026-03-31T14:19:17.600Z] E0331 21:19:17.599366   20728 watch.go:40] Failed to load config from "d:\\SEVANI\\dataconnect": could not find dataconnect.yaml in `d:\SEVANI\dataconnect`
 {"metadata":{"emulator":{"name":"dataconnect"},"message":"E0331 21:19:17.599366   20728 watch.go:40] Failed to load config from \"d:\\\\SEVANI\\\\dataconnect\": could not find dataconnect.yaml in `d:\\SEVANI\\dataconnect`\n"}}
[debug] [2026-03-31T14:19:27.600Z] E0331 21:19:27.599700   20728 watch.go:40] Failed to load config from "d:\\SEVANI\\dataconnect": could not find dataconnect.yaml in `d:\SEVANI\dataconnect`
 {"metadata":{"emulator":{"name":"dataconnect"},"message":"E0331 21:19:27.599700   20728 watch.go:40] Failed to load config from \"d:\\\\SEVANI\\\\dataconnect\": could not find dataconnect.yaml in `d:\\SEVANI\\dataconnect`\n"}}
[debug] [2026-03-31T14:19:37.599Z] E0331 21:19:37.598972   20728 watch.go:40] Failed to load config from "d:\\SEVANI\\dataconnect": could not find dataconnect.yaml in `d:\SEVANI\dataconnect`
 {"metadata":{"emulator":{"name":"dataconnect"},"message":"E0331 21:19:37.598972   20728 watch.go:40] Failed to load config from \"d:\\\\SEVANI\\\\dataconnect\": could not find dataconnect.yaml in `d:\\SEVANI\\dataconnect`\n"}}
[debug] [2026-03-31T14:19:47.600Z] E0331 21:19:47.598927   20728 watch.go:40] Failed to load config from "d:\\SEVANI\\dataconnect": could not find dataconnect.yaml in `d:\SEVANI\dataconnect`
 {"metadata":{"emulator":{"name":"dataconnect"},"message":"E0331 21:19:47.598927   20728 watch.go:40] Failed to load config from \"d:\\\\SEVANI\\\\dataconnect\": could not find dataconnect.yaml in `d:\\SEVANI\\dataconnect`\n"}}
[debug] [2026-03-31T14:19:57.600Z] E0331 21:19:57.598811   20728 watch.go:116] watchAllDir unable to walk dir `d:\SEVANI\dataconnect`: GetFileAttributesEx d:\SEVANI\dataconnect: The system cannot find the file specified.
 {"metadata":{"emulator":{"name":"dataconnect"},"message":"E0331 21:19:57.598811   20728 watch.go:116] watchAllDir unable to walk dir `d:\\SEVANI\\dataconnect`: GetFileAttributesEx d:\\SEVANI\\dataconnect: The system cannot find the file specified.\n"}}
[debug] [2026-03-31T14:19:57.602Z] E0331 21:19:57.599755   20728 watch.go:40] Failed to load config from "d:\\SEVANI\\dataconnect": could not find dataconnect.yaml in `d:\SEVANI\dataconnect`
 {"metadata":{"emulator":{"name":"dataconnect"},"message":"E0331 21:19:57.599755   20728 watch.go:40] Failed to load config from \"d:\\\\SEVANI\\\\dataconnect\": could not find dataconnect.yaml in `d:\\SEVANI\\dataconnect`\n"}}
[debug] [2026-03-31T14:20:07.600Z] E0331 21:20:07.599379   20728 watch.go:40] Failed to load config from "d:\\SEVANI\\dataconnect": could not find dataconnect.yaml in `d:\SEVANI\dataconnect`
 {"metadata":{"emulator":{"name":"dataconnect"},"message":"E0331 21:20:07.599379   20728 watch.go:40] Failed to load config from \"d:\\\\SEVANI\\\\dataconnect\": could not find dataconnect.yaml in `d:\\SEVANI\\dataconnect`\n"}}
[debug] [2026-03-31T14:20:17.600Z] E0331 21:20:17.599446   20728 watch.go:40] Failed to load config from "d:\\SEVANI\\dataconnect": could not find dataconnect.yaml in `d:\SEVANI\dataconnect`
 {"metadata":{"emulator":{"name":"dataconnect"},"message":"E0331 21:20:17.599446   20728 watch.go:40] Failed to load config from \"d:\\\\SEVANI\\\\dataconnect\": could not find dataconnect.yaml in `d:\\SEVANI\\dataconnect`\n"}}
[debug] [2026-03-31T14:20:27.600Z] E0331 21:20:27.599151   20728 watch.go:40] Failed to load config from "d:\\SEVANI\\dataconnect": could not find dataconnect.yaml in `d:\SEVANI\dataconnect`
 {"metadata":{"emulator":{"name":"dataconnect"},"message":"E0331 21:20:27.599151   20728 watch.go:40] Failed to load config from \"d:\\\\SEVANI\\\\dataconnect\": could not find dataconnect.yaml in `d:\\SEVANI\\dataconnect`\n"}}
[debug] [2026-03-31T14:20:37.599Z] E0331 21:20:37.598844   20728 watch.go:40] Failed to load config from "d:\\SEVANI\\dataconnect": could not find dataconnect.yaml in `d:\SEVANI\dataconnect`
 {"metadata":{"emulator":{"name":"dataconnect"},"message":"E0331 21:20:37.598844   20728 watch.go:40] Failed to load config from \"d:\\\\SEVANI\\\\dataconnect\": could not find dataconnect.yaml in `d:\\SEVANI\\dataconnect`\n"}}
[debug] [2026-03-31T14:20:47.600Z] E0331 21:20:47.599491   20728 watch.go:40] Failed to load config from "d:\\SEVANI\\dataconnect": could not find dataconnect.yaml in `d:\SEVANI\dataconnect`
 {"metadata":{"emulator":{"name":"dataconnect"},"message":"E0331 21:20:47.599491   20728 watch.go:40] Failed to load config from \"d:\\\\SEVANI\\\\dataconnect\": could not find dataconnect.yaml in `d:\\SEVANI\\dataconnect`\n"}}
[debug] [2026-03-31T14:20:57.598Z] E0331 21:20:57.598717   20728 watch.go:116] watchAllDir unable to walk dir `d:\SEVANI\dataconnect`: GetFileAttributesEx d:\SEVANI\dataconnect: The system cannot find the file specified.
 {"metadata":{"emulator":{"name":"dataconnect"},"message":"E0331 21:20:57.598717   20728 watch.go:116] watchAllDir unable to walk dir `d:\\SEVANI\\dataconnect`: GetFileAttributesEx d:\\SEVANI\\dataconnect: The system cannot find the file specified.\n"}}
[debug] [2026-03-31T14:20:57.600Z] E0331 21:20:57.598717   20728 watch.go:40] Failed to load config from "d:\\SEVANI\\dataconnect": could not find dataconnect.yaml in `d:\SEVANI\dataconnect`
 {"metadata":{"emulator":{"name":"dataconnect"},"message":"E0331 21:20:57.598717   20728 watch.go:40] Failed to load config from \"d:\\\\SEVANI\\\\dataconnect\": could not find dataconnect.yaml in `d:\\SEVANI\\dataconnect`\n"}}
[debug] [2026-03-31T14:21:07.599Z] E0331 21:21:07.598999   20728 watch.go:40] Failed to load config from "d:\\SEVANI\\dataconnect": could not find dataconnect.yaml in `d:\SEVANI\dataconnect`
 {"metadata":{"emulator":{"name":"dataconnect"},"message":"E0331 21:21:07.598999   20728 watch.go:40] Failed to load config from \"d:\\\\SEVANI\\\\dataconnect\": could not find dataconnect.yaml in `d:\\SEVANI\\dataconnect`\n"}}
[debug] [2026-03-31T14:21:17.599Z] E0331 21:21:17.599019   20728 watch.go:40] Failed to load config from "d:\\SEVANI\\dataconnect": could not find dataconnect.yaml in `d:\SEVANI\dataconnect`
 {"metadata":{"emulator":{"name":"dataconnect"},"message":"E0331 21:21:17.599019   20728 watch.go:40] Failed to load config from \"d:\\\\SEVANI\\\\dataconnect\": could not find dataconnect.yaml in `d:\\SEVANI\\dataconnect`\n"}}
[debug] [2026-03-31T14:21:27.599Z] E0331 21:21:27.598805   20728 watch.go:40] Failed to load config from "d:\\SEVANI\\dataconnect": could not find dataconnect.yaml in `d:\SEVANI\dataconnect`
 {"metadata":{"emulator":{"name":"dataconnect"},"message":"E0331 21:21:27.598805   20728 watch.go:40] Failed to load config from \"d:\\\\SEVANI\\\\dataconnect\": could not find dataconnect.yaml in `d:\\SEVANI\\dataconnect`\n"}}
[debug] [2026-03-31T14:21:37.599Z] E0331 21:21:37.599041   20728 watch.go:40] Failed to load config from "d:\\SEVANI\\dataconnect": could not find dataconnect.yaml in `d:\SEVANI\dataconnect`
 {"metadata":{"emulator":{"name":"dataconnect"},"message":"E0331 21:21:37.599041   20728 watch.go:40] Failed to load config from \"d:\\\\SEVANI\\\\dataconnect\": could not find dataconnect.yaml in `d:\\SEVANI\\dataconnect`\n"}}
[debug] [2026-03-31T14:21:47.599Z] E0331 21:21:47.599732   20728 watch.go:40] Failed to load config from "d:\\SEVANI\\dataconnect": could not find dataconnect.yaml in `d:\SEVANI\dataconnect`
 {"metadata":{"emulator":{"name":"dataconnect"},"message":"E0331 21:21:47.599732   20728 watch.go:40] Failed to load config from \"d:\\\\SEVANI\\\\dataconnect\": could not find dataconnect.yaml in `d:\\SEVANI\\dataconnect`\n"}}
[debug] [2026-03-31T14:21:57.644Z] E0331 21:21:57.598633   20728 watch.go:116] watchAllDir unable to walk dir `d:\SEVANI\dataconnect`: GetFileAttributesEx d:\SEVANI\dataconnect: The system cannot find the file specified.
E0331 21:21:57.598633   20728 watch.go:40] Failed to load config from "d:\\SEVANI\\dataconnect": could not find dataconnect.yaml in `d:\SEVANI\dataconnect`
 {"metadata":{"emulator":{"name":"dataconnect"},"message":"E0331 21:21:57.598633   20728 watch.go:116] watchAllDir unable to walk dir `d:\\SEVANI\\dataconnect`: GetFileAttributesEx d:\\SEVANI\\dataconnect: The system cannot find the file specified.\nE0331 21:21:57.598633   20728 watch.go:40] Failed to load config from \"d:\\\\SEVANI\\\\dataconnect\": could not find dataconnect.yaml in `d:\\SEVANI\\dataconnect`\n"}}
[debug] [2026-03-31T14:22:07.599Z] E0331 21:22:07.599069   20728 watch.go:40] Failed to load config from "d:\\SEVANI\\dataconnect": could not find dataconnect.yaml in `d:\SEVANI\dataconnect`
 {"metadata":{"emulator":{"name":"dataconnect"},"message":"E0331 21:22:07.599069   20728 watch.go:40] Failed to load config from \"d:\\\\SEVANI\\\\dataconnect\": could not find dataconnect.yaml in `d:\\SEVANI\\dataconnect`\n"}}
[debug] [2026-03-31T14:22:17.599Z] E0331 21:22:17.598663   20728 watch.go:40] Failed to load config from "d:\\SEVANI\\dataconnect": could not find dataconnect.yaml in `d:\SEVANI\dataconnect`
 {"metadata":{"emulator":{"name":"dataconnect"},"message":"E0331 21:22:17.598663   20728 watch.go:40] Failed to load config from \"d:\\\\SEVANI\\\\dataconnect\": could not find dataconnect.yaml in `d:\\SEVANI\\dataconnect`\n"}}
[debug] [2026-03-31T14:22:27.599Z] E0331 21:22:27.598517   20728 watch.go:40] Failed to load config from "d:\\SEVANI\\dataconnect": could not find dataconnect.yaml in `d:\SEVANI\dataconnect`
 {"metadata":{"emulator":{"name":"dataconnect"},"message":"E0331 21:22:27.598517   20728 watch.go:40] Failed to load config from \"d:\\\\SEVANI\\\\dataconnect\": could not find dataconnect.yaml in `d:\\SEVANI\\dataconnect`\n"}}
[debug] [2026-03-31T14:22:37.599Z] E0331 21:22:37.598763   20728 watch.go:40] Failed to load config from "d:\\SEVANI\\dataconnect": could not find dataconnect.yaml in `d:\SEVANI\dataconnect`
 {"metadata":{"emulator":{"name":"dataconnect"},"message":"E0331 21:22:37.598763   20728 watch.go:40] Failed to load config from \"d:\\\\SEVANI\\\\dataconnect\": could not find dataconnect.yaml in `d:\\SEVANI\\dataconnect`\n"}}
[debug] [2026-03-31T14:22:47.599Z] E0331 21:22:47.598855   20728 watch.go:40] Failed to load config from "d:\\SEVANI\\dataconnect": could not find dataconnect.yaml in `d:\SEVANI\dataconnect`
 {"metadata":{"emulator":{"name":"dataconnect"},"message":"E0331 21:22:47.598855   20728 watch.go:40] Failed to load config from \"d:\\\\SEVANI\\\\dataconnect\": could not find dataconnect.yaml in `d:\\SEVANI\\dataconnect`\n"}}
[debug] [2026-03-31T14:22:57.599Z] E0331 21:22:57.598640   20728 watch.go:116] watchAllDir unable to walk dir `d:\SEVANI\dataconnect`: GetFileAttributesEx d:\SEVANI\dataconnect: The system cannot find the file specified.
E0331 21:22:57.598640   20728 watch.go:40] Failed to load config from "d:\\SEVANI\\dataconnect": could not find dataconnect.yaml in `d:\SEVANI\dataconnect`
 {"metadata":{"emulator":{"name":"dataconnect"},"message":"E0331 21:22:57.598640   20728 watch.go:116] watchAllDir unable to walk dir `d:\\SEVANI\\dataconnect`: GetFileAttributesEx d:\\SEVANI\\dataconnect: The system cannot find the file specified.\nE0331 21:22:57.598640   20728 watch.go:40] Failed to load config from \"d:\\\\SEVANI\\\\dataconnect\": could not find dataconnect.yaml in `d:\\SEVANI\\dataconnect`\n"}}
[debug] [2026-03-31T14:23:07.599Z] E0331 21:23:07.598877   20728 watch.go:40] Failed to load config from "d:\\SEVANI\\dataconnect": could not find dataconnect.yaml in `d:\SEVANI\dataconnect`
 {"metadata":{"emulator":{"name":"dataconnect"},"message":"E0331 21:23:07.598877   20728 watch.go:40] Failed to load config from \"d:\\\\SEVANI\\\\dataconnect\": could not find dataconnect.yaml in `d:\\SEVANI\\dataconnect`\n"}}
[debug] [2026-03-31T14:23:17.599Z] E0331 21:23:17.598871   20728 watch.go:40] Failed to load config from "d:\\SEVANI\\dataconnect": could not find dataconnect.yaml in `d:\SEVANI\dataconnect`
 {"metadata":{"emulator":{"name":"dataconnect"},"message":"E0331 21:23:17.598871   20728 watch.go:40] Failed to load config from \"d:\\\\SEVANI\\\\dataconnect\": could not find dataconnect.yaml in `d:\\SEVANI\\dataconnect`\n"}}
[debug] [2026-03-31T14:23:27.599Z] E0331 21:23:27.599094   20728 watch.go:40] Failed to load config from "d:\\SEVANI\\dataconnect": could not find dataconnect.yaml in `d:\SEVANI\dataconnect`
 {"metadata":{"emulator":{"name":"dataconnect"},"message":"E0331 21:23:27.599094   20728 watch.go:40] Failed to load config from \"d:\\\\SEVANI\\\\dataconnect\": could not find dataconnect.yaml in `d:\\SEVANI\\dataconnect`\n"}}
[debug] [2026-03-31T14:23:37.599Z] E0331 21:23:37.599588   20728 watch.go:40] Failed to load config from "d:\\SEVANI\\dataconnect": could not find dataconnect.yaml in `d:\SEVANI\dataconnect`
 {"metadata":{"emulator":{"name":"dataconnect"},"message":"E0331 21:23:37.599588   20728 watch.go:40] Failed to load config from \"d:\\\\SEVANI\\\\dataconnect\": could not find dataconnect.yaml in `d:\\SEVANI\\dataconnect`\n"}}
[debug] [2026-03-31T14:23:47.599Z] E0331 21:23:47.598770   20728 watch.go:40] Failed to load config from "d:\\SEVANI\\dataconnect": could not find dataconnect.yaml in `d:\SEVANI\dataconnect`
 {"metadata":{"emulator":{"name":"dataconnect"},"message":"E0331 21:23:47.598770   20728 watch.go:40] Failed to load config from \"d:\\\\SEVANI\\\\dataconnect\": could not find dataconnect.yaml in `d:\\SEVANI\\dataconnect`\n"}}
[debug] [2026-03-31T14:23:57.598Z] E0331 21:23:57.598409   20728 watch.go:116] watchAllDir unable to walk dir `d:\SEVANI\dataconnect`: GetFileAttributesEx d:\SEVANI\dataconnect: The system cannot find the file specified.
 {"metadata":{"emulator":{"name":"dataconnect"},"message":"E0331 21:23:57.598409   20728 watch.go:116] watchAllDir unable to walk dir `d:\\SEVANI\\dataconnect`: GetFileAttributesEx d:\\SEVANI\\dataconnect: The system cannot find the file specified.\n"}}
[debug] [2026-03-31T14:23:57.600Z] E0331 21:23:57.598922   20728 watch.go:40] Failed to load config from "d:\\SEVANI\\dataconnect": could not find dataconnect.yaml in `d:\SEVANI\dataconnect`
 {"metadata":{"emulator":{"name":"dataconnect"},"message":"E0331 21:23:57.598922   20728 watch.go:40] Failed to load config from \"d:\\\\SEVANI\\\\dataconnect\": could not find dataconnect.yaml in `d:\\SEVANI\\dataconnect`\n"}}
[debug] [2026-03-31T14:24:07.599Z] E0331 21:24:07.599020   20728 watch.go:40] Failed to load config from "d:\\SEVANI\\dataconnect": could not find dataconnect.yaml in `d:\SEVANI\dataconnect`
 {"metadata":{"emulator":{"name":"dataconnect"},"message":"E0331 21:24:07.599020   20728 watch.go:40] Failed to load config from \"d:\\\\SEVANI\\\\dataconnect\": could not find dataconnect.yaml in `d:\\SEVANI\\dataconnect`\n"}}
[debug] [2026-03-31T14:24:17.599Z] E0331 21:24:17.598884   20728 watch.go:40] Failed to load config from "d:\\SEVANI\\dataconnect": could not find dataconnect.yaml in `d:\SEVANI\dataconnect`
 {"metadata":{"emulator":{"name":"dataconnect"},"message":"E0331 21:24:17.598884   20728 watch.go:40] Failed to load config from \"d:\\\\SEVANI\\\\dataconnect\": could not find dataconnect.yaml in `d:\\SEVANI\\dataconnect`\n"}}
[debug] [2026-03-31T14:24:27.599Z] E0331 21:24:27.598895   20728 watch.go:40] Failed to load config from "d:\\SEVANI\\dataconnect": could not find dataconnect.yaml in `d:\SEVANI\dataconnect`
 {"metadata":{"emulator":{"name":"dataconnect"},"message":"E0331 21:24:27.598895   20728 watch.go:40] Failed to load config from \"d:\\\\SEVANI\\\\dataconnect\": could not find dataconnect.yaml in `d:\\SEVANI\\dataconnect`\n"}}
[debug] [2026-03-31T14:24:37.599Z] E0331 21:24:37.599011   20728 watch.go:40] Failed to load config from "d:\\SEVANI\\dataconnect": could not find dataconnect.yaml in `d:\SEVANI\dataconnect`
 {"metadata":{"emulator":{"name":"dataconnect"},"message":"E0331 21:24:37.599011   20728 watch.go:40] Failed to load config from \"d:\\\\SEVANI\\\\dataconnect\": could not find dataconnect.yaml in `d:\\SEVANI\\dataconnect`\n"}}
[debug] [2026-03-31T14:24:47.599Z] E0331 21:24:47.598865   20728 watch.go:40] Failed to load config from "d:\\SEVANI\\dataconnect": could not find dataconnect.yaml in `d:\SEVANI\dataconnect`
 {"metadata":{"emulator":{"name":"dataconnect"},"message":"E0331 21:24:47.598865   20728 watch.go:40] Failed to load config from \"d:\\\\SEVANI\\\\dataconnect\": could not find dataconnect.yaml in `d:\\SEVANI\\dataconnect`\n"}}
[debug] [2026-03-31T14:24:57.599Z] E0331 21:24:57.598921   20728 watch.go:116] watchAllDir unable to walk dir `d:\SEVANI\dataconnect`: GetFileAttributesEx d:\SEVANI\dataconnect: The system cannot find the file specified.
E0331 21:24:57.599337   20728 watch.go:40] Failed to load config from "d:\\SEVANI\\dataconnect": could not find dataconnect.yaml in `d:\SEVANI\dataconnect`
 {"metadata":{"emulator":{"name":"dataconnect"},"message":"E0331 21:24:57.598921   20728 watch.go:116] watchAllDir unable to walk dir `d:\\SEVANI\\dataconnect`: GetFileAttributesEx d:\\SEVANI\\dataconnect: The system cannot find the file specified.\nE0331 21:24:57.599337   20728 watch.go:40] Failed to load config from \"d:\\\\SEVANI\\\\dataconnect\": could not find dataconnect.yaml in `d:\\SEVANI\\dataconnect`\n"}}
[debug] [2026-03-31T14:25:07.599Z] E0331 21:25:07.598997   20728 watch.go:40] Failed to load config from "d:\\SEVANI\\dataconnect": could not find dataconnect.yaml in `d:\SEVANI\dataconnect`
 {"metadata":{"emulator":{"name":"dataconnect"},"message":"E0331 21:25:07.598997   20728 watch.go:40] Failed to load config from \"d:\\\\SEVANI\\\\dataconnect\": could not find dataconnect.yaml in `d:\\SEVANI\\dataconnect`\n"}}
[debug] [2026-03-31T14:25:17.601Z] E0331 21:25:17.601127   20728 watch.go:40] Failed to load config from "d:\\SEVANI\\dataconnect": could not find dataconnect.yaml in `d:\SEVANI\dataconnect`
 {"metadata":{"emulator":{"name":"dataconnect"},"message":"E0331 21:25:17.601127   20728 watch.go:40] Failed to load config from \"d:\\\\SEVANI\\\\dataconnect\": could not find dataconnect.yaml in `d:\\SEVANI\\dataconnect`\n"}}
[debug] [2026-03-31T14:25:27.600Z] E0331 21:25:27.599143   20728 watch.go:40] Failed to load config from "d:\\SEVANI\\dataconnect": could not find dataconnect.yaml in `d:\SEVANI\dataconnect`
 {"metadata":{"emulator":{"name":"dataconnect"},"message":"E0331 21:25:27.599143   20728 watch.go:40] Failed to load config from \"d:\\\\SEVANI\\\\dataconnect\": could not find dataconnect.yaml in `d:\\SEVANI\\dataconnect`\n"}}
[debug] [2026-03-31T14:25:37.598Z] E0331 21:25:37.598302   20728 watch.go:40] Failed to load config from "d:\\SEVANI\\dataconnect": could not find dataconnect.yaml in `d:\SEVANI\dataconnect`
 {"metadata":{"emulator":{"name":"dataconnect"},"message":"E0331 21:25:37.598302   20728 watch.go:40] Failed to load config from \"d:\\\\SEVANI\\\\dataconnect\": could not find dataconnect.yaml in `d:\\SEVANI\\dataconnect`\n"}}
[debug] [2026-03-31T14:25:47.599Z] E0331 21:25:47.599248   20728 watch.go:40] Failed to load config from "d:\\SEVANI\\dataconnect": could not find dataconnect.yaml in `d:\SEVANI\dataconnect`
 {"metadata":{"emulator":{"name":"dataconnect"},"message":"E0331 21:25:47.599248   20728 watch.go:40] Failed to load config from \"d:\\\\SEVANI\\\\dataconnect\": could not find dataconnect.yaml in `d:\\SEVANI\\dataconnect`\n"}}
[debug] [2026-03-31T14:25:57.599Z] E0331 21:25:57.598788   20728 watch.go:116] watchAllDir unable to walk dir `d:\SEVANI\dataconnect`: GetFileAttributesEx d:\SEVANI\dataconnect: The system cannot find the file specified.
E0331 21:25:57.599385   20728 watch.go:40] Failed to load config from "d:\\SEVANI\\dataconnect": could not find dataconnect.yaml in `d:\SEVANI\dataconnect`
 {"metadata":{"emulator":{"name":"dataconnect"},"message":"E0331 21:25:57.598788   20728 watch.go:116] watchAllDir unable to walk dir `d:\\SEVANI\\dataconnect`: GetFileAttributesEx d:\\SEVANI\\dataconnect: The system cannot find the file specified.\nE0331 21:25:57.599385   20728 watch.go:40] Failed to load config from \"d:\\\\SEVANI\\\\dataconnect\": could not find dataconnect.yaml in `d:\\SEVANI\\dataconnect`\n"}}
[debug] [2026-03-31T14:26:07.600Z] E0331 21:26:07.600335   20728 watch.go:40] Failed to load config from "d:\\SEVANI\\dataconnect": could not find dataconnect.yaml in `d:\SEVANI\dataconnect`
 {"metadata":{"emulator":{"name":"dataconnect"},"message":"E0331 21:26:07.600335   20728 watch.go:40] Failed to load config from \"d:\\\\SEVANI\\\\dataconnect\": could not find dataconnect.yaml in `d:\\SEVANI\\dataconnect`\n"}}
[debug] [2026-03-31T14:26:17.599Z] E0331 21:26:17.599210   20728 watch.go:40] Failed to load config from "d:\\SEVANI\\dataconnect": could not find dataconnect.yaml in `d:\SEVANI\dataconnect`
 {"metadata":{"emulator":{"name":"dataconnect"},"message":"E0331 21:26:17.599210   20728 watch.go:40] Failed to load config from \"d:\\\\SEVANI\\\\dataconnect\": could not find dataconnect.yaml in `d:\\SEVANI\\dataconnect`\n"}}
[debug] [2026-03-31T14:26:27.599Z] E0331 21:26:27.598850   20728 watch.go:40] Failed to load config from "d:\\SEVANI\\dataconnect": could not find dataconnect.yaml in `d:\SEVANI\dataconnect`
 {"metadata":{"emulator":{"name":"dataconnect"},"message":"E0331 21:26:27.598850   20728 watch.go:40] Failed to load config from \"d:\\\\SEVANI\\\\dataconnect\": could not find dataconnect.yaml in `d:\\SEVANI\\dataconnect`\n"}}
[debug] [2026-03-31T14:26:37.599Z] E0331 21:26:37.598923   20728 watch.go:40] Failed to load config from "d:\\SEVANI\\dataconnect": could not find dataconnect.yaml in `d:\SEVANI\dataconnect`
 {"metadata":{"emulator":{"name":"dataconnect"},"message":"E0331 21:26:37.598923   20728 watch.go:40] Failed to load config from \"d:\\\\SEVANI\\\\dataconnect\": could not find dataconnect.yaml in `d:\\SEVANI\\dataconnect`\n"}}
[debug] [2026-03-31T14:26:47.599Z] E0331 21:26:47.598675   20728 watch.go:40] Failed to load config from "d:\\SEVANI\\dataconnect": could not find dataconnect.yaml in `d:\SEVANI\dataconnect`
 {"metadata":{"emulator":{"name":"dataconnect"},"message":"E0331 21:26:47.598675   20728 watch.go:40] Failed to load config from \"d:\\\\SEVANI\\\\dataconnect\": could not find dataconnect.yaml in `d:\\SEVANI\\dataconnect`\n"}}
[debug] [2026-03-31T14:26:57.599Z] E0331 21:26:57.598982   20728 watch.go:116] watchAllDir unable to walk dir `d:\SEVANI\dataconnect`: GetFileAttributesEx d:\SEVANI\dataconnect: The system cannot find the file specified.
E0331 21:26:57.599321   20728 watch.go:40] Failed to load config from "d:\\SEVANI\\dataconnect": could not find dataconnect.yaml in `d:\SEVANI\dataconnect`
 {"metadata":{"emulator":{"name":"dataconnect"},"message":"E0331 21:26:57.598982   20728 watch.go:116] watchAllDir unable to walk dir `d:\\SEVANI\\dataconnect`: GetFileAttributesEx d:\\SEVANI\\dataconnect: The system cannot find the file specified.\nE0331 21:26:57.599321   20728 watch.go:40] Failed to load config from \"d:\\\\SEVANI\\\\dataconnect\": could not find dataconnect.yaml in `d:\\SEVANI\\dataconnect`\n"}}
[debug] [2026-03-31T14:27:07.599Z] E0331 21:27:07.598561   20728 watch.go:40] Failed to load config from "d:\\SEVANI\\dataconnect": could not find dataconnect.yaml in `d:\SEVANI\dataconnect`
 {"metadata":{"emulator":{"name":"dataconnect"},"message":"E0331 21:27:07.598561   20728 watch.go:40] Failed to load config from \"d:\\\\SEVANI\\\\dataconnect\": could not find dataconnect.yaml in `d:\\SEVANI\\dataconnect`\n"}}
[debug] [2026-03-31T14:27:17.599Z] E0331 21:27:17.598783   20728 watch.go:40] Failed to load config from "d:\\SEVANI\\dataconnect": could not find dataconnect.yaml in `d:\SEVANI\dataconnect`
 {"metadata":{"emulator":{"name":"dataconnect"},"message":"E0331 21:27:17.598783   20728 watch.go:40] Failed to load config from \"d:\\\\SEVANI\\\\dataconnect\": could not find dataconnect.yaml in `d:\\SEVANI\\dataconnect`\n"}}
[debug] [2026-03-31T14:27:27.599Z] E0331 21:27:27.598741   20728 watch.go:40] Failed to load config from "d:\\SEVANI\\dataconnect": could not find dataconnect.yaml in `d:\SEVANI\dataconnect`
 {"metadata":{"emulator":{"name":"dataconnect"},"message":"E0331 21:27:27.598741   20728 watch.go:40] Failed to load config from \"d:\\\\SEVANI\\\\dataconnect\": could not find dataconnect.yaml in `d:\\SEVANI\\dataconnect`\n"}}
[debug] [2026-03-31T14:27:37.599Z] E0331 21:27:37.598695   20728 watch.go:40] Failed to load config from "d:\\SEVANI\\dataconnect": could not find dataconnect.yaml in `d:\SEVANI\dataconnect`
 {"metadata":{"emulator":{"name":"dataconnect"},"message":"E0331 21:27:37.598695   20728 watch.go:40] Failed to load config from \"d:\\\\SEVANI\\\\dataconnect\": could not find dataconnect.yaml in `d:\\SEVANI\\dataconnect`\n"}}
[debug] [2026-03-31T14:27:47.599Z] E0331 21:27:47.599389   20728 watch.go:40] Failed to load config from "d:\\SEVANI\\dataconnect": could not find dataconnect.yaml in `d:\SEVANI\dataconnect`
 {"metadata":{"emulator":{"name":"dataconnect"},"message":"E0331 21:27:47.599389   20728 watch.go:40] Failed to load config from \"d:\\\\SEVANI\\\\dataconnect\": could not find dataconnect.yaml in `d:\\SEVANI\\dataconnect`\n"}}
[debug] [2026-03-31T14:27:57.599Z] E0331 21:27:57.599042   20728 watch.go:116] watchAllDir unable to walk dir `d:\SEVANI\dataconnect`: GetFileAttributesEx d:\SEVANI\dataconnect: The system cannot find the file specified.
E0331 21:27:57.599042   20728 watch.go:40] Failed to load config from "d:\\SEVANI\\dataconnect": could not find dataconnect.yaml in `d:\SEVANI\dataconnect`
 {"metadata":{"emulator":{"name":"dataconnect"},"message":"E0331 21:27:57.599042   20728 watch.go:116] watchAllDir unable to walk dir `d:\\SEVANI\\dataconnect`: GetFileAttributesEx d:\\SEVANI\\dataconnect: The system cannot find the file specified.\nE0331 21:27:57.599042   20728 watch.go:40] Failed to load config from \"d:\\\\SEVANI\\\\dataconnect\": could not find dataconnect.yaml in `d:\\SEVANI\\dataconnect`\n"}}
[debug] [2026-03-31T14:28:07.599Z] E0331 21:28:07.599256   20728 watch.go:40] Failed to load config from "d:\\SEVANI\\dataconnect": could not find dataconnect.yaml in `d:\SEVANI\dataconnect`
 {"metadata":{"emulator":{"name":"dataconnect"},"message":"E0331 21:28:07.599256   20728 watch.go:40] Failed to load config from \"d:\\\\SEVANI\\\\dataconnect\": could not find dataconnect.yaml in `d:\\SEVANI\\dataconnect`\n"}}
[debug] [2026-03-31T14:28:17.599Z] E0331 21:28:17.598781   20728 watch.go:40] Failed to load config from "d:\\SEVANI\\dataconnect": could not find dataconnect.yaml in `d:\SEVANI\dataconnect`
 {"metadata":{"emulator":{"name":"dataconnect"},"message":"E0331 21:28:17.598781   20728 watch.go:40] Failed to load config from \"d:\\\\SEVANI\\\\dataconnect\": could not find dataconnect.yaml in `d:\\SEVANI\\dataconnect`\n"}}
[debug] [2026-03-31T14:28:27.599Z] E0331 21:28:27.599103   20728 watch.go:40] Failed to load config from "d:\\SEVANI\\dataconnect": could not find dataconnect.yaml in `d:\SEVANI\dataconnect`
 {"metadata":{"emulator":{"name":"dataconnect"},"message":"E0331 21:28:27.599103   20728 watch.go:40] Failed to load config from \"d:\\\\SEVANI\\\\dataconnect\": could not find dataconnect.yaml in `d:\\SEVANI\\dataconnect`\n"}}
[debug] [2026-03-31T14:28:37.599Z] E0331 21:28:37.598618   20728 watch.go:40] Failed to load config from "d:\\SEVANI\\dataconnect": could not find dataconnect.yaml in `d:\SEVANI\dataconnect`
 {"metadata":{"emulator":{"name":"dataconnect"},"message":"E0331 21:28:37.598618   20728 watch.go:40] Failed to load config from \"d:\\\\SEVANI\\\\dataconnect\": could not find dataconnect.yaml in `d:\\SEVANI\\dataconnect`\n"}}
[debug] [2026-03-31T14:28:47.599Z] E0331 21:28:47.598925   20728 watch.go:40] Failed to load config from "d:\\SEVANI\\dataconnect": could not find dataconnect.yaml in `d:\SEVANI\dataconnect`
 {"metadata":{"emulator":{"name":"dataconnect"},"message":"E0331 21:28:47.598925   20728 watch.go:40] Failed to load config from \"d:\\\\SEVANI\\\\dataconnect\": could not find dataconnect.yaml in `d:\\SEVANI\\dataconnect`\n"}}
[debug] [2026-03-31T14:28:57.599Z] E0331 21:28:57.598808   20728 watch.go:116] watchAllDir unable to walk dir `d:\SEVANI\dataconnect`: GetFileAttributesEx d:\SEVANI\dataconnect: The system cannot find the file specified.
E0331 21:28:57.598808   20728 watch.go:40] Failed to load config from "d:\\SEVANI\\dataconnect": could not find dataconnect.yaml in `d:\SEVANI\dataconnect`
 {"metadata":{"emulator":{"name":"dataconnect"},"message":"E0331 21:28:57.598808   20728 watch.go:116] watchAllDir unable to walk dir `d:\\SEVANI\\dataconnect`: GetFileAttributesEx d:\\SEVANI\\dataconnect: The system cannot find the file specified.\nE0331 21:28:57.598808   20728 watch.go:40] Failed to load config from \"d:\\\\SEVANI\\\\dataconnect\": could not find dataconnect.yaml in `d:\\SEVANI\\dataconnect`\n"}}
[debug] [2026-03-31T14:29:07.599Z] E0331 21:29:07.599195   20728 watch.go:40] Failed to load config from "d:\\SEVANI\\dataconnect": could not find dataconnect.yaml in `d:\SEVANI\dataconnect`
 {"metadata":{"emulator":{"name":"dataconnect"},"message":"E0331 21:29:07.599195   20728 watch.go:40] Failed to load config from \"d:\\\\SEVANI\\\\dataconnect\": could not find dataconnect.yaml in `d:\\SEVANI\\dataconnect`\n"}}
[debug] [2026-03-31T14:29:17.598Z] E0331 21:29:17.598622   20728 watch.go:40] Failed to load config from "d:\\SEVANI\\dataconnect": could not find dataconnect.yaml in `d:\SEVANI\dataconnect`
 {"metadata":{"emulator":{"name":"dataconnect"},"message":"E0331 21:29:17.598622   20728 watch.go:40] Failed to load config from \"d:\\\\SEVANI\\\\dataconnect\": could not find dataconnect.yaml in `d:\\SEVANI\\dataconnect`\n"}}
[debug] [2026-03-31T14:29:27.599Z] E0331 21:29:27.598741   20728 watch.go:40] Failed to load config from "d:\\SEVANI\\dataconnect": could not find dataconnect.yaml in `d:\SEVANI\dataconnect`
 {"metadata":{"emulator":{"name":"dataconnect"},"message":"E0331 21:29:27.598741   20728 watch.go:40] Failed to load config from \"d:\\\\SEVANI\\\\dataconnect\": could not find dataconnect.yaml in `d:\\SEVANI\\dataconnect`\n"}}
[debug] [2026-03-31T14:29:37.599Z] E0331 21:29:37.599402   20728 watch.go:40] Failed to load config from "d:\\SEVANI\\dataconnect": could not find dataconnect.yaml in `d:\SEVANI\dataconnect`
 {"metadata":{"emulator":{"name":"dataconnect"},"message":"E0331 21:29:37.599402   20728 watch.go:40] Failed to load config from \"d:\\\\SEVANI\\\\dataconnect\": could not find dataconnect.yaml in `d:\\SEVANI\\dataconnect`\n"}}
[debug] [2026-03-31T14:29:47.599Z] E0331 21:29:47.599090   20728 watch.go:40] Failed to load config from "d:\\SEVANI\\dataconnect": could not find dataconnect.yaml in `d:\SEVANI\dataconnect`
 {"metadata":{"emulator":{"name":"dataconnect"},"message":"E0331 21:29:47.599090   20728 watch.go:40] Failed to load config from \"d:\\\\SEVANI\\\\dataconnect\": could not find dataconnect.yaml in `d:\\SEVANI\\dataconnect`\n"}}
[debug] [2026-03-31T14:29:57.599Z] E0331 21:29:57.598899   20728 watch.go:40] Failed to load config from "d:\\SEVANI\\dataconnect": could not find dataconnect.yaml in `d:\SEVANI\dataconnect`
E0331 21:29:57.598899   20728 watch.go:116] watchAllDir unable to walk dir `d:\SEVANI\dataconnect`: GetFileAttributesEx d:\SEVANI\dataconnect: The system cannot find the file specified.
 {"metadata":{"emulator":{"name":"dataconnect"},"message":"E0331 21:29:57.598899   20728 watch.go:40] Failed to load config from \"d:\\\\SEVANI\\\\dataconnect\": could not find dataconnect.yaml in `d:\\SEVANI\\dataconnect`\nE0331 21:29:57.598899   20728 watch.go:116] watchAllDir unable to walk dir `d:\\SEVANI\\dataconnect`: GetFileAttributesEx d:\\SEVANI\\dataconnect: The system cannot find the file specified.\n"}}
[debug] [2026-03-31T14:30:07.599Z] E0331 21:30:07.598856   20728 watch.go:40] Failed to load config from "d:\\SEVANI\\dataconnect": could not find dataconnect.yaml in `d:\SEVANI\dataconnect`
 {"metadata":{"emulator":{"name":"dataconnect"},"message":"E0331 21:30:07.598856   20728 watch.go:40] Failed to load config from \"d:\\\\SEVANI\\\\dataconnect\": could not find dataconnect.yaml in `d:\\SEVANI\\dataconnect`\n"}}
[debug] [2026-03-31T14:30:17.599Z] E0331 21:30:17.598952   20728 watch.go:40] Failed to load config from "d:\\SEVANI\\dataconnect": could not find dataconnect.yaml in `d:\SEVANI\dataconnect`
 {"metadata":{"emulator":{"name":"dataconnect"},"message":"E0331 21:30:17.598952   20728 watch.go:40] Failed to load config from \"d:\\\\SEVANI\\\\dataconnect\": could not find dataconnect.yaml in `d:\\SEVANI\\dataconnect`\n"}}
[debug] [2026-03-31T14:30:27.599Z] E0331 21:30:27.599169   20728 watch.go:40] Failed to load config from "d:\\SEVANI\\dataconnect": could not find dataconnect.yaml in `d:\SEVANI\dataconnect`
 {"metadata":{"emulator":{"name":"dataconnect"},"message":"E0331 21:30:27.599169   20728 watch.go:40] Failed to load config from \"d:\\\\SEVANI\\\\dataconnect\": could not find dataconnect.yaml in `d:\\SEVANI\\dataconnect`\n"}}
[debug] [2026-03-31T14:30:37.599Z] E0331 21:30:37.599084   20728 watch.go:40] Failed to load config from "d:\\SEVANI\\dataconnect": could not find dataconnect.yaml in `d:\SEVANI\dataconnect`
 {"metadata":{"emulator":{"name":"dataconnect"},"message":"E0331 21:30:37.599084   20728 watch.go:40] Failed to load config from \"d:\\\\SEVANI\\\\dataconnect\": could not find dataconnect.yaml in `d:\\SEVANI\\dataconnect`\n"}}
[debug] [2026-03-31T14:30:47.599Z] E0331 21:30:47.599338   20728 watch.go:40] Failed to load config from "d:\\SEVANI\\dataconnect": could not find dataconnect.yaml in `d:\SEVANI\dataconnect`
 {"metadata":{"emulator":{"name":"dataconnect"},"message":"E0331 21:30:47.599338   20728 watch.go:40] Failed to load config from \"d:\\\\SEVANI\\\\dataconnect\": could not find dataconnect.yaml in `d:\\SEVANI\\dataconnect`\n"}}
[debug] [2026-03-31T14:30:57.599Z] E0331 21:30:57.598871   20728 watch.go:116] watchAllDir unable to walk dir `d:\SEVANI\dataconnect`: GetFileAttributesEx d:\SEVANI\dataconnect: The system cannot find the file specified.
E0331 21:30:57.599387   20728 watch.go:40] Failed to load config from "d:\\SEVANI\\dataconnect": could not find dataconnect.yaml in `d:\SEVANI\dataconnect`
 {"metadata":{"emulator":{"name":"dataconnect"},"message":"E0331 21:30:57.598871   20728 watch.go:116] watchAllDir unable to walk dir `d:\\SEVANI\\dataconnect`: GetFileAttributesEx d:\\SEVANI\\dataconnect: The system cannot find the file specified.\nE0331 21:30:57.599387   20728 watch.go:40] Failed to load config from \"d:\\\\SEVANI\\\\dataconnect\": could not find dataconnect.yaml in `d:\\SEVANI\\dataconnect`\n"}}
[debug] [2026-03-31T14:31:07.598Z] E0331 21:31:07.598689   20728 watch.go:40] Failed to load config from "d:\\SEVANI\\dataconnect": could not find dataconnect.yaml in `d:\SEVANI\dataconnect`
 {"metadata":{"emulator":{"name":"dataconnect"},"message":"E0331 21:31:07.598689   20728 watch.go:40] Failed to load config from \"d:\\\\SEVANI\\\\dataconnect\": could not find dataconnect.yaml in `d:\\SEVANI\\dataconnect`\n"}}
[debug] [2026-03-31T14:31:17.598Z] E0331 21:31:17.598663   20728 watch.go:40] Failed to load config from "d:\\SEVANI\\dataconnect": could not find dataconnect.yaml in `d:\SEVANI\dataconnect`
 {"metadata":{"emulator":{"name":"dataconnect"},"message":"E0331 21:31:17.598663   20728 watch.go:40] Failed to load config from \"d:\\\\SEVANI\\\\dataconnect\": could not find dataconnect.yaml in `d:\\SEVANI\\dataconnect`\n"}}
[debug] [2026-03-31T14:31:27.598Z] E0331 21:31:27.598555   20728 watch.go:40] Failed to load config from "d:\\SEVANI\\dataconnect": could not find dataconnect.yaml in `d:\SEVANI\dataconnect`
 {"metadata":{"emulator":{"name":"dataconnect"},"message":"E0331 21:31:27.598555   20728 watch.go:40] Failed to load config from \"d:\\\\SEVANI\\\\dataconnect\": could not find dataconnect.yaml in `d:\\SEVANI\\dataconnect`\n"}}
[debug] [2026-03-31T14:31:37.598Z] E0331 21:31:37.598642   20728 watch.go:40] Failed to load config from "d:\\SEVANI\\dataconnect": could not find dataconnect.yaml in `d:\SEVANI\dataconnect`
 {"metadata":{"emulator":{"name":"dataconnect"},"message":"E0331 21:31:37.598642   20728 watch.go:40] Failed to load config from \"d:\\\\SEVANI\\\\dataconnect\": could not find dataconnect.yaml in `d:\\SEVANI\\dataconnect`\n"}}
[debug] [2026-03-31T14:31:47.598Z] E0331 21:31:47.598778   20728 watch.go:40] Failed to load config from "d:\\SEVANI\\dataconnect": could not find dataconnect.yaml in `d:\SEVANI\dataconnect`
 {"metadata":{"emulator":{"name":"dataconnect"},"message":"E0331 21:31:47.598778   20728 watch.go:40] Failed to load config from \"d:\\\\SEVANI\\\\dataconnect\": could not find dataconnect.yaml in `d:\\SEVANI\\dataconnect`\n"}}
[debug] [2026-03-31T14:31:57.598Z] E0331 21:31:57.599031   20728 watch.go:116] watchAllDir unable to walk dir `d:\SEVANI\dataconnect`: GetFileAttributesEx d:\SEVANI\dataconnect: The system cannot find the file specified.
E0331 21:31:57.599031   20728 watch.go:40] Failed to load config from "d:\\SEVANI\\dataconnect": could not find dataconnect.yaml in `d:\SEVANI\dataconnect`
 {"metadata":{"emulator":{"name":"dataconnect"},"message":"E0331 21:31:57.599031   20728 watch.go:116] watchAllDir unable to walk dir `d:\\SEVANI\\dataconnect`: GetFileAttributesEx d:\\SEVANI\\dataconnect: The system cannot find the file specified.\nE0331 21:31:57.599031   20728 watch.go:40] Failed to load config from \"d:\\\\SEVANI\\\\dataconnect\": could not find dataconnect.yaml in `d:\\SEVANI\\dataconnect`\n"}}
[debug] [2026-03-31T14:32:07.599Z] E0331 21:32:07.599719   20728 watch.go:40] Failed to load config from "d:\\SEVANI\\dataconnect": could not find dataconnect.yaml in `d:\SEVANI\dataconnect`
 {"metadata":{"emulator":{"name":"dataconnect"},"message":"E0331 21:32:07.599719   20728 watch.go:40] Failed to load config from \"d:\\\\SEVANI\\\\dataconnect\": could not find dataconnect.yaml in `d:\\SEVANI\\dataconnect`\n"}}
[debug] [2026-03-31T14:32:17.598Z] E0331 21:32:17.598918   20728 watch.go:40] Failed to load config from "d:\\SEVANI\\dataconnect": could not find dataconnect.yaml in `d:\SEVANI\dataconnect`
 {"metadata":{"emulator":{"name":"dataconnect"},"message":"E0331 21:32:17.598918   20728 watch.go:40] Failed to load config from \"d:\\\\SEVANI\\\\dataconnect\": could not find dataconnect.yaml in `d:\\SEVANI\\dataconnect`\n"}}
[debug] [2026-03-31T14:32:27.598Z] E0331 21:32:27.599052   20728 watch.go:40] Failed to load config from "d:\\SEVANI\\dataconnect": could not find dataconnect.yaml in `d:\SEVANI\dataconnect`
 {"metadata":{"emulator":{"name":"dataconnect"},"message":"E0331 21:32:27.599052   20728 watch.go:40] Failed to load config from \"d:\\\\SEVANI\\\\dataconnect\": could not find dataconnect.yaml in `d:\\SEVANI\\dataconnect`\n"}}
[debug] [2026-03-31T14:32:37.598Z] E0331 21:32:37.598545   20728 watch.go:40] Failed to load config from "d:\\SEVANI\\dataconnect": could not find dataconnect.yaml in `d:\SEVANI\dataconnect`
 {"metadata":{"emulator":{"name":"dataconnect"},"message":"E0331 21:32:37.598545   20728 watch.go:40] Failed to load config from \"d:\\\\SEVANI\\\\dataconnect\": could not find dataconnect.yaml in `d:\\SEVANI\\dataconnect`\n"}}
[debug] [2026-03-31T14:32:47.599Z] E0331 21:32:47.598783   20728 watch.go:40] Failed to load config from "d:\\SEVANI\\dataconnect": could not find dataconnect.yaml in `d:\SEVANI\dataconnect`
 {"metadata":{"emulator":{"name":"dataconnect"},"message":"E0331 21:32:47.598783   20728 watch.go:40] Failed to load config from \"d:\\\\SEVANI\\\\dataconnect\": could not find dataconnect.yaml in `d:\\SEVANI\\dataconnect`\n"}}
[debug] [2026-03-31T14:32:57.599Z] E0331 21:32:57.598919   20728 watch.go:40] Failed to load config from "d:\\SEVANI\\dataconnect": could not find dataconnect.yaml in `d:\SEVANI\dataconnect`
E0331 21:32:57.598919   20728 watch.go:116] watchAllDir unable to walk dir `d:\SEVANI\dataconnect`: GetFileAttributesEx d:\SEVANI\dataconnect: The system cannot find the file specified.
 {"metadata":{"emulator":{"name":"dataconnect"},"message":"E0331 21:32:57.598919   20728 watch.go:40] Failed to load config from \"d:\\\\SEVANI\\\\dataconnect\": could not find dataconnect.yaml in `d:\\SEVANI\\dataconnect`\nE0331 21:32:57.598919   20728 watch.go:116] watchAllDir unable to walk dir `d:\\SEVANI\\dataconnect`: GetFileAttributesEx d:\\SEVANI\\dataconnect: The system cannot find the file specified.\n"}}
[debug] [2026-03-31T14:33:07.598Z] E0331 21:33:07.598922   20728 watch.go:40] Failed to load config from "d:\\SEVANI\\dataconnect": could not find dataconnect.yaml in `d:\SEVANI\dataconnect`
 {"metadata":{"emulator":{"name":"dataconnect"},"message":"E0331 21:33:07.598922   20728 watch.go:40] Failed to load config from \"d:\\\\SEVANI\\\\dataconnect\": could not find dataconnect.yaml in `d:\\SEVANI\\dataconnect`\n"}}
[debug] [2026-03-31T14:33:17.599Z] E0331 21:33:17.599578   20728 watch.go:40] Failed to load config from "d:\\SEVANI\\dataconnect": could not find dataconnect.yaml in `d:\SEVANI\dataconnect`
 {"metadata":{"emulator":{"name":"dataconnect"},"message":"E0331 21:33:17.599578   20728 watch.go:40] Failed to load config from \"d:\\\\SEVANI\\\\dataconnect\": could not find dataconnect.yaml in `d:\\SEVANI\\dataconnect`\n"}}
[debug] [2026-03-31T14:33:27.599Z] E0331 21:33:27.598657   20728 watch.go:40] Failed to load config from "d:\\SEVANI\\dataconnect": could not find dataconnect.yaml in `d:\SEVANI\dataconnect`
 {"metadata":{"emulator":{"name":"dataconnect"},"message":"E0331 21:33:27.598657   20728 watch.go:40] Failed to load config from \"d:\\\\SEVANI\\\\dataconnect\": could not find dataconnect.yaml in `d:\\SEVANI\\dataconnect`\n"}}
[debug] [2026-03-31T14:33:37.599Z] E0331 21:33:37.598993   20728 watch.go:40] Failed to load config from "d:\\SEVANI\\dataconnect": could not find dataconnect.yaml in `d:\SEVANI\dataconnect`
 {"metadata":{"emulator":{"name":"dataconnect"},"message":"E0331 21:33:37.598993   20728 watch.go:40] Failed to load config from \"d:\\\\SEVANI\\\\dataconnect\": could not find dataconnect.yaml in `d:\\SEVANI\\dataconnect`\n"}}
[debug] [2026-03-31T14:33:47.598Z] E0331 21:33:47.599057   20728 watch.go:40] Failed to load config from "d:\\SEVANI\\dataconnect": could not find dataconnect.yaml in `d:\SEVANI\dataconnect`
 {"metadata":{"emulator":{"name":"dataconnect"},"message":"E0331 21:33:47.599057   20728 watch.go:40] Failed to load config from \"d:\\\\SEVANI\\\\dataconnect\": could not find dataconnect.yaml in `d:\\SEVANI\\dataconnect`\n"}}
[debug] [2026-03-31T14:33:57.598Z] E0331 21:33:57.598796   20728 watch.go:116] watchAllDir unable to walk dir `d:\SEVANI\dataconnect`: GetFileAttributesEx d:\SEVANI\dataconnect: The system cannot find the file specified.
E0331 21:33:57.598796   20728 watch.go:40] Failed to load config from "d:\\SEVANI\\dataconnect": could not find dataconnect.yaml in `d:\SEVANI\dataconnect`
 {"metadata":{"emulator":{"name":"dataconnect"},"message":"E0331 21:33:57.598796   20728 watch.go:116] watchAllDir unable to walk dir `d:\\SEVANI\\dataconnect`: GetFileAttributesEx d:\\SEVANI\\dataconnect: The system cannot find the file specified.\nE0331 21:33:57.598796   20728 watch.go:40] Failed to load config from \"d:\\\\SEVANI\\\\dataconnect\": could not find dataconnect.yaml in `d:\\SEVANI\\dataconnect`\n"}}
[debug] [2026-03-31T14:34:07.598Z] E0331 21:34:07.598677   20728 watch.go:40] Failed to load config from "d:\\SEVANI\\dataconnect": could not find dataconnect.yaml in `d:\SEVANI\dataconnect`
 {"metadata":{"emulator":{"name":"dataconnect"},"message":"E0331 21:34:07.598677   20728 watch.go:40] Failed to load config from \"d:\\\\SEVANI\\\\dataconnect\": could not find dataconnect.yaml in `d:\\SEVANI\\dataconnect`\n"}}
[debug] [2026-03-31T14:34:19.509Z] E0331 21:34:17.598492   20728 watch.go:40] Failed to load config from "d:\\SEVANI\\dataconnect": could not find dataconnect.yaml in `d:\SEVANI\dataconnect`
 {"metadata":{"emulator":{"name":"dataconnect"},"message":"E0331 21:34:17.598492   20728 watch.go:40] Failed to load config from \"d:\\\\SEVANI\\\\dataconnect\": could not find dataconnect.yaml in `d:\\SEVANI\\dataconnect`\n"}}
[debug] [2026-03-31T14:34:27.598Z] E0331 21:34:27.598568   20728 watch.go:40] Failed to load config from "d:\\SEVANI\\dataconnect": could not find dataconnect.yaml in `d:\SEVANI\dataconnect`
 {"metadata":{"emulator":{"name":"dataconnect"},"message":"E0331 21:34:27.598568   20728 watch.go:40] Failed to load config from \"d:\\\\SEVANI\\\\dataconnect\": could not find dataconnect.yaml in `d:\\SEVANI\\dataconnect`\n"}}
[debug] [2026-03-31T14:34:37.598Z] E0331 21:34:37.598685   20728 watch.go:40] Failed to load config from "d:\\SEVANI\\dataconnect": could not find dataconnect.yaml in `d:\SEVANI\dataconnect`
 {"metadata":{"emulator":{"name":"dataconnect"},"message":"E0331 21:34:37.598685   20728 watch.go:40] Failed to load config from \"d:\\\\SEVANI\\\\dataconnect\": could not find dataconnect.yaml in `d:\\SEVANI\\dataconnect`\n"}}
[debug] [2026-03-31T14:34:47.601Z] E0331 21:34:47.601004   20728 watch.go:40] Failed to load config from "d:\\SEVANI\\dataconnect": could not find dataconnect.yaml in `d:\SEVANI\dataconnect`
 {"metadata":{"emulator":{"name":"dataconnect"},"message":"E0331 21:34:47.601004   20728 watch.go:40] Failed to load config from \"d:\\\\SEVANI\\\\dataconnect\": could not find dataconnect.yaml in `d:\\SEVANI\\dataconnect`\n"}}
[debug] [2026-03-31T14:34:57.597Z] E0331 21:34:57.598513   20728 watch.go:116] watchAllDir unable to walk dir `d:\SEVANI\dataconnect`: GetFileAttributesEx d:\SEVANI\dataconnect: The system cannot find the file specified.
E0331 21:34:57.598513   20728 watch.go:40] Failed to load config from "d:\\SEVANI\\dataconnect": could not find dataconnect.yaml in `d:\SEVANI\dataconnect`
 {"metadata":{"emulator":{"name":"dataconnect"},"message":"E0331 21:34:57.598513   20728 watch.go:116] watchAllDir unable to walk dir `d:\\SEVANI\\dataconnect`: GetFileAttributesEx d:\\SEVANI\\dataconnect: The system cannot find the file specified.\nE0331 21:34:57.598513   20728 watch.go:40] Failed to load config from \"d:\\\\SEVANI\\\\dataconnect\": could not find dataconnect.yaml in `d:\\SEVANI\\dataconnect`\n"}}
[debug] [2026-03-31T14:35:07.598Z] E0331 21:35:07.598832   20728 watch.go:40] Failed to load config from "d:\\SEVANI\\dataconnect": could not find dataconnect.yaml in `d:\SEVANI\dataconnect`
 {"metadata":{"emulator":{"name":"dataconnect"},"message":"E0331 21:35:07.598832   20728 watch.go:40] Failed to load config from \"d:\\\\SEVANI\\\\dataconnect\": could not find dataconnect.yaml in `d:\\SEVANI\\dataconnect`\n"}}
[debug] [2026-03-31T14:35:17.598Z] E0331 21:35:17.598449   20728 watch.go:40] Failed to load config from "d:\\SEVANI\\dataconnect": could not find dataconnect.yaml in `d:\SEVANI\dataconnect`
 {"metadata":{"emulator":{"name":"dataconnect"},"message":"E0331 21:35:17.598449   20728 watch.go:40] Failed to load config from \"d:\\\\SEVANI\\\\dataconnect\": could not find dataconnect.yaml in `d:\\SEVANI\\dataconnect`\n"}}
[debug] [2026-03-31T14:35:27.599Z] E0331 21:35:27.599035   20728 watch.go:40] Failed to load config from "d:\\SEVANI\\dataconnect": could not find dataconnect.yaml in `d:\SEVANI\dataconnect`
 {"metadata":{"emulator":{"name":"dataconnect"},"message":"E0331 21:35:27.599035   20728 watch.go:40] Failed to load config from \"d:\\\\SEVANI\\\\dataconnect\": could not find dataconnect.yaml in `d:\\SEVANI\\dataconnect`\n"}}
[debug] [2026-03-31T14:35:37.599Z] E0331 21:35:37.599225   20728 watch.go:40] Failed to load config from "d:\\SEVANI\\dataconnect": could not find dataconnect.yaml in `d:\SEVANI\dataconnect`
 {"metadata":{"emulator":{"name":"dataconnect"},"message":"E0331 21:35:37.599225   20728 watch.go:40] Failed to load config from \"d:\\\\SEVANI\\\\dataconnect\": could not find dataconnect.yaml in `d:\\SEVANI\\dataconnect`\n"}}
[debug] [2026-03-31T14:35:47.599Z] E0331 21:35:47.598702   20728 watch.go:40] Failed to load config from "d:\\SEVANI\\dataconnect": could not find dataconnect.yaml in `d:\SEVANI\dataconnect`
 {"metadata":{"emulator":{"name":"dataconnect"},"message":"E0331 21:35:47.598702   20728 watch.go:40] Failed to load config from \"d:\\\\SEVANI\\\\dataconnect\": could not find dataconnect.yaml in `d:\\SEVANI\\dataconnect`\n"}}
[debug] [2026-03-31T14:35:57.599Z] E0331 21:35:57.598837   20728 watch.go:116] watchAllDir unable to walk dir `d:\SEVANI\dataconnect`: GetFileAttributesEx d:\SEVANI\dataconnect: The system cannot find the file specified.
E0331 21:35:57.598837   20728 watch.go:40] Failed to load config from "d:\\SEVANI\\dataconnect": could not find dataconnect.yaml in `d:\SEVANI\dataconnect`
 {"metadata":{"emulator":{"name":"dataconnect"},"message":"E0331 21:35:57.598837   20728 watch.go:116] watchAllDir unable to walk dir `d:\\SEVANI\\dataconnect`: GetFileAttributesEx d:\\SEVANI\\dataconnect: The system cannot find the file specified.\nE0331 21:35:57.598837   20728 watch.go:40] Failed to load config from \"d:\\\\SEVANI\\\\dataconnect\": could not find dataconnect.yaml in `d:\\SEVANI\\dataconnect`\n"}}
[debug] [2026-03-31T14:36:07.599Z] E0331 21:36:07.599348   20728 watch.go:40] Failed to load config from "d:\\SEVANI\\dataconnect": could not find dataconnect.yaml in `d:\SEVANI\dataconnect`
 {"metadata":{"emulator":{"name":"dataconnect"},"message":"E0331 21:36:07.599348   20728 watch.go:40] Failed to load config from \"d:\\\\SEVANI\\\\dataconnect\": could not find dataconnect.yaml in `d:\\SEVANI\\dataconnect`\n"}}
[debug] [2026-03-31T14:36:17.599Z] E0331 21:36:17.598668   20728 watch.go:40] Failed to load config from "d:\\SEVANI\\dataconnect": could not find dataconnect.yaml in `d:\SEVANI\dataconnect`
 {"metadata":{"emulator":{"name":"dataconnect"},"message":"E0331 21:36:17.598668   20728 watch.go:40] Failed to load config from \"d:\\\\SEVANI\\\\dataconnect\": could not find dataconnect.yaml in `d:\\SEVANI\\dataconnect`\n"}}
[debug] [2026-03-31T14:36:27.599Z] E0331 21:36:27.598810   20728 watch.go:40] Failed to load config from "d:\\SEVANI\\dataconnect": could not find dataconnect.yaml in `d:\SEVANI\dataconnect`
 {"metadata":{"emulator":{"name":"dataconnect"},"message":"E0331 21:36:27.598810   20728 watch.go:40] Failed to load config from \"d:\\\\SEVANI\\\\dataconnect\": could not find dataconnect.yaml in `d:\\SEVANI\\dataconnect`\n"}}
[debug] [2026-03-31T14:36:37.599Z] E0331 21:36:37.598633   20728 watch.go:40] Failed to load config from "d:\\SEVANI\\dataconnect": could not find dataconnect.yaml in `d:\SEVANI\dataconnect`
 {"metadata":{"emulator":{"name":"dataconnect"},"message":"E0331 21:36:37.598633   20728 watch.go:40] Failed to load config from \"d:\\\\SEVANI\\\\dataconnect\": could not find dataconnect.yaml in `d:\\SEVANI\\dataconnect`\n"}}
[debug] [2026-03-31T14:36:47.599Z] E0331 21:36:47.598580   20728 watch.go:40] Failed to load config from "d:\\SEVANI\\dataconnect": could not find dataconnect.yaml in `d:\SEVANI\dataconnect`
 {"metadata":{"emulator":{"name":"dataconnect"},"message":"E0331 21:36:47.598580   20728 watch.go:40] Failed to load config from \"d:\\\\SEVANI\\\\dataconnect\": could not find dataconnect.yaml in `d:\\SEVANI\\dataconnect`\n"}}
[debug] [2026-03-31T14:36:57.598Z] E0331 21:36:57.598642   20728 watch.go:116] watchAllDir unable to walk dir `d:\SEVANI\dataconnect`: GetFileAttributesEx d:\SEVANI\dataconnect: The system cannot find the file specified.
 {"metadata":{"emulator":{"name":"dataconnect"},"message":"E0331 21:36:57.598642   20728 watch.go:116] watchAllDir unable to walk dir `d:\\SEVANI\\dataconnect`: GetFileAttributesEx d:\\SEVANI\\dataconnect: The system cannot find the file specified.\n"}}
[debug] [2026-03-31T14:36:57.599Z] E0331 21:36:57.598642   20728 watch.go:40] Failed to load config from "d:\\SEVANI\\dataconnect": could not find dataconnect.yaml in `d:\SEVANI\dataconnect`
 {"metadata":{"emulator":{"name":"dataconnect"},"message":"E0331 21:36:57.598642   20728 watch.go:40] Failed to load config from \"d:\\\\SEVANI\\\\dataconnect\": could not find dataconnect.yaml in `d:\\SEVANI\\dataconnect`\n"}}
[debug] [2026-03-31T14:37:07.599Z] E0331 21:37:07.599020   20728 watch.go:40] Failed to load config from "d:\\SEVANI\\dataconnect": could not find dataconnect.yaml in `d:\SEVANI\dataconnect`
 {"metadata":{"emulator":{"name":"dataconnect"},"message":"E0331 21:37:07.599020   20728 watch.go:40] Failed to load config from \"d:\\\\SEVANI\\\\dataconnect\": could not find dataconnect.yaml in `d:\\SEVANI\\dataconnect`\n"}}
[debug] [2026-03-31T14:37:17.598Z] E0331 21:37:17.598708   20728 watch.go:40] Failed to load config from "d:\\SEVANI\\dataconnect": could not find dataconnect.yaml in `d:\SEVANI\dataconnect`
 {"metadata":{"emulator":{"name":"dataconnect"},"message":"E0331 21:37:17.598708   20728 watch.go:40] Failed to load config from \"d:\\\\SEVANI\\\\dataconnect\": could not find dataconnect.yaml in `d:\\SEVANI\\dataconnect`\n"}}
[debug] [2026-03-31T14:37:27.598Z] E0331 21:37:27.598648   20728 watch.go:40] Failed to load config from "d:\\SEVANI\\dataconnect": could not find dataconnect.yaml in `d:\SEVANI\dataconnect`
 {"metadata":{"emulator":{"name":"dataconnect"},"message":"E0331 21:37:27.598648   20728 watch.go:40] Failed to load config from \"d:\\\\SEVANI\\\\dataconnect\": could not find dataconnect.yaml in `d:\\SEVANI\\dataconnect`\n"}}
[debug] [2026-03-31T14:37:37.598Z] E0331 21:37:37.598590   20728 watch.go:40] Failed to load config from "d:\\SEVANI\\dataconnect": could not find dataconnect.yaml in `d:\SEVANI\dataconnect`
 {"metadata":{"emulator":{"name":"dataconnect"},"message":"E0331 21:37:37.598590   20728 watch.go:40] Failed to load config from \"d:\\\\SEVANI\\\\dataconnect\": could not find dataconnect.yaml in `d:\\SEVANI\\dataconnect`\n"}}
[debug] [2026-03-31T14:37:47.598Z] E0331 21:37:47.598601   20728 watch.go:40] Failed to load config from "d:\\SEVANI\\dataconnect": could not find dataconnect.yaml in `d:\SEVANI\dataconnect`
 {"metadata":{"emulator":{"name":"dataconnect"},"message":"E0331 21:37:47.598601   20728 watch.go:40] Failed to load config from \"d:\\\\SEVANI\\\\dataconnect\": could not find dataconnect.yaml in `d:\\SEVANI\\dataconnect`\n"}}
[debug] [2026-03-31T14:37:57.598Z] E0331 21:37:57.598554   20728 watch.go:116] watchAllDir unable to walk dir `d:\SEVANI\dataconnect`: GetFileAttributesEx d:\SEVANI\dataconnect: The system cannot find the file specified.
E0331 21:37:57.598554   20728 watch.go:40] Failed to load config from "d:\\SEVANI\\dataconnect": could not find dataconnect.yaml in `d:\SEVANI\dataconnect`
 {"metadata":{"emulator":{"name":"dataconnect"},"message":"E0331 21:37:57.598554   20728 watch.go:116] watchAllDir unable to walk dir `d:\\SEVANI\\dataconnect`: GetFileAttributesEx d:\\SEVANI\\dataconnect: The system cannot find the file specified.\nE0331 21:37:57.598554   20728 watch.go:40] Failed to load config from \"d:\\\\SEVANI\\\\dataconnect\": could not find dataconnect.yaml in `d:\\SEVANI\\dataconnect`\n"}}
[debug] [2026-03-31T14:38:07.599Z] E0331 21:38:07.599104   20728 watch.go:40] Failed to load config from "d:\\SEVANI\\dataconnect": could not find dataconnect.yaml in `d:\SEVANI\dataconnect`
 {"metadata":{"emulator":{"name":"dataconnect"},"message":"E0331 21:38:07.599104   20728 watch.go:40] Failed to load config from \"d:\\\\SEVANI\\\\dataconnect\": could not find dataconnect.yaml in `d:\\SEVANI\\dataconnect`\n"}}
[debug] [2026-03-31T14:38:17.598Z] E0331 21:38:17.598774   20728 watch.go:40] Failed to load config from "d:\\SEVANI\\dataconnect": could not find dataconnect.yaml in `d:\SEVANI\dataconnect`
 {"metadata":{"emulator":{"name":"dataconnect"},"message":"E0331 21:38:17.598774   20728 watch.go:40] Failed to load config from \"d:\\\\SEVANI\\\\dataconnect\": could not find dataconnect.yaml in `d:\\SEVANI\\dataconnect`\n"}}
[debug] [2026-03-31T14:38:27.598Z] E0331 21:38:27.598380   20728 watch.go:40] Failed to load config from "d:\\SEVANI\\dataconnect": could not find dataconnect.yaml in `d:\SEVANI\dataconnect`
 {"metadata":{"emulator":{"name":"dataconnect"},"message":"E0331 21:38:27.598380   20728 watch.go:40] Failed to load config from \"d:\\\\SEVANI\\\\dataconnect\": could not find dataconnect.yaml in `d:\\SEVANI\\dataconnect`\n"}}
[debug] [2026-03-31T14:38:37.598Z] E0331 21:38:37.598677   20728 watch.go:40] Failed to load config from "d:\\SEVANI\\dataconnect": could not find dataconnect.yaml in `d:\SEVANI\dataconnect`
 {"metadata":{"emulator":{"name":"dataconnect"},"message":"E0331 21:38:37.598677   20728 watch.go:40] Failed to load config from \"d:\\\\SEVANI\\\\dataconnect\": could not find dataconnect.yaml in `d:\\SEVANI\\dataconnect`\n"}}
[debug] [2026-03-31T14:38:47.598Z] E0331 21:38:47.599081   20728 watch.go:40] Failed to load config from "d:\\SEVANI\\dataconnect": could not find dataconnect.yaml in `d:\SEVANI\dataconnect`
 {"metadata":{"emulator":{"name":"dataconnect"},"message":"E0331 21:38:47.599081   20728 watch.go:40] Failed to load config from \"d:\\\\SEVANI\\\\dataconnect\": could not find dataconnect.yaml in `d:\\SEVANI\\dataconnect`\n"}}
[debug] [2026-03-31T14:38:57.597Z] E0331 21:38:57.598494   20728 watch.go:116] watchAllDir unable to walk dir `d:\SEVANI\dataconnect`: GetFileAttributesEx d:\SEVANI\dataconnect: The system cannot find the file specified.
E0331 21:38:57.598494   20728 watch.go:40] Failed to load config from "d:\\SEVANI\\dataconnect": could not find dataconnect.yaml in `d:\SEVANI\dataconnect`
 {"metadata":{"emulator":{"name":"dataconnect"},"message":"E0331 21:38:57.598494   20728 watch.go:116] watchAllDir unable to walk dir `d:\\SEVANI\\dataconnect`: GetFileAttributesEx d:\\SEVANI\\dataconnect: The system cannot find the file specified.\nE0331 21:38:57.598494   20728 watch.go:40] Failed to load config from \"d:\\\\SEVANI\\\\dataconnect\": could not find dataconnect.yaml in `d:\\SEVANI\\dataconnect`\n"}}
[debug] [2026-03-31T14:39:07.598Z] E0331 21:39:07.598624   20728 watch.go:40] Failed to load config from "d:\\SEVANI\\dataconnect": could not find dataconnect.yaml in `d:\SEVANI\dataconnect`
 {"metadata":{"emulator":{"name":"dataconnect"},"message":"E0331 21:39:07.598624   20728 watch.go:40] Failed to load config from \"d:\\\\SEVANI\\\\dataconnect\": could not find dataconnect.yaml in `d:\\SEVANI\\dataconnect`\n"}}
[debug] [2026-03-31T14:39:17.598Z] E0331 21:39:17.598807   20728 watch.go:40] Failed to load config from "d:\\SEVANI\\dataconnect": could not find dataconnect.yaml in `d:\SEVANI\dataconnect`
 {"metadata":{"emulator":{"name":"dataconnect"},"message":"E0331 21:39:17.598807   20728 watch.go:40] Failed to load config from \"d:\\\\SEVANI\\\\dataconnect\": could not find dataconnect.yaml in `d:\\SEVANI\\dataconnect`\n"}}
[debug] [2026-03-31T14:39:27.598Z] E0331 21:39:27.598662   20728 watch.go:40] Failed to load config from "d:\\SEVANI\\dataconnect": could not find dataconnect.yaml in `d:\SEVANI\dataconnect`
 {"metadata":{"emulator":{"name":"dataconnect"},"message":"E0331 21:39:27.598662   20728 watch.go:40] Failed to load config from \"d:\\\\SEVANI\\\\dataconnect\": could not find dataconnect.yaml in `d:\\SEVANI\\dataconnect`\n"}}
[debug] [2026-03-31T14:39:37.598Z] E0331 21:39:37.598641   20728 watch.go:40] Failed to load config from "d:\\SEVANI\\dataconnect": could not find dataconnect.yaml in `d:\SEVANI\dataconnect`
 {"metadata":{"emulator":{"name":"dataconnect"},"message":"E0331 21:39:37.598641   20728 watch.go:40] Failed to load config from \"d:\\\\SEVANI\\\\dataconnect\": could not find dataconnect.yaml in `d:\\SEVANI\\dataconnect`\n"}}
[debug] [2026-03-31T14:39:47.598Z] E0331 21:39:47.598667   20728 watch.go:40] Failed to load config from "d:\\SEVANI\\dataconnect": could not find dataconnect.yaml in `d:\SEVANI\dataconnect`
 {"metadata":{"emulator":{"name":"dataconnect"},"message":"E0331 21:39:47.598667   20728 watch.go:40] Failed to load config from \"d:\\\\SEVANI\\\\dataconnect\": could not find dataconnect.yaml in `d:\\SEVANI\\dataconnect`\n"}}
[debug] [2026-03-31T14:39:57.604Z] E0331 21:39:57.598725   20728 watch.go:116] watchAllDir unable to walk dir `d:\SEVANI\dataconnect`: GetFileAttributesEx d:\SEVANI\dataconnect: The system cannot find the file specified.
E0331 21:39:57.598725   20728 watch.go:40] Failed to load config from "d:\\SEVANI\\dataconnect": could not find dataconnect.yaml in `d:\SEVANI\dataconnect`
 {"metadata":{"emulator":{"name":"dataconnect"},"message":"E0331 21:39:57.598725   20728 watch.go:116] watchAllDir unable to walk dir `d:\\SEVANI\\dataconnect`: GetFileAttributesEx d:\\SEVANI\\dataconnect: The system cannot find the file specified.\nE0331 21:39:57.598725   20728 watch.go:40] Failed to load config from \"d:\\\\SEVANI\\\\dataconnect\": could not find dataconnect.yaml in `d:\\SEVANI\\dataconnect`\n"}}
[debug] [2026-03-31T14:40:07.598Z] E0331 21:40:07.598575   20728 watch.go:40] Failed to load config from "d:\\SEVANI\\dataconnect": could not find dataconnect.yaml in `d:\SEVANI\dataconnect`
 {"metadata":{"emulator":{"name":"dataconnect"},"message":"E0331 21:40:07.598575   20728 watch.go:40] Failed to load config from \"d:\\\\SEVANI\\\\dataconnect\": could not find dataconnect.yaml in `d:\\SEVANI\\dataconnect`\n"}}
[debug] [2026-03-31T14:40:17.598Z] E0331 21:40:17.598709   20728 watch.go:40] Failed to load config from "d:\\SEVANI\\dataconnect": could not find dataconnect.yaml in `d:\SEVANI\dataconnect`
 {"metadata":{"emulator":{"name":"dataconnect"},"message":"E0331 21:40:17.598709   20728 watch.go:40] Failed to load config from \"d:\\\\SEVANI\\\\dataconnect\": could not find dataconnect.yaml in `d:\\SEVANI\\dataconnect`\n"}}
[debug] [2026-03-31T14:40:27.598Z] E0331 21:40:27.598571   20728 watch.go:40] Failed to load config from "d:\\SEVANI\\dataconnect": could not find dataconnect.yaml in `d:\SEVANI\dataconnect`
 {"metadata":{"emulator":{"name":"dataconnect"},"message":"E0331 21:40:27.598571   20728 watch.go:40] Failed to load config from \"d:\\\\SEVANI\\\\dataconnect\": could not find dataconnect.yaml in `d:\\SEVANI\\dataconnect`\n"}}
[debug] [2026-03-31T14:40:37.598Z] E0331 21:40:37.598678   20728 watch.go:40] Failed to load config from "d:\\SEVANI\\dataconnect": could not find dataconnect.yaml in `d:\SEVANI\dataconnect`
 {"metadata":{"emulator":{"name":"dataconnect"},"message":"E0331 21:40:37.598678   20728 watch.go:40] Failed to load config from \"d:\\\\SEVANI\\\\dataconnect\": could not find dataconnect.yaml in `d:\\SEVANI\\dataconnect`\n"}}
[debug] [2026-03-31T14:40:47.598Z] E0331 21:40:47.598614   20728 watch.go:40] Failed to load config from "d:\\SEVANI\\dataconnect": could not find dataconnect.yaml in `d:\SEVANI\dataconnect`
 {"metadata":{"emulator":{"name":"dataconnect"},"message":"E0331 21:40:47.598614   20728 watch.go:40] Failed to load config from \"d:\\\\SEVANI\\\\dataconnect\": could not find dataconnect.yaml in `d:\\SEVANI\\dataconnect`\n"}}
[debug] [2026-03-31T14:40:57.598Z] E0331 21:40:57.598730   20728 watch.go:116] watchAllDir unable to walk dir `d:\SEVANI\dataconnect`: GetFileAttributesEx d:\SEVANI\dataconnect: The system cannot find the file specified.
E0331 21:40:57.598730   20728 watch.go:40] Failed to load config from "d:\\SEVANI\\dataconnect": could not find dataconnect.yaml in `d:\SEVANI\dataconnect`
 {"metadata":{"emulator":{"name":"dataconnect"},"message":"E0331 21:40:57.598730   20728 watch.go:116] watchAllDir unable to walk dir `d:\\SEVANI\\dataconnect`: GetFileAttributesEx d:\\SEVANI\\dataconnect: The system cannot find the file specified.\nE0331 21:40:57.598730   20728 watch.go:40] Failed to load config from \"d:\\\\SEVANI\\\\dataconnect\": could not find dataconnect.yaml in `d:\\SEVANI\\dataconnect`\n"}}
[debug] [2026-03-31T14:41:07.599Z] E0331 21:41:07.599564   20728 watch.go:40] Failed to load config from "d:\\SEVANI\\dataconnect": could not find dataconnect.yaml in `d:\SEVANI\dataconnect`
 {"metadata":{"emulator":{"name":"dataconnect"},"message":"E0331 21:41:07.599564   20728 watch.go:40] Failed to load config from \"d:\\\\SEVANI\\\\dataconnect\": could not find dataconnect.yaml in `d:\\SEVANI\\dataconnect`\n"}}
[debug] [2026-03-31T14:41:17.599Z] E0331 21:41:17.598822   20728 watch.go:40] Failed to load config from "d:\\SEVANI\\dataconnect": could not find dataconnect.yaml in `d:\SEVANI\dataconnect`
 {"metadata":{"emulator":{"name":"dataconnect"},"message":"E0331 21:41:17.598822   20728 watch.go:40] Failed to load config from \"d:\\\\SEVANI\\\\dataconnect\": could not find dataconnect.yaml in `d:\\SEVANI\\dataconnect`\n"}}
[debug] [2026-03-31T14:41:27.599Z] E0331 21:41:27.598925   20728 watch.go:40] Failed to load config from "d:\\SEVANI\\dataconnect": could not find dataconnect.yaml in `d:\SEVANI\dataconnect`
 {"metadata":{"emulator":{"name":"dataconnect"},"message":"E0331 21:41:27.598925   20728 watch.go:40] Failed to load config from \"d:\\\\SEVANI\\\\dataconnect\": could not find dataconnect.yaml in `d:\\SEVANI\\dataconnect`\n"}}
[debug] [2026-03-31T14:41:37.598Z] E0331 21:41:37.598379   20728 watch.go:40] Failed to load config from "d:\\SEVANI\\dataconnect": could not find dataconnect.yaml in `d:\SEVANI\dataconnect`
 {"metadata":{"emulator":{"name":"dataconnect"},"message":"E0331 21:41:37.598379   20728 watch.go:40] Failed to load config from \"d:\\\\SEVANI\\\\dataconnect\": could not find dataconnect.yaml in `d:\\SEVANI\\dataconnect`\n"}}
[debug] [2026-03-31T14:41:47.598Z] E0331 21:41:47.598621   20728 watch.go:40] Failed to load config from "d:\\SEVANI\\dataconnect": could not find dataconnect.yaml in `d:\SEVANI\dataconnect`
 {"metadata":{"emulator":{"name":"dataconnect"},"message":"E0331 21:41:47.598621   20728 watch.go:40] Failed to load config from \"d:\\\\SEVANI\\\\dataconnect\": could not find dataconnect.yaml in `d:\\SEVANI\\dataconnect`\n"}}
[debug] [2026-03-31T14:41:57.599Z] E0331 21:41:57.598747   20728 watch.go:116] watchAllDir unable to walk dir `d:\SEVANI\dataconnect`: GetFileAttributesEx d:\SEVANI\dataconnect: The system cannot find the file specified.
E0331 21:41:57.598747   20728 watch.go:40] Failed to load config from "d:\\SEVANI\\dataconnect": could not find dataconnect.yaml in `d:\SEVANI\dataconnect`
 {"metadata":{"emulator":{"name":"dataconnect"},"message":"E0331 21:41:57.598747   20728 watch.go:116] watchAllDir unable to walk dir `d:\\SEVANI\\dataconnect`: GetFileAttributesEx d:\\SEVANI\\dataconnect: The system cannot find the file specified.\nE0331 21:41:57.598747   20728 watch.go:40] Failed to load config from \"d:\\\\SEVANI\\\\dataconnect\": could not find dataconnect.yaml in `d:\\SEVANI\\dataconnect`\n"}}
[debug] [2026-03-31T14:42:07.599Z] E0331 21:42:07.598947   20728 watch.go:40] Failed to load config from "d:\\SEVANI\\dataconnect": could not find dataconnect.yaml in `d:\SEVANI\dataconnect`
 {"metadata":{"emulator":{"name":"dataconnect"},"message":"E0331 21:42:07.598947   20728 watch.go:40] Failed to load config from \"d:\\\\SEVANI\\\\dataconnect\": could not find dataconnect.yaml in `d:\\SEVANI\\dataconnect`\n"}}
[debug] [2026-03-31T14:42:17.598Z] E0331 21:42:17.598568   20728 watch.go:40] Failed to load config from "d:\\SEVANI\\dataconnect": could not find dataconnect.yaml in `d:\SEVANI\dataconnect`
 {"metadata":{"emulator":{"name":"dataconnect"},"message":"E0331 21:42:17.598568   20728 watch.go:40] Failed to load config from \"d:\\\\SEVANI\\\\dataconnect\": could not find dataconnect.yaml in `d:\\SEVANI\\dataconnect`\n"}}
[debug] [2026-03-31T14:42:27.598Z] E0331 21:42:27.598418   20728 watch.go:40] Failed to load config from "d:\\SEVANI\\dataconnect": could not find dataconnect.yaml in `d:\SEVANI\dataconnect`
 {"metadata":{"emulator":{"name":"dataconnect"},"message":"E0331 21:42:27.598418   20728 watch.go:40] Failed to load config from \"d:\\\\SEVANI\\\\dataconnect\": could not find dataconnect.yaml in `d:\\SEVANI\\dataconnect`\n"}}
[debug] [2026-03-31T14:42:37.600Z] E0331 21:42:37.599874   20728 watch.go:40] Failed to load config from "d:\\SEVANI\\dataconnect": could not find dataconnect.yaml in `d:\SEVANI\dataconnect`
 {"metadata":{"emulator":{"name":"dataconnect"},"message":"E0331 21:42:37.599874   20728 watch.go:40] Failed to load config from \"d:\\\\SEVANI\\\\dataconnect\": could not find dataconnect.yaml in `d:\\SEVANI\\dataconnect`\n"}}
[debug] [2026-03-31T14:42:47.598Z] E0331 21:42:47.598646   20728 watch.go:40] Failed to load config from "d:\\SEVANI\\dataconnect": could not find dataconnect.yaml in `d:\SEVANI\dataconnect`
 {"metadata":{"emulator":{"name":"dataconnect"},"message":"E0331 21:42:47.598646   20728 watch.go:40] Failed to load config from \"d:\\\\SEVANI\\\\dataconnect\": could not find dataconnect.yaml in `d:\\SEVANI\\dataconnect`\n"}}
[debug] [2026-03-31T14:42:57.598Z] E0331 21:42:57.598921   20728 watch.go:116] watchAllDir unable to walk dir `d:\SEVANI\dataconnect`: GetFileAttributesEx d:\SEVANI\dataconnect: The system cannot find the file specified.
 {"metadata":{"emulator":{"name":"dataconnect"},"message":"E0331 21:42:57.598921   20728 watch.go:116] watchAllDir unable to walk dir `d:\\SEVANI\\dataconnect`: GetFileAttributesEx d:\\SEVANI\\dataconnect: The system cannot find the file specified.\n"}}
[debug] [2026-03-31T14:42:57.599Z] E0331 21:42:57.598921   20728 watch.go:40] Failed to load config from "d:\\SEVANI\\dataconnect": could not find dataconnect.yaml in `d:\SEVANI\dataconnect`
 {"metadata":{"emulator":{"name":"dataconnect"},"message":"E0331 21:42:57.598921   20728 watch.go:40] Failed to load config from \"d:\\\\SEVANI\\\\dataconnect\": could not find dataconnect.yaml in `d:\\SEVANI\\dataconnect`\n"}}
[debug] [2026-03-31T14:43:07.599Z] E0331 21:43:07.599153   20728 watch.go:40] Failed to load config from "d:\\SEVANI\\dataconnect": could not find dataconnect.yaml in `d:\SEVANI\dataconnect`
 {"metadata":{"emulator":{"name":"dataconnect"},"message":"E0331 21:43:07.599153   20728 watch.go:40] Failed to load config from \"d:\\\\SEVANI\\\\dataconnect\": could not find dataconnect.yaml in `d:\\SEVANI\\dataconnect`\n"}}
[debug] [2026-03-31T14:43:17.599Z] E0331 21:43:17.598757   20728 watch.go:40] Failed to load config from "d:\\SEVANI\\dataconnect": could not find dataconnect.yaml in `d:\SEVANI\dataconnect`
 {"metadata":{"emulator":{"name":"dataconnect"},"message":"E0331 21:43:17.598757   20728 watch.go:40] Failed to load config from \"d:\\\\SEVANI\\\\dataconnect\": could not find dataconnect.yaml in `d:\\SEVANI\\dataconnect`\n"}}
[debug] [2026-03-31T14:43:27.600Z] E0331 21:43:27.600082   20728 watch.go:40] Failed to load config from "d:\\SEVANI\\dataconnect": could not find dataconnect.yaml in `d:\SEVANI\dataconnect`
 {"metadata":{"emulator":{"name":"dataconnect"},"message":"E0331 21:43:27.600082   20728 watch.go:40] Failed to load config from \"d:\\\\SEVANI\\\\dataconnect\": could not find dataconnect.yaml in `d:\\SEVANI\\dataconnect`\n"}}
[debug] [2026-03-31T14:43:37.600Z] E0331 21:43:37.599565   20728 watch.go:40] Failed to load config from "d:\\SEVANI\\dataconnect": could not find dataconnect.yaml in `d:\SEVANI\dataconnect`
 {"metadata":{"emulator":{"name":"dataconnect"},"message":"E0331 21:43:37.599565   20728 watch.go:40] Failed to load config from \"d:\\\\SEVANI\\\\dataconnect\": could not find dataconnect.yaml in `d:\\SEVANI\\dataconnect`\n"}}
[debug] [2026-03-31T14:43:47.599Z] E0331 21:43:47.599890   20728 watch.go:40] Failed to load config from "d:\\SEVANI\\dataconnect": could not find dataconnect.yaml in `d:\SEVANI\dataconnect`
 {"metadata":{"emulator":{"name":"dataconnect"},"message":"E0331 21:43:47.599890   20728 watch.go:40] Failed to load config from \"d:\\\\SEVANI\\\\dataconnect\": could not find dataconnect.yaml in `d:\\SEVANI\\dataconnect`\n"}}
[debug] [2026-03-31T14:43:57.600Z] E0331 21:43:57.599791   20728 watch.go:116] watchAllDir unable to walk dir `d:\SEVANI\dataconnect`: GetFileAttributesEx d:\SEVANI\dataconnect: The system cannot find the file specified.
E0331 21:43:57.599791   20728 watch.go:40] Failed to load config from "d:\\SEVANI\\dataconnect": could not find dataconnect.yaml in `d:\SEVANI\dataconnect`
 {"metadata":{"emulator":{"name":"dataconnect"},"message":"E0331 21:43:57.599791   20728 watch.go:116] watchAllDir unable to walk dir `d:\\SEVANI\\dataconnect`: GetFileAttributesEx d:\\SEVANI\\dataconnect: The system cannot find the file specified.\nE0331 21:43:57.599791   20728 watch.go:40] Failed to load config from \"d:\\\\SEVANI\\\\dataconnect\": could not find dataconnect.yaml in `d:\\SEVANI\\dataconnect`\n"}}
[debug] [2026-03-31T14:44:07.600Z] E0331 21:44:07.599402   20728 watch.go:40] Failed to load config from "d:\\SEVANI\\dataconnect": could not find dataconnect.yaml in `d:\SEVANI\dataconnect`
 {"metadata":{"emulator":{"name":"dataconnect"},"message":"E0331 21:44:07.599402   20728 watch.go:40] Failed to load config from \"d:\\\\SEVANI\\\\dataconnect\": could not find dataconnect.yaml in `d:\\SEVANI\\dataconnect`\n"}}
[debug] [2026-03-31T14:44:17.599Z] E0331 21:44:17.599641   20728 watch.go:40] Failed to load config from "d:\\SEVANI\\dataconnect": could not find dataconnect.yaml in `d:\SEVANI\dataconnect`
 {"metadata":{"emulator":{"name":"dataconnect"},"message":"E0331 21:44:17.599641   20728 watch.go:40] Failed to load config from \"d:\\\\SEVANI\\\\dataconnect\": could not find dataconnect.yaml in `d:\\SEVANI\\dataconnect`\n"}}
[debug] [2026-03-31T14:44:27.598Z] E0331 21:44:27.599107   20728 watch.go:40] Failed to load config from "d:\\SEVANI\\dataconnect": could not find dataconnect.yaml in `d:\SEVANI\dataconnect`
 {"metadata":{"emulator":{"name":"dataconnect"},"message":"E0331 21:44:27.599107   20728 watch.go:40] Failed to load config from \"d:\\\\SEVANI\\\\dataconnect\": could not find dataconnect.yaml in `d:\\SEVANI\\dataconnect`\n"}}
[debug] [2026-03-31T14:44:37.598Z] E0331 21:44:37.599274   20728 watch.go:40] Failed to load config from "d:\\SEVANI\\dataconnect": could not find dataconnect.yaml in `d:\SEVANI\dataconnect`
 {"metadata":{"emulator":{"name":"dataconnect"},"message":"E0331 21:44:37.599274   20728 watch.go:40] Failed to load config from \"d:\\\\SEVANI\\\\dataconnect\": could not find dataconnect.yaml in `d:\\SEVANI\\dataconnect`\n"}}
[debug] [2026-03-31T14:44:47.599Z] E0331 21:44:47.599851   20728 watch.go:40] Failed to load config from "d:\\SEVANI\\dataconnect": could not find dataconnect.yaml in `d:\SEVANI\dataconnect`
 {"metadata":{"emulator":{"name":"dataconnect"},"message":"E0331 21:44:47.599851   20728 watch.go:40] Failed to load config from \"d:\\\\SEVANI\\\\dataconnect\": could not find dataconnect.yaml in `d:\\SEVANI\\dataconnect`\n"}}
[debug] [2026-03-31T14:44:57.597Z] E0331 21:44:57.598605   20728 watch.go:116] watchAllDir unable to walk dir `d:\SEVANI\dataconnect`: GetFileAttributesEx d:\SEVANI\dataconnect: The system cannot find the file specified.
 {"metadata":{"emulator":{"name":"dataconnect"},"message":"E0331 21:44:57.598605   20728 watch.go:116] watchAllDir unable to walk dir `d:\\SEVANI\\dataconnect`: GetFileAttributesEx d:\\SEVANI\\dataconnect: The system cannot find the file specified.\n"}}
[debug] [2026-03-31T14:44:57.599Z] E0331 21:44:57.599134   20728 watch.go:40] Failed to load config from "d:\\SEVANI\\dataconnect": could not find dataconnect.yaml in `d:\SEVANI\dataconnect`
 {"metadata":{"emulator":{"name":"dataconnect"},"message":"E0331 21:44:57.599134   20728 watch.go:40] Failed to load config from \"d:\\\\SEVANI\\\\dataconnect\": could not find dataconnect.yaml in `d:\\SEVANI\\dataconnect`\n"}}
[debug] [2026-03-31T14:45:07.598Z] E0331 21:45:07.598947   20728 watch.go:40] Failed to load config from "d:\\SEVANI\\dataconnect": could not find dataconnect.yaml in `d:\SEVANI\dataconnect`
 {"metadata":{"emulator":{"name":"dataconnect"},"message":"E0331 21:45:07.598947   20728 watch.go:40] Failed to load config from \"d:\\\\SEVANI\\\\dataconnect\": could not find dataconnect.yaml in `d:\\SEVANI\\dataconnect`\n"}}
[debug] [2026-03-31T14:45:17.599Z] E0331 21:45:17.599177   20728 watch.go:40] Failed to load config from "d:\\SEVANI\\dataconnect": could not find dataconnect.yaml in `d:\SEVANI\dataconnect`
 {"metadata":{"emulator":{"name":"dataconnect"},"message":"E0331 21:45:17.599177   20728 watch.go:40] Failed to load config from \"d:\\\\SEVANI\\\\dataconnect\": could not find dataconnect.yaml in `d:\\SEVANI\\dataconnect`\n"}}
[debug] [2026-03-31T14:45:27.600Z] E0331 21:45:27.599801   20728 watch.go:40] Failed to load config from "d:\\SEVANI\\dataconnect": could not find dataconnect.yaml in `d:\SEVANI\dataconnect`
 {"metadata":{"emulator":{"name":"dataconnect"},"message":"E0331 21:45:27.599801   20728 watch.go:40] Failed to load config from \"d:\\\\SEVANI\\\\dataconnect\": could not find dataconnect.yaml in `d:\\SEVANI\\dataconnect`\n"}}
[debug] [2026-03-31T14:45:37.600Z] E0331 21:45:37.600055   20728 watch.go:40] Failed to load config from "d:\\SEVANI\\dataconnect": could not find dataconnect.yaml in `d:\SEVANI\dataconnect`
 {"metadata":{"emulator":{"name":"dataconnect"},"message":"E0331 21:45:37.600055   20728 watch.go:40] Failed to load config from \"d:\\\\SEVANI\\\\dataconnect\": could not find dataconnect.yaml in `d:\\SEVANI\\dataconnect`\n"}}
[debug] [2026-03-31T14:45:47.599Z] E0331 21:45:47.599263   20728 watch.go:40] Failed to load config from "d:\\SEVANI\\dataconnect": could not find dataconnect.yaml in `d:\SEVANI\dataconnect`
 {"metadata":{"emulator":{"name":"dataconnect"},"message":"E0331 21:45:47.599263   20728 watch.go:40] Failed to load config from \"d:\\\\SEVANI\\\\dataconnect\": could not find dataconnect.yaml in `d:\\SEVANI\\dataconnect`\n"}}
[debug] [2026-03-31T14:45:57.600Z] E0331 21:45:57.599031   20728 watch.go:116] watchAllDir unable to walk dir `d:\SEVANI\dataconnect`: GetFileAttributesEx d:\SEVANI\dataconnect: The system cannot find the file specified.
E0331 21:45:57.600046   20728 watch.go:40] Failed to load config from "d:\\SEVANI\\dataconnect": could not find dataconnect.yaml in `d:\SEVANI\dataconnect`
 {"metadata":{"emulator":{"name":"dataconnect"},"message":"E0331 21:45:57.599031   20728 watch.go:116] watchAllDir unable to walk dir `d:\\SEVANI\\dataconnect`: GetFileAttributesEx d:\\SEVANI\\dataconnect: The system cannot find the file specified.\nE0331 21:45:57.600046   20728 watch.go:40] Failed to load config from \"d:\\\\SEVANI\\\\dataconnect\": could not find dataconnect.yaml in `d:\\SEVANI\\dataconnect`\n"}}
[debug] [2026-03-31T14:46:07.598Z] E0331 21:46:07.598600   20728 watch.go:40] Failed to load config from "d:\\SEVANI\\dataconnect": could not find dataconnect.yaml in `d:\SEVANI\dataconnect`
 {"metadata":{"emulator":{"name":"dataconnect"},"message":"E0331 21:46:07.598600   20728 watch.go:40] Failed to load config from \"d:\\\\SEVANI\\\\dataconnect\": could not find dataconnect.yaml in `d:\\SEVANI\\dataconnect`\n"}}
[debug] [2026-03-31T14:46:17.598Z] E0331 21:46:17.598521   20728 watch.go:40] Failed to load config from "d:\\SEVANI\\dataconnect": could not find dataconnect.yaml in `d:\SEVANI\dataconnect`
 {"metadata":{"emulator":{"name":"dataconnect"},"message":"E0331 21:46:17.598521   20728 watch.go:40] Failed to load config from \"d:\\\\SEVANI\\\\dataconnect\": could not find dataconnect.yaml in `d:\\SEVANI\\dataconnect`\n"}}
[debug] [2026-03-31T14:46:27.599Z] E0331 21:46:27.599972   20728 watch.go:40] Failed to load config from "d:\\SEVANI\\dataconnect": could not find dataconnect.yaml in `d:\SEVANI\dataconnect`
 {"metadata":{"emulator":{"name":"dataconnect"},"message":"E0331 21:46:27.599972   20728 watch.go:40] Failed to load config from \"d:\\\\SEVANI\\\\dataconnect\": could not find dataconnect.yaml in `d:\\SEVANI\\dataconnect`\n"}}
[debug] [2026-03-31T14:46:37.598Z] E0331 21:46:37.598518   20728 watch.go:40] Failed to load config from "d:\\SEVANI\\dataconnect": could not find dataconnect.yaml in `d:\SEVANI\dataconnect`
 {"metadata":{"emulator":{"name":"dataconnect"},"message":"E0331 21:46:37.598518   20728 watch.go:40] Failed to load config from \"d:\\\\SEVANI\\\\dataconnect\": could not find dataconnect.yaml in `d:\\SEVANI\\dataconnect`\n"}}
[debug] [2026-03-31T14:46:47.599Z] E0331 21:46:47.598626   20728 watch.go:40] Failed to load config from "d:\\SEVANI\\dataconnect": could not find dataconnect.yaml in `d:\SEVANI\dataconnect`
 {"metadata":{"emulator":{"name":"dataconnect"},"message":"E0331 21:46:47.598626   20728 watch.go:40] Failed to load config from \"d:\\\\SEVANI\\\\dataconnect\": could not find dataconnect.yaml in `d:\\SEVANI\\dataconnect`\n"}}
[debug] [2026-03-31T14:46:57.599Z] E0331 21:46:57.598969   20728 watch.go:116] watchAllDir unable to walk dir `d:\SEVANI\dataconnect`: GetFileAttributesEx d:\SEVANI\dataconnect: The system cannot find the file specified.
E0331 21:46:57.598969   20728 watch.go:40] Failed to load config from "d:\\SEVANI\\dataconnect": could not find dataconnect.yaml in `d:\SEVANI\dataconnect`
 {"metadata":{"emulator":{"name":"dataconnect"},"message":"E0331 21:46:57.598969   20728 watch.go:116] watchAllDir unable to walk dir `d:\\SEVANI\\dataconnect`: GetFileAttributesEx d:\\SEVANI\\dataconnect: The system cannot find the file specified.\nE0331 21:46:57.598969   20728 watch.go:40] Failed to load config from \"d:\\\\SEVANI\\\\dataconnect\": could not find dataconnect.yaml in `d:\\SEVANI\\dataconnect`\n"}}
[debug] [2026-03-31T14:47:07.600Z] E0331 21:47:07.600538   20728 watch.go:40] Failed to load config from "d:\\SEVANI\\dataconnect": could not find dataconnect.yaml in `d:\SEVANI\dataconnect`
 {"metadata":{"emulator":{"name":"dataconnect"},"message":"E0331 21:47:07.600538   20728 watch.go:40] Failed to load config from \"d:\\\\SEVANI\\\\dataconnect\": could not find dataconnect.yaml in `d:\\SEVANI\\dataconnect`\n"}}
[debug] [2026-03-31T14:47:17.601Z] E0331 21:47:17.600327   20728 watch.go:40] Failed to load config from "d:\\SEVANI\\dataconnect": could not find dataconnect.yaml in `d:\SEVANI\dataconnect`
 {"metadata":{"emulator":{"name":"dataconnect"},"message":"E0331 21:47:17.600327   20728 watch.go:40] Failed to load config from \"d:\\\\SEVANI\\\\dataconnect\": could not find dataconnect.yaml in `d:\\SEVANI\\dataconnect`\n"}}
[debug] [2026-03-31T14:47:27.599Z] E0331 21:47:27.598911   20728 watch.go:40] Failed to load config from "d:\\SEVANI\\dataconnect": could not find dataconnect.yaml in `d:\SEVANI\dataconnect`
 {"metadata":{"emulator":{"name":"dataconnect"},"message":"E0331 21:47:27.598911   20728 watch.go:40] Failed to load config from \"d:\\\\SEVANI\\\\dataconnect\": could not find dataconnect.yaml in `d:\\SEVANI\\dataconnect`\n"}}
[debug] [2026-03-31T14:47:37.598Z] E0331 21:47:37.598703   20728 watch.go:40] Failed to load config from "d:\\SEVANI\\dataconnect": could not find dataconnect.yaml in `d:\SEVANI\dataconnect`
 {"metadata":{"emulator":{"name":"dataconnect"},"message":"E0331 21:47:37.598703   20728 watch.go:40] Failed to load config from \"d:\\\\SEVANI\\\\dataconnect\": could not find dataconnect.yaml in `d:\\SEVANI\\dataconnect`\n"}}
[debug] [2026-03-31T14:47:47.598Z] E0331 21:47:47.598598   20728 watch.go:40] Failed to load config from "d:\\SEVANI\\dataconnect": could not find dataconnect.yaml in `d:\SEVANI\dataconnect`
 {"metadata":{"emulator":{"name":"dataconnect"},"message":"E0331 21:47:47.598598   20728 watch.go:40] Failed to load config from \"d:\\\\SEVANI\\\\dataconnect\": could not find dataconnect.yaml in `d:\\SEVANI\\dataconnect`\n"}}
[debug] [2026-03-31T14:47:57.598Z] E0331 21:47:57.598700   20728 watch.go:116] watchAllDir unable to walk dir `d:\SEVANI\dataconnect`: GetFileAttributesEx d:\SEVANI\dataconnect: The system cannot find the file specified.
 {"metadata":{"emulator":{"name":"dataconnect"},"message":"E0331 21:47:57.598700   20728 watch.go:116] watchAllDir unable to walk dir `d:\\SEVANI\\dataconnect`: GetFileAttributesEx d:\\SEVANI\\dataconnect: The system cannot find the file specified.\n"}}
[debug] [2026-03-31T14:47:57.598Z] E0331 21:47:57.598700   20728 watch.go:40] Failed to load config from "d:\\SEVANI\\dataconnect": could not find dataconnect.yaml in `d:\SEVANI\dataconnect`
 {"metadata":{"emulator":{"name":"dataconnect"},"message":"E0331 21:47:57.598700   20728 watch.go:40] Failed to load config from \"d:\\\\SEVANI\\\\dataconnect\": could not find dataconnect.yaml in `d:\\SEVANI\\dataconnect`\n"}}
[debug] [2026-03-31T14:48:07.598Z] E0331 21:48:07.598863   20728 watch.go:40] Failed to load config from "d:\\SEVANI\\dataconnect": could not find dataconnect.yaml in `d:\SEVANI\dataconnect`
 {"metadata":{"emulator":{"name":"dataconnect"},"message":"E0331 21:48:07.598863   20728 watch.go:40] Failed to load config from \"d:\\\\SEVANI\\\\dataconnect\": could not find dataconnect.yaml in `d:\\SEVANI\\dataconnect`\n"}}
[debug] [2026-03-31T14:48:17.598Z] E0331 21:48:17.598591   20728 watch.go:40] Failed to load config from "d:\\SEVANI\\dataconnect": could not find dataconnect.yaml in `d:\SEVANI\dataconnect`
 {"metadata":{"emulator":{"name":"dataconnect"},"message":"E0331 21:48:17.598591   20728 watch.go:40] Failed to load config from \"d:\\\\SEVANI\\\\dataconnect\": could not find dataconnect.yaml in `d:\\SEVANI\\dataconnect`\n"}}
[debug] [2026-03-31T14:48:27.598Z] E0331 21:48:27.598455   20728 watch.go:40] Failed to load config from "d:\\SEVANI\\dataconnect": could not find dataconnect.yaml in `d:\SEVANI\dataconnect`
 {"metadata":{"emulator":{"name":"dataconnect"},"message":"E0331 21:48:27.598455   20728 watch.go:40] Failed to load config from \"d:\\\\SEVANI\\\\dataconnect\": could not find dataconnect.yaml in `d:\\SEVANI\\dataconnect`\n"}}
[debug] [2026-03-31T14:48:37.598Z] E0331 21:48:37.598868   20728 watch.go:40] Failed to load config from "d:\\SEVANI\\dataconnect": could not find dataconnect.yaml in `d:\SEVANI\dataconnect`
 {"metadata":{"emulator":{"name":"dataconnect"},"message":"E0331 21:48:37.598868   20728 watch.go:40] Failed to load config from \"d:\\\\SEVANI\\\\dataconnect\": could not find dataconnect.yaml in `d:\\SEVANI\\dataconnect`\n"}}
[debug] [2026-03-31T14:48:47.598Z] E0331 21:48:47.598333   20728 watch.go:40] Failed to load config from "d:\\SEVANI\\dataconnect": could not find dataconnect.yaml in `d:\SEVANI\dataconnect`
 {"metadata":{"emulator":{"name":"dataconnect"},"message":"E0331 21:48:47.598333   20728 watch.go:40] Failed to load config from \"d:\\\\SEVANI\\\\dataconnect\": could not find dataconnect.yaml in `d:\\SEVANI\\dataconnect`\n"}}
[debug] [2026-03-31T14:48:57.598Z] E0331 21:48:57.598821   20728 watch.go:116] watchAllDir unable to walk dir `d:\SEVANI\dataconnect`: GetFileAttributesEx d:\SEVANI\dataconnect: The system cannot find the file specified.
E0331 21:48:57.598821   20728 watch.go:40] Failed to load config from "d:\\SEVANI\\dataconnect": could not find dataconnect.yaml in `d:\SEVANI\dataconnect`
 {"metadata":{"emulator":{"name":"dataconnect"},"message":"E0331 21:48:57.598821   20728 watch.go:116] watchAllDir unable to walk dir `d:\\SEVANI\\dataconnect`: GetFileAttributesEx d:\\SEVANI\\dataconnect: The system cannot find the file specified.\nE0331 21:48:57.598821   20728 watch.go:40] Failed to load config from \"d:\\\\SEVANI\\\\dataconnect\": could not find dataconnect.yaml in `d:\\SEVANI\\dataconnect`\n"}}
[debug] [2026-03-31T14:49:07.598Z] E0331 21:49:07.598718   20728 watch.go:40] Failed to load config from "d:\\SEVANI\\dataconnect": could not find dataconnect.yaml in `d:\SEVANI\dataconnect`
 {"metadata":{"emulator":{"name":"dataconnect"},"message":"E0331 21:49:07.598718   20728 watch.go:40] Failed to load config from \"d:\\\\SEVANI\\\\dataconnect\": could not find dataconnect.yaml in `d:\\SEVANI\\dataconnect`\n"}}
[debug] [2026-03-31T14:49:17.598Z] E0331 21:49:17.598492   20728 watch.go:40] Failed to load config from "d:\\SEVANI\\dataconnect": could not find dataconnect.yaml in `d:\SEVANI\dataconnect`
 {"metadata":{"emulator":{"name":"dataconnect"},"message":"E0331 21:49:17.598492   20728 watch.go:40] Failed to load config from \"d:\\\\SEVANI\\\\dataconnect\": could not find dataconnect.yaml in `d:\\SEVANI\\dataconnect`\n"}}
[debug] [2026-03-31T14:49:27.598Z] E0331 21:49:27.598373   20728 watch.go:40] Failed to load config from "d:\\SEVANI\\dataconnect": could not find dataconnect.yaml in `d:\SEVANI\dataconnect`
 {"metadata":{"emulator":{"name":"dataconnect"},"message":"E0331 21:49:27.598373   20728 watch.go:40] Failed to load config from \"d:\\\\SEVANI\\\\dataconnect\": could not find dataconnect.yaml in `d:\\SEVANI\\dataconnect`\n"}}
[debug] [2026-03-31T14:49:37.598Z] E0331 21:49:37.598796   20728 watch.go:40] Failed to load config from "d:\\SEVANI\\dataconnect": could not find dataconnect.yaml in `d:\SEVANI\dataconnect`
 {"metadata":{"emulator":{"name":"dataconnect"},"message":"E0331 21:49:37.598796   20728 watch.go:40] Failed to load config from \"d:\\\\SEVANI\\\\dataconnect\": could not find dataconnect.yaml in `d:\\SEVANI\\dataconnect`\n"}}
[debug] [2026-03-31T14:49:47.598Z] E0331 21:49:47.598428   20728 watch.go:40] Failed to load config from "d:\\SEVANI\\dataconnect": could not find dataconnect.yaml in `d:\SEVANI\dataconnect`
 {"metadata":{"emulator":{"name":"dataconnect"},"message":"E0331 21:49:47.598428   20728 watch.go:40] Failed to load config from \"d:\\\\SEVANI\\\\dataconnect\": could not find dataconnect.yaml in `d:\\SEVANI\\dataconnect`\n"}}
[debug] [2026-03-31T14:49:57.598Z] E0331 21:49:57.598657   20728 watch.go:116] watchAllDir unable to walk dir `d:\SEVANI\dataconnect`: GetFileAttributesEx d:\SEVANI\dataconnect: The system cannot find the file specified.
E0331 21:49:57.598657   20728 watch.go:40] Failed to load config from "d:\\SEVANI\\dataconnect": could not find dataconnect.yaml in `d:\SEVANI\dataconnect`
 {"metadata":{"emulator":{"name":"dataconnect"},"message":"E0331 21:49:57.598657   20728 watch.go:116] watchAllDir unable to walk dir `d:\\SEVANI\\dataconnect`: GetFileAttributesEx d:\\SEVANI\\dataconnect: The system cannot find the file specified.\nE0331 21:49:57.598657   20728 watch.go:40] Failed to load config from \"d:\\\\SEVANI\\\\dataconnect\": could not find dataconnect.yaml in `d:\\SEVANI\\dataconnect`\n"}}
[debug] [2026-03-31T14:50:07.598Z] E0331 21:50:07.598967   20728 watch.go:40] Failed to load config from "d:\\SEVANI\\dataconnect": could not find dataconnect.yaml in `d:\SEVANI\dataconnect`
 {"metadata":{"emulator":{"name":"dataconnect"},"message":"E0331 21:50:07.598967   20728 watch.go:40] Failed to load config from \"d:\\\\SEVANI\\\\dataconnect\": could not find dataconnect.yaml in `d:\\SEVANI\\dataconnect`\n"}}
[debug] [2026-03-31T14:50:17.599Z] E0331 21:50:17.599276   20728 watch.go:40] Failed to load config from "d:\\SEVANI\\dataconnect": could not find dataconnect.yaml in `d:\SEVANI\dataconnect`
 {"metadata":{"emulator":{"name":"dataconnect"},"message":"E0331 21:50:17.599276   20728 watch.go:40] Failed to load config from \"d:\\\\SEVANI\\\\dataconnect\": could not find dataconnect.yaml in `d:\\SEVANI\\dataconnect`\n"}}
[debug] [2026-03-31T14:50:27.598Z] E0331 21:50:27.598374   20728 watch.go:40] Failed to load config from "d:\\SEVANI\\dataconnect": could not find dataconnect.yaml in `d:\SEVANI\dataconnect`
 {"metadata":{"emulator":{"name":"dataconnect"},"message":"E0331 21:50:27.598374   20728 watch.go:40] Failed to load config from \"d:\\\\SEVANI\\\\dataconnect\": could not find dataconnect.yaml in `d:\\SEVANI\\dataconnect`\n"}}
[debug] [2026-03-31T14:50:37.598Z] E0331 21:50:37.598586   20728 watch.go:40] Failed to load config from "d:\\SEVANI\\dataconnect": could not find dataconnect.yaml in `d:\SEVANI\dataconnect`
 {"metadata":{"emulator":{"name":"dataconnect"},"message":"E0331 21:50:37.598586   20728 watch.go:40] Failed to load config from \"d:\\\\SEVANI\\\\dataconnect\": could not find dataconnect.yaml in `d:\\SEVANI\\dataconnect`\n"}}
[debug] [2026-03-31T14:50:47.598Z] E0331 21:50:47.598594   20728 watch.go:40] Failed to load config from "d:\\SEVANI\\dataconnect": could not find dataconnect.yaml in `d:\SEVANI\dataconnect`
 {"metadata":{"emulator":{"name":"dataconnect"},"message":"E0331 21:50:47.598594   20728 watch.go:40] Failed to load config from \"d:\\\\SEVANI\\\\dataconnect\": could not find dataconnect.yaml in `d:\\SEVANI\\dataconnect`\n"}}
[debug] [2026-03-31T14:50:57.598Z] E0331 21:50:57.598385   20728 watch.go:116] watchAllDir unable to walk dir `d:\SEVANI\dataconnect`: GetFileAttributesEx d:\SEVANI\dataconnect: The system cannot find the file specified.
E0331 21:50:57.598385   20728 watch.go:40] Failed to load config from "d:\\SEVANI\\dataconnect": could not find dataconnect.yaml in `d:\SEVANI\dataconnect`
 {"metadata":{"emulator":{"name":"dataconnect"},"message":"E0331 21:50:57.598385   20728 watch.go:116] watchAllDir unable to walk dir `d:\\SEVANI\\dataconnect`: GetFileAttributesEx d:\\SEVANI\\dataconnect: The system cannot find the file specified.\nE0331 21:50:57.598385   20728 watch.go:40] Failed to load config from \"d:\\\\SEVANI\\\\dataconnect\": could not find dataconnect.yaml in `d:\\SEVANI\\dataconnect`\n"}}
[debug] [2026-03-31T14:51:07.600Z] E0331 21:51:07.598757   20728 watch.go:40] Failed to load config from "d:\\SEVANI\\dataconnect": could not find dataconnect.yaml in `d:\SEVANI\dataconnect`
 {"metadata":{"emulator":{"name":"dataconnect"},"message":"E0331 21:51:07.598757   20728 watch.go:40] Failed to load config from \"d:\\\\SEVANI\\\\dataconnect\": could not find dataconnect.yaml in `d:\\SEVANI\\dataconnect`\n"}}
[debug] [2026-03-31T14:51:17.599Z] E0331 21:51:17.598774   20728 watch.go:40] Failed to load config from "d:\\SEVANI\\dataconnect": could not find dataconnect.yaml in `d:\SEVANI\dataconnect`
 {"metadata":{"emulator":{"name":"dataconnect"},"message":"E0331 21:51:17.598774   20728 watch.go:40] Failed to load config from \"d:\\\\SEVANI\\\\dataconnect\": could not find dataconnect.yaml in `d:\\SEVANI\\dataconnect`\n"}}
[debug] [2026-03-31T14:51:27.598Z] E0331 21:51:27.598697   20728 watch.go:40] Failed to load config from "d:\\SEVANI\\dataconnect": could not find dataconnect.yaml in `d:\SEVANI\dataconnect`
 {"metadata":{"emulator":{"name":"dataconnect"},"message":"E0331 21:51:27.598697   20728 watch.go:40] Failed to load config from \"d:\\\\SEVANI\\\\dataconnect\": could not find dataconnect.yaml in `d:\\SEVANI\\dataconnect`\n"}}
[debug] [2026-03-31T14:51:37.598Z] E0331 21:51:37.598366   20728 watch.go:40] Failed to load config from "d:\\SEVANI\\dataconnect": could not find dataconnect.yaml in `d:\SEVANI\dataconnect`
 {"metadata":{"emulator":{"name":"dataconnect"},"message":"E0331 21:51:37.598366   20728 watch.go:40] Failed to load config from \"d:\\\\SEVANI\\\\dataconnect\": could not find dataconnect.yaml in `d:\\SEVANI\\dataconnect`\n"}}
[debug] [2026-03-31T14:51:47.598Z] E0331 21:51:47.598424   20728 watch.go:40] Failed to load config from "d:\\SEVANI\\dataconnect": could not find dataconnect.yaml in `d:\SEVANI\dataconnect`
 {"metadata":{"emulator":{"name":"dataconnect"},"message":"E0331 21:51:47.598424   20728 watch.go:40] Failed to load config from \"d:\\\\SEVANI\\\\dataconnect\": could not find dataconnect.yaml in `d:\\SEVANI\\dataconnect`\n"}}
[debug] [2026-03-31T14:51:57.598Z] E0331 21:51:57.598581   20728 watch.go:40] Failed to load config from "d:\\SEVANI\\dataconnect": could not find dataconnect.yaml in `d:\SEVANI\dataconnect`
E0331 21:51:57.598581   20728 watch.go:116] watchAllDir unable to walk dir `d:\SEVANI\dataconnect`: GetFileAttributesEx d:\SEVANI\dataconnect: The system cannot find the file specified.
 {"metadata":{"emulator":{"name":"dataconnect"},"message":"E0331 21:51:57.598581   20728 watch.go:40] Failed to load config from \"d:\\\\SEVANI\\\\dataconnect\": could not find dataconnect.yaml in `d:\\SEVANI\\dataconnect`\nE0331 21:51:57.598581   20728 watch.go:116] watchAllDir unable to walk dir `d:\\SEVANI\\dataconnect`: GetFileAttributesEx d:\\SEVANI\\dataconnect: The system cannot find the file specified.\n"}}
[debug] [2026-03-31T14:52:07.598Z] E0331 21:52:07.598622   20728 watch.go:40] Failed to load config from "d:\\SEVANI\\dataconnect": could not find dataconnect.yaml in `d:\SEVANI\dataconnect`
 {"metadata":{"emulator":{"name":"dataconnect"},"message":"E0331 21:52:07.598622   20728 watch.go:40] Failed to load config from \"d:\\\\SEVANI\\\\dataconnect\": could not find dataconnect.yaml in `d:\\SEVANI\\dataconnect`\n"}}
[debug] [2026-03-31T14:52:17.598Z] E0331 21:52:17.598691   20728 watch.go:40] Failed to load config from "d:\\SEVANI\\dataconnect": could not find dataconnect.yaml in `d:\SEVANI\dataconnect`
 {"metadata":{"emulator":{"name":"dataconnect"},"message":"E0331 21:52:17.598691   20728 watch.go:40] Failed to load config from \"d:\\\\SEVANI\\\\dataconnect\": could not find dataconnect.yaml in `d:\\SEVANI\\dataconnect`\n"}}
[debug] [2026-03-31T14:52:27.598Z] E0331 21:52:27.598841   20728 watch.go:40] Failed to load config from "d:\\SEVANI\\dataconnect": could not find dataconnect.yaml in `d:\SEVANI\dataconnect`
 {"metadata":{"emulator":{"name":"dataconnect"},"message":"E0331 21:52:27.598841   20728 watch.go:40] Failed to load config from \"d:\\\\SEVANI\\\\dataconnect\": could not find dataconnect.yaml in `d:\\SEVANI\\dataconnect`\n"}}
[debug] [2026-03-31T14:52:37.598Z] E0331 21:52:37.598738   20728 watch.go:40] Failed to load config from "d:\\SEVANI\\dataconnect": could not find dataconnect.yaml in `d:\SEVANI\dataconnect`
 {"metadata":{"emulator":{"name":"dataconnect"},"message":"E0331 21:52:37.598738   20728 watch.go:40] Failed to load config from \"d:\\\\SEVANI\\\\dataconnect\": could not find dataconnect.yaml in `d:\\SEVANI\\dataconnect`\n"}}
[debug] [2026-03-31T14:52:47.598Z] E0331 21:52:47.598385   20728 watch.go:40] Failed to load config from "d:\\SEVANI\\dataconnect": could not find dataconnect.yaml in `d:\SEVANI\dataconnect`
 {"metadata":{"emulator":{"name":"dataconnect"},"message":"E0331 21:52:47.598385   20728 watch.go:40] Failed to load config from \"d:\\\\SEVANI\\\\dataconnect\": could not find dataconnect.yaml in `d:\\SEVANI\\dataconnect`\n"}}
[debug] [2026-03-31T14:52:57.598Z] E0331 21:52:57.598396   20728 watch.go:116] watchAllDir unable to walk dir `d:\SEVANI\dataconnect`: GetFileAttributesEx d:\SEVANI\dataconnect: The system cannot find the file specified.
E0331 21:52:57.598396   20728 watch.go:40] Failed to load config from "d:\\SEVANI\\dataconnect": could not find dataconnect.yaml in `d:\SEVANI\dataconnect`
 {"metadata":{"emulator":{"name":"dataconnect"},"message":"E0331 21:52:57.598396   20728 watch.go:116] watchAllDir unable to walk dir `d:\\SEVANI\\dataconnect`: GetFileAttributesEx d:\\SEVANI\\dataconnect: The system cannot find the file specified.\nE0331 21:52:57.598396   20728 watch.go:40] Failed to load config from \"d:\\\\SEVANI\\\\dataconnect\": could not find dataconnect.yaml in `d:\\SEVANI\\dataconnect`\n"}}
[debug] [2026-03-31T14:53:07.598Z] E0331 21:53:07.598686   20728 watch.go:40] Failed to load config from "d:\\SEVANI\\dataconnect": could not find dataconnect.yaml in `d:\SEVANI\dataconnect`
 {"metadata":{"emulator":{"name":"dataconnect"},"message":"E0331 21:53:07.598686   20728 watch.go:40] Failed to load config from \"d:\\\\SEVANI\\\\dataconnect\": could not find dataconnect.yaml in `d:\\SEVANI\\dataconnect`\n"}}
[debug] [2026-03-31T14:53:17.598Z] E0331 21:53:17.598645   20728 watch.go:40] Failed to load config from "d:\\SEVANI\\dataconnect": could not find dataconnect.yaml in `d:\SEVANI\dataconnect`
 {"metadata":{"emulator":{"name":"dataconnect"},"message":"E0331 21:53:17.598645   20728 watch.go:40] Failed to load config from \"d:\\\\SEVANI\\\\dataconnect\": could not find dataconnect.yaml in `d:\\SEVANI\\dataconnect`\n"}}
[debug] [2026-03-31T14:53:27.598Z] E0331 21:53:27.598457   20728 watch.go:40] Failed to load config from "d:\\SEVANI\\dataconnect": could not find dataconnect.yaml in `d:\SEVANI\dataconnect`
 {"metadata":{"emulator":{"name":"dataconnect"},"message":"E0331 21:53:27.598457   20728 watch.go:40] Failed to load config from \"d:\\\\SEVANI\\\\dataconnect\": could not find dataconnect.yaml in `d:\\SEVANI\\dataconnect`\n"}}
[debug] [2026-03-31T14:53:37.599Z] E0331 21:53:37.598901   20728 watch.go:40] Failed to load config from "d:\\SEVANI\\dataconnect": could not find dataconnect.yaml in `d:\SEVANI\dataconnect`
 {"metadata":{"emulator":{"name":"dataconnect"},"message":"E0331 21:53:37.598901   20728 watch.go:40] Failed to load config from \"d:\\\\SEVANI\\\\dataconnect\": could not find dataconnect.yaml in `d:\\SEVANI\\dataconnect`\n"}}
[debug] [2026-03-31T14:53:47.598Z] E0331 21:53:47.598549   20728 watch.go:40] Failed to load config from "d:\\SEVANI\\dataconnect": could not find dataconnect.yaml in `d:\SEVANI\dataconnect`
 {"metadata":{"emulator":{"name":"dataconnect"},"message":"E0331 21:53:47.598549   20728 watch.go:40] Failed to load config from \"d:\\\\SEVANI\\\\dataconnect\": could not find dataconnect.yaml in `d:\\SEVANI\\dataconnect`\n"}}
[debug] [2026-03-31T14:53:57.598Z] E0331 21:53:57.598518   20728 watch.go:116] watchAllDir unable to walk dir `d:\SEVANI\dataconnect`: GetFileAttributesEx d:\SEVANI\dataconnect: The system cannot find the file specified.
 {"metadata":{"emulator":{"name":"dataconnect"},"message":"E0331 21:53:57.598518   20728 watch.go:116] watchAllDir unable to walk dir `d:\\SEVANI\\dataconnect`: GetFileAttributesEx d:\\SEVANI\\dataconnect: The system cannot find the file specified.\n"}}
[debug] [2026-03-31T14:53:57.599Z] E0331 21:53:57.598518   20728 watch.go:40] Failed to load config from "d:\\SEVANI\\dataconnect": could not find dataconnect.yaml in `d:\SEVANI\dataconnect`
 {"metadata":{"emulator":{"name":"dataconnect"},"message":"E0331 21:53:57.598518   20728 watch.go:40] Failed to load config from \"d:\\\\SEVANI\\\\dataconnect\": could not find dataconnect.yaml in `d:\\SEVANI\\dataconnect`\n"}}
[debug] [2026-03-31T14:54:07.598Z] E0331 21:54:07.598583   20728 watch.go:40] Failed to load config from "d:\\SEVANI\\dataconnect": could not find dataconnect.yaml in `d:\SEVANI\dataconnect`
 {"metadata":{"emulator":{"name":"dataconnect"},"message":"E0331 21:54:07.598583   20728 watch.go:40] Failed to load config from \"d:\\\\SEVANI\\\\dataconnect\": could not find dataconnect.yaml in `d:\\SEVANI\\dataconnect`\n"}}
[debug] [2026-03-31T14:54:17.598Z] E0331 21:54:17.598422   20728 watch.go:40] Failed to load config from "d:\\SEVANI\\dataconnect": could not find dataconnect.yaml in `d:\SEVANI\dataconnect`
 {"metadata":{"emulator":{"name":"dataconnect"},"message":"E0331 21:54:17.598422   20728 watch.go:40] Failed to load config from \"d:\\\\SEVANI\\\\dataconnect\": could not find dataconnect.yaml in `d:\\SEVANI\\dataconnect`\n"}}
[debug] [2026-03-31T14:54:27.598Z] E0331 21:54:27.598451   20728 watch.go:40] Failed to load config from "d:\\SEVANI\\dataconnect": could not find dataconnect.yaml in `d:\SEVANI\dataconnect`
 {"metadata":{"emulator":{"name":"dataconnect"},"message":"E0331 21:54:27.598451   20728 watch.go:40] Failed to load config from \"d:\\\\SEVANI\\\\dataconnect\": could not find dataconnect.yaml in `d:\\SEVANI\\dataconnect`\n"}}
[debug] [2026-03-31T14:54:37.599Z] E0331 21:54:37.598830   20728 watch.go:40] Failed to load config from "d:\\SEVANI\\dataconnect": could not find dataconnect.yaml in `d:\SEVANI\dataconnect`
 {"metadata":{"emulator":{"name":"dataconnect"},"message":"E0331 21:54:37.598830   20728 watch.go:40] Failed to load config from \"d:\\\\SEVANI\\\\dataconnect\": could not find dataconnect.yaml in `d:\\SEVANI\\dataconnect`\n"}}
[debug] [2026-03-31T14:54:47.598Z] E0331 21:54:47.598559   20728 watch.go:40] Failed to load config from "d:\\SEVANI\\dataconnect": could not find dataconnect.yaml in `d:\SEVANI\dataconnect`
 {"metadata":{"emulator":{"name":"dataconnect"},"message":"E0331 21:54:47.598559   20728 watch.go:40] Failed to load config from \"d:\\\\SEVANI\\\\dataconnect\": could not find dataconnect.yaml in `d:\\SEVANI\\dataconnect`\n"}}
[debug] [2026-03-31T14:54:57.598Z] E0331 21:54:57.598679   20728 watch.go:116] watchAllDir unable to walk dir `d:\SEVANI\dataconnect`: GetFileAttributesEx d:\SEVANI\dataconnect: The system cannot find the file specified.
E0331 21:54:57.598679   20728 watch.go:40] Failed to load config from "d:\\SEVANI\\dataconnect": could not find dataconnect.yaml in `d:\SEVANI\dataconnect`
 {"metadata":{"emulator":{"name":"dataconnect"},"message":"E0331 21:54:57.598679   20728 watch.go:116] watchAllDir unable to walk dir `d:\\SEVANI\\dataconnect`: GetFileAttributesEx d:\\SEVANI\\dataconnect: The system cannot find the file specified.\nE0331 21:54:57.598679   20728 watch.go:40] Failed to load config from \"d:\\\\SEVANI\\\\dataconnect\": could not find dataconnect.yaml in `d:\\SEVANI\\dataconnect`\n"}}
[debug] [2026-03-31T14:55:07.598Z] E0331 21:55:07.598693   20728 watch.go:40] Failed to load config from "d:\\SEVANI\\dataconnect": could not find dataconnect.yaml in `d:\SEVANI\dataconnect`
 {"metadata":{"emulator":{"name":"dataconnect"},"message":"E0331 21:55:07.598693   20728 watch.go:40] Failed to load config from \"d:\\\\SEVANI\\\\dataconnect\": could not find dataconnect.yaml in `d:\\SEVANI\\dataconnect`\n"}}
[debug] [2026-03-31T14:55:17.598Z] E0331 21:55:17.598727   20728 watch.go:40] Failed to load config from "d:\\SEVANI\\dataconnect": could not find dataconnect.yaml in `d:\SEVANI\dataconnect`
 {"metadata":{"emulator":{"name":"dataconnect"},"message":"E0331 21:55:17.598727   20728 watch.go:40] Failed to load config from \"d:\\\\SEVANI\\\\dataconnect\": could not find dataconnect.yaml in `d:\\SEVANI\\dataconnect`\n"}}
[debug] [2026-03-31T14:55:27.598Z] E0331 21:55:27.598424   20728 watch.go:40] Failed to load config from "d:\\SEVANI\\dataconnect": could not find dataconnect.yaml in `d:\SEVANI\dataconnect`
 {"metadata":{"emulator":{"name":"dataconnect"},"message":"E0331 21:55:27.598424   20728 watch.go:40] Failed to load config from \"d:\\\\SEVANI\\\\dataconnect\": could not find dataconnect.yaml in `d:\\SEVANI\\dataconnect`\n"}}
[debug] [2026-03-31T14:55:37.598Z] E0331 21:55:37.598785   20728 watch.go:40] Failed to load config from "d:\\SEVANI\\dataconnect": could not find dataconnect.yaml in `d:\SEVANI\dataconnect`
 {"metadata":{"emulator":{"name":"dataconnect"},"message":"E0331 21:55:37.598785   20728 watch.go:40] Failed to load config from \"d:\\\\SEVANI\\\\dataconnect\": could not find dataconnect.yaml in `d:\\SEVANI\\dataconnect`\n"}}
[debug] [2026-03-31T14:55:47.598Z] E0331 21:55:47.598723   20728 watch.go:40] Failed to load config from "d:\\SEVANI\\dataconnect": could not find dataconnect.yaml in `d:\SEVANI\dataconnect`
 {"metadata":{"emulator":{"name":"dataconnect"},"message":"E0331 21:55:47.598723   20728 watch.go:40] Failed to load config from \"d:\\\\SEVANI\\\\dataconnect\": could not find dataconnect.yaml in `d:\\SEVANI\\dataconnect`\n"}}
[debug] [2026-03-31T14:55:57.598Z] E0331 21:55:57.598789   20728 watch.go:40] Failed to load config from "d:\\SEVANI\\dataconnect": could not find dataconnect.yaml in `d:\SEVANI\dataconnect`
E0331 21:55:57.598789   20728 watch.go:116] watchAllDir unable to walk dir `d:\SEVANI\dataconnect`: GetFileAttributesEx d:\SEVANI\dataconnect: The system cannot find the file specified.
 {"metadata":{"emulator":{"name":"dataconnect"},"message":"E0331 21:55:57.598789   20728 watch.go:40] Failed to load config from \"d:\\\\SEVANI\\\\dataconnect\": could not find dataconnect.yaml in `d:\\SEVANI\\dataconnect`\nE0331 21:55:57.598789   20728 watch.go:116] watchAllDir unable to walk dir `d:\\SEVANI\\dataconnect`: GetFileAttributesEx d:\\SEVANI\\dataconnect: The system cannot find the file specified.\n"}}
[debug] [2026-03-31T14:56:07.598Z] E0331 21:56:07.598921   20728 watch.go:40] Failed to load config from "d:\\SEVANI\\dataconnect": could not find dataconnect.yaml in `d:\SEVANI\dataconnect`
 {"metadata":{"emulator":{"name":"dataconnect"},"message":"E0331 21:56:07.598921   20728 watch.go:40] Failed to load config from \"d:\\\\SEVANI\\\\dataconnect\": could not find dataconnect.yaml in `d:\\SEVANI\\dataconnect`\n"}}
[debug] [2026-03-31T14:56:17.598Z] E0331 21:56:17.598691   20728 watch.go:40] Failed to load config from "d:\\SEVANI\\dataconnect": could not find dataconnect.yaml in `d:\SEVANI\dataconnect`
 {"metadata":{"emulator":{"name":"dataconnect"},"message":"E0331 21:56:17.598691   20728 watch.go:40] Failed to load config from \"d:\\\\SEVANI\\\\dataconnect\": could not find dataconnect.yaml in `d:\\SEVANI\\dataconnect`\n"}}
[debug] [2026-03-31T14:56:27.598Z] E0331 21:56:27.598535   20728 watch.go:40] Failed to load config from "d:\\SEVANI\\dataconnect": could not find dataconnect.yaml in `d:\SEVANI\dataconnect`
 {"metadata":{"emulator":{"name":"dataconnect"},"message":"E0331 21:56:27.598535   20728 watch.go:40] Failed to load config from \"d:\\\\SEVANI\\\\dataconnect\": could not find dataconnect.yaml in `d:\\SEVANI\\dataconnect`\n"}}
[debug] [2026-03-31T14:56:37.598Z] E0331 21:56:37.598599   20728 watch.go:40] Failed to load config from "d:\\SEVANI\\dataconnect": could not find dataconnect.yaml in `d:\SEVANI\dataconnect`
 {"metadata":{"emulator":{"name":"dataconnect"},"message":"E0331 21:56:37.598599   20728 watch.go:40] Failed to load config from \"d:\\\\SEVANI\\\\dataconnect\": could not find dataconnect.yaml in `d:\\SEVANI\\dataconnect`\n"}}
[debug] [2026-03-31T14:56:47.598Z] E0331 21:56:47.598801   20728 watch.go:40] Failed to load config from "d:\\SEVANI\\dataconnect": could not find dataconnect.yaml in `d:\SEVANI\dataconnect`
 {"metadata":{"emulator":{"name":"dataconnect"},"message":"E0331 21:56:47.598801   20728 watch.go:40] Failed to load config from \"d:\\\\SEVANI\\\\dataconnect\": could not find dataconnect.yaml in `d:\\SEVANI\\dataconnect`\n"}}
[debug] [2026-03-31T14:56:57.598Z] E0331 21:56:57.598572   20728 watch.go:116] watchAllDir unable to walk dir `d:\SEVANI\dataconnect`: GetFileAttributesEx d:\SEVANI\dataconnect: The system cannot find the file specified.
E0331 21:56:57.598572   20728 watch.go:40] Failed to load config from "d:\\SEVANI\\dataconnect": could not find dataconnect.yaml in `d:\SEVANI\dataconnect`
 {"metadata":{"emulator":{"name":"dataconnect"},"message":"E0331 21:56:57.598572   20728 watch.go:116] watchAllDir unable to walk dir `d:\\SEVANI\\dataconnect`: GetFileAttributesEx d:\\SEVANI\\dataconnect: The system cannot find the file specified.\nE0331 21:56:57.598572   20728 watch.go:40] Failed to load config from \"d:\\\\SEVANI\\\\dataconnect\": could not find dataconnect.yaml in `d:\\SEVANI\\dataconnect`\n"}}
[debug] [2026-03-31T14:57:07.599Z] E0331 21:57:07.598945   20728 watch.go:40] Failed to load config from "d:\\SEVANI\\dataconnect": could not find dataconnect.yaml in `d:\SEVANI\dataconnect`
 {"metadata":{"emulator":{"name":"dataconnect"},"message":"E0331 21:57:07.598945   20728 watch.go:40] Failed to load config from \"d:\\\\SEVANI\\\\dataconnect\": could not find dataconnect.yaml in `d:\\SEVANI\\dataconnect`\n"}}
[debug] [2026-03-31T14:57:17.598Z] E0331 21:57:17.598848   20728 watch.go:40] Failed to load config from "d:\\SEVANI\\dataconnect": could not find dataconnect.yaml in `d:\SEVANI\dataconnect`
 {"metadata":{"emulator":{"name":"dataconnect"},"message":"E0331 21:57:17.598848   20728 watch.go:40] Failed to load config from \"d:\\\\SEVANI\\\\dataconnect\": could not find dataconnect.yaml in `d:\\SEVANI\\dataconnect`\n"}}
[debug] [2026-03-31T14:57:27.598Z] E0331 21:57:27.598523   20728 watch.go:40] Failed to load config from "d:\\SEVANI\\dataconnect": could not find dataconnect.yaml in `d:\SEVANI\dataconnect`
 {"metadata":{"emulator":{"name":"dataconnect"},"message":"E0331 21:57:27.598523   20728 watch.go:40] Failed to load config from \"d:\\\\SEVANI\\\\dataconnect\": could not find dataconnect.yaml in `d:\\SEVANI\\dataconnect`\n"}}
[debug] [2026-03-31T14:57:37.598Z] E0331 21:57:37.598815   20728 watch.go:40] Failed to load config from "d:\\SEVANI\\dataconnect": could not find dataconnect.yaml in `d:\SEVANI\dataconnect`
 {"metadata":{"emulator":{"name":"dataconnect"},"message":"E0331 21:57:37.598815   20728 watch.go:40] Failed to load config from \"d:\\\\SEVANI\\\\dataconnect\": could not find dataconnect.yaml in `d:\\SEVANI\\dataconnect`\n"}}
[debug] [2026-03-31T14:57:47.598Z] E0331 21:57:47.598610   20728 watch.go:40] Failed to load config from "d:\\SEVANI\\dataconnect": could not find dataconnect.yaml in `d:\SEVANI\dataconnect`
 {"metadata":{"emulator":{"name":"dataconnect"},"message":"E0331 21:57:47.598610   20728 watch.go:40] Failed to load config from \"d:\\\\SEVANI\\\\dataconnect\": could not find dataconnect.yaml in `d:\\SEVANI\\dataconnect`\n"}}
[debug] [2026-03-31T14:57:57.598Z] E0331 21:57:57.598397   20728 watch.go:116] watchAllDir unable to walk dir `d:\SEVANI\dataconnect`: GetFileAttributesEx d:\SEVANI\dataconnect: The system cannot find the file specified.
E0331 21:57:57.598397   20728 watch.go:40] Failed to load config from "d:\\SEVANI\\dataconnect": could not find dataconnect.yaml in `d:\SEVANI\dataconnect`
 {"metadata":{"emulator":{"name":"dataconnect"},"message":"E0331 21:57:57.598397   20728 watch.go:116] watchAllDir unable to walk dir `d:\\SEVANI\\dataconnect`: GetFileAttributesEx d:\\SEVANI\\dataconnect: The system cannot find the file specified.\nE0331 21:57:57.598397   20728 watch.go:40] Failed to load config from \"d:\\\\SEVANI\\\\dataconnect\": could not find dataconnect.yaml in `d:\\SEVANI\\dataconnect`\n"}}
[debug] [2026-03-31T14:58:07.599Z] E0331 21:58:07.598932   20728 watch.go:40] Failed to load config from "d:\\SEVANI\\dataconnect": could not find dataconnect.yaml in `d:\SEVANI\dataconnect`
 {"metadata":{"emulator":{"name":"dataconnect"},"message":"E0331 21:58:07.598932   20728 watch.go:40] Failed to load config from \"d:\\\\SEVANI\\\\dataconnect\": could not find dataconnect.yaml in `d:\\SEVANI\\dataconnect`\n"}}
[debug] [2026-03-31T14:58:17.599Z] E0331 21:58:17.598863   20728 watch.go:40] Failed to load config from "d:\\SEVANI\\dataconnect": could not find dataconnect.yaml in `d:\SEVANI\dataconnect`
 {"metadata":{"emulator":{"name":"dataconnect"},"message":"E0331 21:58:17.598863   20728 watch.go:40] Failed to load config from \"d:\\\\SEVANI\\\\dataconnect\": could not find dataconnect.yaml in `d:\\SEVANI\\dataconnect`\n"}}
[debug] [2026-03-31T14:58:27.599Z] E0331 21:58:27.599231   20728 watch.go:40] Failed to load config from "d:\\SEVANI\\dataconnect": could not find dataconnect.yaml in `d:\SEVANI\dataconnect`
 {"metadata":{"emulator":{"name":"dataconnect"},"message":"E0331 21:58:27.599231   20728 watch.go:40] Failed to load config from \"d:\\\\SEVANI\\\\dataconnect\": could not find dataconnect.yaml in `d:\\SEVANI\\dataconnect`\n"}}
[debug] [2026-03-31T14:58:37.598Z] E0331 21:58:37.598818   20728 watch.go:40] Failed to load config from "d:\\SEVANI\\dataconnect": could not find dataconnect.yaml in `d:\SEVANI\dataconnect`
 {"metadata":{"emulator":{"name":"dataconnect"},"message":"E0331 21:58:37.598818   20728 watch.go:40] Failed to load config from \"d:\\\\SEVANI\\\\dataconnect\": could not find dataconnect.yaml in `d:\\SEVANI\\dataconnect`\n"}}
[debug] [2026-03-31T14:58:47.598Z] E0331 21:58:47.598715   20728 watch.go:40] Failed to load config from "d:\\SEVANI\\dataconnect": could not find dataconnect.yaml in `d:\SEVANI\dataconnect`
 {"metadata":{"emulator":{"name":"dataconnect"},"message":"E0331 21:58:47.598715   20728 watch.go:40] Failed to load config from \"d:\\\\SEVANI\\\\dataconnect\": could not find dataconnect.yaml in `d:\\SEVANI\\dataconnect`\n"}}
[debug] [2026-03-31T14:58:57.598Z] E0331 21:58:57.598730   20728 watch.go:116] watchAllDir unable to walk dir `d:\SEVANI\dataconnect`: GetFileAttributesEx d:\SEVANI\dataconnect: The system cannot find the file specified.
E0331 21:58:57.598730   20728 watch.go:40] Failed to load config from "d:\\SEVANI\\dataconnect": could not find dataconnect.yaml in `d:\SEVANI\dataconnect`
 {"metadata":{"emulator":{"name":"dataconnect"},"message":"E0331 21:58:57.598730   20728 watch.go:116] watchAllDir unable to walk dir `d:\\SEVANI\\dataconnect`: GetFileAttributesEx d:\\SEVANI\\dataconnect: The system cannot find the file specified.\nE0331 21:58:57.598730   20728 watch.go:40] Failed to load config from \"d:\\\\SEVANI\\\\dataconnect\": could not find dataconnect.yaml in `d:\\SEVANI\\dataconnect`\n"}}
[debug] [2026-03-31T14:59:07.600Z] E0331 21:59:07.599739   20728 watch.go:40] Failed to load config from "d:\\SEVANI\\dataconnect": could not find dataconnect.yaml in `d:\SEVANI\dataconnect`
 {"metadata":{"emulator":{"name":"dataconnect"},"message":"E0331 21:59:07.599739   20728 watch.go:40] Failed to load config from \"d:\\\\SEVANI\\\\dataconnect\": could not find dataconnect.yaml in `d:\\SEVANI\\dataconnect`\n"}}
[debug] [2026-03-31T14:59:17.598Z] E0331 21:59:17.598888   20728 watch.go:40] Failed to load config from "d:\\SEVANI\\dataconnect": could not find dataconnect.yaml in `d:\SEVANI\dataconnect`
 {"metadata":{"emulator":{"name":"dataconnect"},"message":"E0331 21:59:17.598888   20728 watch.go:40] Failed to load config from \"d:\\\\SEVANI\\\\dataconnect\": could not find dataconnect.yaml in `d:\\SEVANI\\dataconnect`\n"}}
[debug] [2026-03-31T14:59:27.598Z] E0331 21:59:27.598604   20728 watch.go:40] Failed to load config from "d:\\SEVANI\\dataconnect": could not find dataconnect.yaml in `d:\SEVANI\dataconnect`
 {"metadata":{"emulator":{"name":"dataconnect"},"message":"E0331 21:59:27.598604   20728 watch.go:40] Failed to load config from \"d:\\\\SEVANI\\\\dataconnect\": could not find dataconnect.yaml in `d:\\SEVANI\\dataconnect`\n"}}
[debug] [2026-03-31T14:59:37.600Z] E0331 21:59:37.599973   20728 watch.go:40] Failed to load config from "d:\\SEVANI\\dataconnect": could not find dataconnect.yaml in `d:\SEVANI\dataconnect`
 {"metadata":{"emulator":{"name":"dataconnect"},"message":"E0331 21:59:37.599973   20728 watch.go:40] Failed to load config from \"d:\\\\SEVANI\\\\dataconnect\": could not find dataconnect.yaml in `d:\\SEVANI\\dataconnect`\n"}}
[debug] [2026-03-31T14:59:47.598Z] E0331 21:59:47.598493   20728 watch.go:40] Failed to load config from "d:\\SEVANI\\dataconnect": could not find dataconnect.yaml in `d:\SEVANI\dataconnect`
 {"metadata":{"emulator":{"name":"dataconnect"},"message":"E0331 21:59:47.598493   20728 watch.go:40] Failed to load config from \"d:\\\\SEVANI\\\\dataconnect\": could not find dataconnect.yaml in `d:\\SEVANI\\dataconnect`\n"}}
[debug] [2026-03-31T14:59:57.599Z] E0331 21:59:57.599232   20728 watch.go:116] watchAllDir unable to walk dir `d:\SEVANI\dataconnect`: GetFileAttributesEx d:\SEVANI\dataconnect: The system cannot find the file specified.
 {"metadata":{"emulator":{"name":"dataconnect"},"message":"E0331 21:59:57.599232   20728 watch.go:116] watchAllDir unable to walk dir `d:\\SEVANI\\dataconnect`: GetFileAttributesEx d:\\SEVANI\\dataconnect: The system cannot find the file specified.\n"}}
[debug] [2026-03-31T14:59:57.601Z] E0331 21:59:57.599892   20728 watch.go:40] Failed to load config from "d:\\SEVANI\\dataconnect": could not find dataconnect.yaml in `d:\SEVANI\dataconnect`
 {"metadata":{"emulator":{"name":"dataconnect"},"message":"E0331 21:59:57.599892   20728 watch.go:40] Failed to load config from \"d:\\\\SEVANI\\\\dataconnect\": could not find dataconnect.yaml in `d:\\SEVANI\\dataconnect`\n"}}
[debug] [2026-03-31T15:00:07.600Z] E0331 22:00:07.599948   20728 watch.go:40] Failed to load config from "d:\\SEVANI\\dataconnect": could not find dataconnect.yaml in `d:\SEVANI\dataconnect`
 {"metadata":{"emulator":{"name":"dataconnect"},"message":"E0331 22:00:07.599948   20728 watch.go:40] Failed to load config from \"d:\\\\SEVANI\\\\dataconnect\": could not find dataconnect.yaml in `d:\\SEVANI\\dataconnect`\n"}}
[debug] [2026-03-31T15:00:17.601Z] E0331 22:00:17.600456   20728 watch.go:40] Failed to load config from "d:\\SEVANI\\dataconnect": could not find dataconnect.yaml in `d:\SEVANI\dataconnect`
 {"metadata":{"emulator":{"name":"dataconnect"},"message":"E0331 22:00:17.600456   20728 watch.go:40] Failed to load config from \"d:\\\\SEVANI\\\\dataconnect\": could not find dataconnect.yaml in `d:\\SEVANI\\dataconnect`\n"}}
[debug] [2026-03-31T15:00:27.599Z] E0331 22:00:27.599384   20728 watch.go:40] Failed to load config from "d:\\SEVANI\\dataconnect": could not find dataconnect.yaml in `d:\SEVANI\dataconnect`
 {"metadata":{"emulator":{"name":"dataconnect"},"message":"E0331 22:00:27.599384   20728 watch.go:40] Failed to load config from \"d:\\\\SEVANI\\\\dataconnect\": could not find dataconnect.yaml in `d:\\SEVANI\\dataconnect`\n"}}
[debug] [2026-03-31T15:00:37.600Z] E0331 22:00:37.599482   20728 watch.go:40] Failed to load config from "d:\\SEVANI\\dataconnect": could not find dataconnect.yaml in `d:\SEVANI\dataconnect`
 {"metadata":{"emulator":{"name":"dataconnect"},"message":"E0331 22:00:37.599482   20728 watch.go:40] Failed to load config from \"d:\\\\SEVANI\\\\dataconnect\": could not find dataconnect.yaml in `d:\\SEVANI\\dataconnect`\n"}}
[debug] [2026-03-31T15:00:47.598Z] E0331 22:00:47.598718   20728 watch.go:40] Failed to load config from "d:\\SEVANI\\dataconnect": could not find dataconnect.yaml in `d:\SEVANI\dataconnect`
 {"metadata":{"emulator":{"name":"dataconnect"},"message":"E0331 22:00:47.598718   20728 watch.go:40] Failed to load config from \"d:\\\\SEVANI\\\\dataconnect\": could not find dataconnect.yaml in `d:\\SEVANI\\dataconnect`\n"}}
[debug] [2026-03-31T15:00:57.599Z] E0331 22:00:57.598965   20728 watch.go:40] Failed to load config from "d:\\SEVANI\\dataconnect": could not find dataconnect.yaml in `d:\SEVANI\dataconnect`
 {"metadata":{"emulator":{"name":"dataconnect"},"message":"E0331 22:00:57.598965   20728 watch.go:40] Failed to load config from \"d:\\\\SEVANI\\\\dataconnect\": could not find dataconnect.yaml in `d:\\SEVANI\\dataconnect`\n"}}
[debug] [2026-03-31T15:00:57.600Z] E0331 22:00:57.598965   20728 watch.go:116] watchAllDir unable to walk dir `d:\SEVANI\dataconnect`: GetFileAttributesEx d:\SEVANI\dataconnect: The system cannot find the file specified.
 {"metadata":{"emulator":{"name":"dataconnect"},"message":"E0331 22:00:57.598965   20728 watch.go:116] watchAllDir unable to walk dir `d:\\SEVANI\\dataconnect`: GetFileAttributesEx d:\\SEVANI\\dataconnect: The system cannot find the file specified.\n"}}
[debug] [2026-03-31T15:01:07.600Z] E0331 22:01:07.600326   20728 watch.go:40] Failed to load config from "d:\\SEVANI\\dataconnect": could not find dataconnect.yaml in `d:\SEVANI\dataconnect`
 {"metadata":{"emulator":{"name":"dataconnect"},"message":"E0331 22:01:07.600326   20728 watch.go:40] Failed to load config from \"d:\\\\SEVANI\\\\dataconnect\": could not find dataconnect.yaml in `d:\\SEVANI\\dataconnect`\n"}}
[debug] [2026-03-31T15:01:17.598Z] E0331 22:01:17.598767   20728 watch.go:40] Failed to load config from "d:\\SEVANI\\dataconnect": could not find dataconnect.yaml in `d:\SEVANI\dataconnect`
 {"metadata":{"emulator":{"name":"dataconnect"},"message":"E0331 22:01:17.598767   20728 watch.go:40] Failed to load config from \"d:\\\\SEVANI\\\\dataconnect\": could not find dataconnect.yaml in `d:\\SEVANI\\dataconnect`\n"}}
[debug] [2026-03-31T15:01:27.598Z] E0331 22:01:27.598581   20728 watch.go:40] Failed to load config from "d:\\SEVANI\\dataconnect": could not find dataconnect.yaml in `d:\SEVANI\dataconnect`
 {"metadata":{"emulator":{"name":"dataconnect"},"message":"E0331 22:01:27.598581   20728 watch.go:40] Failed to load config from \"d:\\\\SEVANI\\\\dataconnect\": could not find dataconnect.yaml in `d:\\SEVANI\\dataconnect`\n"}}
[debug] [2026-03-31T15:01:37.600Z] E0331 22:01:37.599580   20728 watch.go:40] Failed to load config from "d:\\SEVANI\\dataconnect": could not find dataconnect.yaml in `d:\SEVANI\dataconnect`
 {"metadata":{"emulator":{"name":"dataconnect"},"message":"E0331 22:01:37.599580   20728 watch.go:40] Failed to load config from \"d:\\\\SEVANI\\\\dataconnect\": could not find dataconnect.yaml in `d:\\SEVANI\\dataconnect`\n"}}
[debug] [2026-03-31T15:01:47.599Z] E0331 22:01:47.599242   20728 watch.go:40] Failed to load config from "d:\\SEVANI\\dataconnect": could not find dataconnect.yaml in `d:\SEVANI\dataconnect`
 {"metadata":{"emulator":{"name":"dataconnect"},"message":"E0331 22:01:47.599242   20728 watch.go:40] Failed to load config from \"d:\\\\SEVANI\\\\dataconnect\": could not find dataconnect.yaml in `d:\\SEVANI\\dataconnect`\n"}}
[debug] [2026-03-31T15:01:57.601Z] E0331 22:01:57.600448   20728 watch.go:116] watchAllDir unable to walk dir `d:\SEVANI\dataconnect`: GetFileAttributesEx d:\SEVANI\dataconnect: The system cannot find the file specified.
E0331 22:01:57.600448   20728 watch.go:40] Failed to load config from "d:\\SEVANI\\dataconnect": could not find dataconnect.yaml in `d:\SEVANI\dataconnect`
 {"metadata":{"emulator":{"name":"dataconnect"},"message":"E0331 22:01:57.600448   20728 watch.go:116] watchAllDir unable to walk dir `d:\\SEVANI\\dataconnect`: GetFileAttributesEx d:\\SEVANI\\dataconnect: The system cannot find the file specified.\nE0331 22:01:57.600448   20728 watch.go:40] Failed to load config from \"d:\\\\SEVANI\\\\dataconnect\": could not find dataconnect.yaml in `d:\\SEVANI\\dataconnect`\n"}}
[debug] [2026-03-31T15:02:07.603Z] E0331 22:02:07.602755   20728 watch.go:40] Failed to load config from "d:\\SEVANI\\dataconnect": could not find dataconnect.yaml in `d:\SEVANI\dataconnect`
 {"metadata":{"emulator":{"name":"dataconnect"},"message":"E0331 22:02:07.602755   20728 watch.go:40] Failed to load config from \"d:\\\\SEVANI\\\\dataconnect\": could not find dataconnect.yaml in `d:\\SEVANI\\dataconnect`\n"}}
[debug] [2026-03-31T15:02:17.601Z] E0331 22:02:17.600121   20728 watch.go:40] Failed to load config from "d:\\SEVANI\\dataconnect": could not find dataconnect.yaml in `d:\SEVANI\dataconnect`
 {"metadata":{"emulator":{"name":"dataconnect"},"message":"E0331 22:02:17.600121   20728 watch.go:40] Failed to load config from \"d:\\\\SEVANI\\\\dataconnect\": could not find dataconnect.yaml in `d:\\SEVANI\\dataconnect`\n"}}
[debug] [2026-03-31T15:02:27.599Z] E0331 22:02:27.598983   20728 watch.go:40] Failed to load config from "d:\\SEVANI\\dataconnect": could not find dataconnect.yaml in `d:\SEVANI\dataconnect`
 {"metadata":{"emulator":{"name":"dataconnect"},"message":"E0331 22:02:27.598983   20728 watch.go:40] Failed to load config from \"d:\\\\SEVANI\\\\dataconnect\": could not find dataconnect.yaml in `d:\\SEVANI\\dataconnect`\n"}}
[debug] [2026-03-31T15:02:37.601Z] E0331 22:02:37.601083   20728 watch.go:40] Failed to load config from "d:\\SEVANI\\dataconnect": could not find dataconnect.yaml in `d:\SEVANI\dataconnect`
 {"metadata":{"emulator":{"name":"dataconnect"},"message":"E0331 22:02:37.601083   20728 watch.go:40] Failed to load config from \"d:\\\\SEVANI\\\\dataconnect\": could not find dataconnect.yaml in `d:\\SEVANI\\dataconnect`\n"}}
[debug] [2026-03-31T15:02:47.599Z] E0331 22:02:47.599375   20728 watch.go:40] Failed to load config from "d:\\SEVANI\\dataconnect": could not find dataconnect.yaml in `d:\SEVANI\dataconnect`
 {"metadata":{"emulator":{"name":"dataconnect"},"message":"E0331 22:02:47.599375   20728 watch.go:40] Failed to load config from \"d:\\\\SEVANI\\\\dataconnect\": could not find dataconnect.yaml in `d:\\SEVANI\\dataconnect`\n"}}
[debug] [2026-03-31T15:02:57.599Z] E0331 22:02:57.598485   20728 watch.go:116] watchAllDir unable to walk dir `d:\SEVANI\dataconnect`: GetFileAttributesEx d:\SEVANI\dataconnect: The system cannot find the file specified.
E0331 22:02:57.599110   20728 watch.go:40] Failed to load config from "d:\\SEVANI\\dataconnect": could not find dataconnect.yaml in `d:\SEVANI\dataconnect`
 {"metadata":{"emulator":{"name":"dataconnect"},"message":"E0331 22:02:57.598485   20728 watch.go:116] watchAllDir unable to walk dir `d:\\SEVANI\\dataconnect`: GetFileAttributesEx d:\\SEVANI\\dataconnect: The system cannot find the file specified.\nE0331 22:02:57.599110   20728 watch.go:40] Failed to load config from \"d:\\\\SEVANI\\\\dataconnect\": could not find dataconnect.yaml in `d:\\SEVANI\\dataconnect`\n"}}
[debug] [2026-03-31T15:03:07.600Z] E0331 22:03:07.599250   20728 watch.go:40] Failed to load config from "d:\\SEVANI\\dataconnect": could not find dataconnect.yaml in `d:\SEVANI\dataconnect`
 {"metadata":{"emulator":{"name":"dataconnect"},"message":"E0331 22:03:07.599250   20728 watch.go:40] Failed to load config from \"d:\\\\SEVANI\\\\dataconnect\": could not find dataconnect.yaml in `d:\\SEVANI\\dataconnect`\n"}}
[debug] [2026-03-31T15:03:17.600Z] E0331 22:03:17.599063   20728 watch.go:40] Failed to load config from "d:\\SEVANI\\dataconnect": could not find dataconnect.yaml in `d:\SEVANI\dataconnect`
 {"metadata":{"emulator":{"name":"dataconnect"},"message":"E0331 22:03:17.599063   20728 watch.go:40] Failed to load config from \"d:\\\\SEVANI\\\\dataconnect\": could not find dataconnect.yaml in `d:\\SEVANI\\dataconnect`\n"}}
[debug] [2026-03-31T15:03:27.600Z] E0331 22:03:27.599619   20728 watch.go:40] Failed to load config from "d:\\SEVANI\\dataconnect": could not find dataconnect.yaml in `d:\SEVANI\dataconnect`
 {"metadata":{"emulator":{"name":"dataconnect"},"message":"E0331 22:03:27.599619   20728 watch.go:40] Failed to load config from \"d:\\\\SEVANI\\\\dataconnect\": could not find dataconnect.yaml in `d:\\SEVANI\\dataconnect`\n"}}
[debug] [2026-03-31T15:03:37.599Z] E0331 22:03:37.599060   20728 watch.go:40] Failed to load config from "d:\\SEVANI\\dataconnect": could not find dataconnect.yaml in `d:\SEVANI\dataconnect`
 {"metadata":{"emulator":{"name":"dataconnect"},"message":"E0331 22:03:37.599060   20728 watch.go:40] Failed to load config from \"d:\\\\SEVANI\\\\dataconnect\": could not find dataconnect.yaml in `d:\\SEVANI\\dataconnect`\n"}}
[debug] [2026-03-31T15:03:47.600Z] E0331 22:03:47.599158   20728 watch.go:40] Failed to load config from "d:\\SEVANI\\dataconnect": could not find dataconnect.yaml in `d:\SEVANI\dataconnect`
 {"metadata":{"emulator":{"name":"dataconnect"},"message":"E0331 22:03:47.599158   20728 watch.go:40] Failed to load config from \"d:\\\\SEVANI\\\\dataconnect\": could not find dataconnect.yaml in `d:\\SEVANI\\dataconnect`\n"}}
[debug] [2026-03-31T15:03:57.600Z] E0331 22:03:57.600020   20728 watch.go:116] watchAllDir unable to walk dir `d:\SEVANI\dataconnect`: GetFileAttributesEx d:\SEVANI\dataconnect: The system cannot find the file specified.
 {"metadata":{"emulator":{"name":"dataconnect"},"message":"E0331 22:03:57.600020   20728 watch.go:116] watchAllDir unable to walk dir `d:\\SEVANI\\dataconnect`: GetFileAttributesEx d:\\SEVANI\\dataconnect: The system cannot find the file specified.\n"}}
[debug] [2026-03-31T15:03:57.601Z] E0331 22:03:57.600020   20728 watch.go:40] Failed to load config from "d:\\SEVANI\\dataconnect": could not find dataconnect.yaml in `d:\SEVANI\dataconnect`
 {"metadata":{"emulator":{"name":"dataconnect"},"message":"E0331 22:03:57.600020   20728 watch.go:40] Failed to load config from \"d:\\\\SEVANI\\\\dataconnect\": could not find dataconnect.yaml in `d:\\SEVANI\\dataconnect`\n"}}
[debug] [2026-03-31T15:04:07.598Z] E0331 22:04:07.599042   20728 watch.go:40] Failed to load config from "d:\\SEVANI\\dataconnect": could not find dataconnect.yaml in `d:\SEVANI\dataconnect`
 {"metadata":{"emulator":{"name":"dataconnect"},"message":"E0331 22:04:07.599042   20728 watch.go:40] Failed to load config from \"d:\\\\SEVANI\\\\dataconnect\": could not find dataconnect.yaml in `d:\\SEVANI\\dataconnect`\n"}}
[debug] [2026-03-31T15:04:17.600Z] E0331 22:04:17.600088   20728 watch.go:40] Failed to load config from "d:\\SEVANI\\dataconnect": could not find dataconnect.yaml in `d:\SEVANI\dataconnect`
 {"metadata":{"emulator":{"name":"dataconnect"},"message":"E0331 22:04:17.600088   20728 watch.go:40] Failed to load config from \"d:\\\\SEVANI\\\\dataconnect\": could not find dataconnect.yaml in `d:\\SEVANI\\dataconnect`\n"}}
[debug] [2026-03-31T15:04:27.599Z] E0331 22:04:27.599541   20728 watch.go:40] Failed to load config from "d:\\SEVANI\\dataconnect": could not find dataconnect.yaml in `d:\SEVANI\dataconnect`
 {"metadata":{"emulator":{"name":"dataconnect"},"message":"E0331 22:04:27.599541   20728 watch.go:40] Failed to load config from \"d:\\\\SEVANI\\\\dataconnect\": could not find dataconnect.yaml in `d:\\SEVANI\\dataconnect`\n"}}
[debug] [2026-03-31T15:04:37.598Z] E0331 22:04:37.599090   20728 watch.go:40] Failed to load config from "d:\\SEVANI\\dataconnect": could not find dataconnect.yaml in `d:\SEVANI\dataconnect`
 {"metadata":{"emulator":{"name":"dataconnect"},"message":"E0331 22:04:37.599090   20728 watch.go:40] Failed to load config from \"d:\\\\SEVANI\\\\dataconnect\": could not find dataconnect.yaml in `d:\\SEVANI\\dataconnect`\n"}}
[debug] [2026-03-31T15:04:47.600Z] E0331 22:04:47.600709   20728 watch.go:40] Failed to load config from "d:\\SEVANI\\dataconnect": could not find dataconnect.yaml in `d:\SEVANI\dataconnect`
 {"metadata":{"emulator":{"name":"dataconnect"},"message":"E0331 22:04:47.600709   20728 watch.go:40] Failed to load config from \"d:\\\\SEVANI\\\\dataconnect\": could not find dataconnect.yaml in `d:\\SEVANI\\dataconnect`\n"}}
[debug] [2026-03-31T15:04:57.599Z] E0331 22:04:57.599467   20728 watch.go:116] watchAllDir unable to walk dir `d:\SEVANI\dataconnect`: GetFileAttributesEx d:\SEVANI\dataconnect: The system cannot find the file specified.
E0331 22:04:57.599467   20728 watch.go:40] Failed to load config from "d:\\SEVANI\\dataconnect": could not find dataconnect.yaml in `d:\SEVANI\dataconnect`
 {"metadata":{"emulator":{"name":"dataconnect"},"message":"E0331 22:04:57.599467   20728 watch.go:116] watchAllDir unable to walk dir `d:\\SEVANI\\dataconnect`: GetFileAttributesEx d:\\SEVANI\\dataconnect: The system cannot find the file specified.\nE0331 22:04:57.599467   20728 watch.go:40] Failed to load config from \"d:\\\\SEVANI\\\\dataconnect\": could not find dataconnect.yaml in `d:\\SEVANI\\dataconnect`\n"}}
[debug] [2026-03-31T15:05:07.599Z] E0331 22:05:07.599413   20728 watch.go:40] Failed to load config from "d:\\SEVANI\\dataconnect": could not find dataconnect.yaml in `d:\SEVANI\dataconnect`
 {"metadata":{"emulator":{"name":"dataconnect"},"message":"E0331 22:05:07.599413   20728 watch.go:40] Failed to load config from \"d:\\\\SEVANI\\\\dataconnect\": could not find dataconnect.yaml in `d:\\SEVANI\\dataconnect`\n"}}
[debug] [2026-03-31T15:05:17.598Z] E0331 22:05:17.599292   20728 watch.go:40] Failed to load config from "d:\\SEVANI\\dataconnect": could not find dataconnect.yaml in `d:\SEVANI\dataconnect`
 {"metadata":{"emulator":{"name":"dataconnect"},"message":"E0331 22:05:17.599292   20728 watch.go:40] Failed to load config from \"d:\\\\SEVANI\\\\dataconnect\": could not find dataconnect.yaml in `d:\\SEVANI\\dataconnect`\n"}}
[debug] [2026-03-31T15:05:27.598Z] E0331 22:05:27.598815   20728 watch.go:40] Failed to load config from "d:\\SEVANI\\dataconnect": could not find dataconnect.yaml in `d:\SEVANI\dataconnect`
 {"metadata":{"emulator":{"name":"dataconnect"},"message":"E0331 22:05:27.598815   20728 watch.go:40] Failed to load config from \"d:\\\\SEVANI\\\\dataconnect\": could not find dataconnect.yaml in `d:\\SEVANI\\dataconnect`\n"}}
[debug] [2026-03-31T15:05:37.598Z] E0331 22:05:37.598648   20728 watch.go:40] Failed to load config from "d:\\SEVANI\\dataconnect": could not find dataconnect.yaml in `d:\SEVANI\dataconnect`
 {"metadata":{"emulator":{"name":"dataconnect"},"message":"E0331 22:05:37.598648   20728 watch.go:40] Failed to load config from \"d:\\\\SEVANI\\\\dataconnect\": could not find dataconnect.yaml in `d:\\SEVANI\\dataconnect`\n"}}
[debug] [2026-03-31T15:05:47.598Z] E0331 22:05:47.598507   20728 watch.go:40] Failed to load config from "d:\\SEVANI\\dataconnect": could not find dataconnect.yaml in `d:\SEVANI\dataconnect`
 {"metadata":{"emulator":{"name":"dataconnect"},"message":"E0331 22:05:47.598507   20728 watch.go:40] Failed to load config from \"d:\\\\SEVANI\\\\dataconnect\": could not find dataconnect.yaml in `d:\\SEVANI\\dataconnect`\n"}}
[debug] [2026-03-31T15:05:57.598Z] E0331 22:05:57.598392   20728 watch.go:116] watchAllDir unable to walk dir `d:\SEVANI\dataconnect`: GetFileAttributesEx d:\SEVANI\dataconnect: The system cannot find the file specified.
 {"metadata":{"emulator":{"name":"dataconnect"},"message":"E0331 22:05:57.598392   20728 watch.go:116] watchAllDir unable to walk dir `d:\\SEVANI\\dataconnect`: GetFileAttributesEx d:\\SEVANI\\dataconnect: The system cannot find the file specified.\n"}}
[debug] [2026-03-31T15:05:57.599Z] E0331 22:05:57.599466   20728 watch.go:40] Failed to load config from "d:\\SEVANI\\dataconnect": could not find dataconnect.yaml in `d:\SEVANI\dataconnect`
 {"metadata":{"emulator":{"name":"dataconnect"},"message":"E0331 22:05:57.599466   20728 watch.go:40] Failed to load config from \"d:\\\\SEVANI\\\\dataconnect\": could not find dataconnect.yaml in `d:\\SEVANI\\dataconnect`\n"}}
[debug] [2026-03-31T15:06:07.600Z] E0331 22:06:07.600115   20728 watch.go:40] Failed to load config from "d:\\SEVANI\\dataconnect": could not find dataconnect.yaml in `d:\SEVANI\dataconnect`
 {"metadata":{"emulator":{"name":"dataconnect"},"message":"E0331 22:06:07.600115   20728 watch.go:40] Failed to load config from \"d:\\\\SEVANI\\\\dataconnect\": could not find dataconnect.yaml in `d:\\SEVANI\\dataconnect`\n"}}
[debug] [2026-03-31T15:06:17.598Z] E0331 22:06:17.598596   20728 watch.go:40] Failed to load config from "d:\\SEVANI\\dataconnect": could not find dataconnect.yaml in `d:\SEVANI\dataconnect`
 {"metadata":{"emulator":{"name":"dataconnect"},"message":"E0331 22:06:17.598596   20728 watch.go:40] Failed to load config from \"d:\\\\SEVANI\\\\dataconnect\": could not find dataconnect.yaml in `d:\\SEVANI\\dataconnect`\n"}}
[debug] [2026-03-31T15:06:27.598Z] E0331 22:06:27.598804   20728 watch.go:40] Failed to load config from "d:\\SEVANI\\dataconnect": could not find dataconnect.yaml in `d:\SEVANI\dataconnect`
 {"metadata":{"emulator":{"name":"dataconnect"},"message":"E0331 22:06:27.598804   20728 watch.go:40] Failed to load config from \"d:\\\\SEVANI\\\\dataconnect\": could not find dataconnect.yaml in `d:\\SEVANI\\dataconnect`\n"}}
[debug] [2026-03-31T15:06:37.601Z] E0331 22:06:37.600308   20728 watch.go:40] Failed to load config from "d:\\SEVANI\\dataconnect": could not find dataconnect.yaml in `d:\SEVANI\dataconnect`
 {"metadata":{"emulator":{"name":"dataconnect"},"message":"E0331 22:06:37.600308   20728 watch.go:40] Failed to load config from \"d:\\\\SEVANI\\\\dataconnect\": could not find dataconnect.yaml in `d:\\SEVANI\\dataconnect`\n"}}
[debug] [2026-03-31T15:06:47.599Z] E0331 22:06:47.599529   20728 watch.go:40] Failed to load config from "d:\\SEVANI\\dataconnect": could not find dataconnect.yaml in `d:\SEVANI\dataconnect`
 {"metadata":{"emulator":{"name":"dataconnect"},"message":"E0331 22:06:47.599529   20728 watch.go:40] Failed to load config from \"d:\\\\SEVANI\\\\dataconnect\": could not find dataconnect.yaml in `d:\\SEVANI\\dataconnect`\n"}}
[debug] [2026-03-31T15:06:57.599Z] E0331 22:06:57.599108   20728 watch.go:116] watchAllDir unable to walk dir `d:\SEVANI\dataconnect`: GetFileAttributesEx d:\SEVANI\dataconnect: The system cannot find the file specified.
 {"metadata":{"emulator":{"name":"dataconnect"},"message":"E0331 22:06:57.599108   20728 watch.go:116] watchAllDir unable to walk dir `d:\\SEVANI\\dataconnect`: GetFileAttributesEx d:\\SEVANI\\dataconnect: The system cannot find the file specified.\n"}}
[debug] [2026-03-31T15:06:57.600Z] E0331 22:06:57.599108   20728 watch.go:40] Failed to load config from "d:\\SEVANI\\dataconnect": could not find dataconnect.yaml in `d:\SEVANI\dataconnect`
 {"metadata":{"emulator":{"name":"dataconnect"},"message":"E0331 22:06:57.599108   20728 watch.go:40] Failed to load config from \"d:\\\\SEVANI\\\\dataconnect\": could not find dataconnect.yaml in `d:\\SEVANI\\dataconnect`\n"}}
[debug] [2026-03-31T15:07:07.599Z] E0331 22:07:07.599715   20728 watch.go:40] Failed to load config from "d:\\SEVANI\\dataconnect": could not find dataconnect.yaml in `d:\SEVANI\dataconnect`
 {"metadata":{"emulator":{"name":"dataconnect"},"message":"E0331 22:07:07.599715   20728 watch.go:40] Failed to load config from \"d:\\\\SEVANI\\\\dataconnect\": could not find dataconnect.yaml in `d:\\SEVANI\\dataconnect`\n"}}
[debug] [2026-03-31T15:07:17.599Z] E0331 22:07:17.598775   20728 watch.go:40] Failed to load config from "d:\\SEVANI\\dataconnect": could not find dataconnect.yaml in `d:\SEVANI\dataconnect`
 {"metadata":{"emulator":{"name":"dataconnect"},"message":"E0331 22:07:17.598775   20728 watch.go:40] Failed to load config from \"d:\\\\SEVANI\\\\dataconnect\": could not find dataconnect.yaml in `d:\\SEVANI\\dataconnect`\n"}}
[debug] [2026-03-31T15:07:27.598Z] E0331 22:07:27.598560   20728 watch.go:40] Failed to load config from "d:\\SEVANI\\dataconnect": could not find dataconnect.yaml in `d:\SEVANI\dataconnect`
 {"metadata":{"emulator":{"name":"dataconnect"},"message":"E0331 22:07:27.598560   20728 watch.go:40] Failed to load config from \"d:\\\\SEVANI\\\\dataconnect\": could not find dataconnect.yaml in `d:\\SEVANI\\dataconnect`\n"}}
[debug] [2026-03-31T15:07:37.599Z] E0331 22:07:37.599280   20728 watch.go:40] Failed to load config from "d:\\SEVANI\\dataconnect": could not find dataconnect.yaml in `d:\SEVANI\dataconnect`
 {"metadata":{"emulator":{"name":"dataconnect"},"message":"E0331 22:07:37.599280   20728 watch.go:40] Failed to load config from \"d:\\\\SEVANI\\\\dataconnect\": could not find dataconnect.yaml in `d:\\SEVANI\\dataconnect`\n"}}
[debug] [2026-03-31T15:07:47.598Z] E0331 22:07:47.598314   20728 watch.go:40] Failed to load config from "d:\\SEVANI\\dataconnect": could not find dataconnect.yaml in `d:\SEVANI\dataconnect`
 {"metadata":{"emulator":{"name":"dataconnect"},"message":"E0331 22:07:47.598314   20728 watch.go:40] Failed to load config from \"d:\\\\SEVANI\\\\dataconnect\": could not find dataconnect.yaml in `d:\\SEVANI\\dataconnect`\n"}}
[debug] [2026-03-31T15:07:57.598Z] E0331 22:07:57.598750   20728 watch.go:116] watchAllDir unable to walk dir `d:\SEVANI\dataconnect`: GetFileAttributesEx d:\SEVANI\dataconnect: The system cannot find the file specified.
E0331 22:07:57.598750   20728 watch.go:40] Failed to load config from "d:\\SEVANI\\dataconnect": could not find dataconnect.yaml in `d:\SEVANI\dataconnect`
 {"metadata":{"emulator":{"name":"dataconnect"},"message":"E0331 22:07:57.598750   20728 watch.go:116] watchAllDir unable to walk dir `d:\\SEVANI\\dataconnect`: GetFileAttributesEx d:\\SEVANI\\dataconnect: The system cannot find the file specified.\nE0331 22:07:57.598750   20728 watch.go:40] Failed to load config from \"d:\\\\SEVANI\\\\dataconnect\": could not find dataconnect.yaml in `d:\\SEVANI\\dataconnect`\n"}}
[debug] [2026-03-31T15:08:07.599Z] E0331 22:08:07.599135   20728 watch.go:40] Failed to load config from "d:\\SEVANI\\dataconnect": could not find dataconnect.yaml in `d:\SEVANI\dataconnect`
 {"metadata":{"emulator":{"name":"dataconnect"},"message":"E0331 22:08:07.599135   20728 watch.go:40] Failed to load config from \"d:\\\\SEVANI\\\\dataconnect\": could not find dataconnect.yaml in `d:\\SEVANI\\dataconnect`\n"}}
[debug] [2026-03-31T15:08:17.599Z] E0331 22:08:17.598555   20728 watch.go:40] Failed to load config from "d:\\SEVANI\\dataconnect": could not find dataconnect.yaml in `d:\SEVANI\dataconnect`
 {"metadata":{"emulator":{"name":"dataconnect"},"message":"E0331 22:08:17.598555   20728 watch.go:40] Failed to load config from \"d:\\\\SEVANI\\\\dataconnect\": could not find dataconnect.yaml in `d:\\SEVANI\\dataconnect`\n"}}
[debug] [2026-03-31T15:08:27.599Z] E0331 22:08:27.598630   20728 watch.go:40] Failed to load config from "d:\\SEVANI\\dataconnect": could not find dataconnect.yaml in `d:\SEVANI\dataconnect`
 {"metadata":{"emulator":{"name":"dataconnect"},"message":"E0331 22:08:27.598630   20728 watch.go:40] Failed to load config from \"d:\\\\SEVANI\\\\dataconnect\": could not find dataconnect.yaml in `d:\\SEVANI\\dataconnect`\n"}}
[debug] [2026-03-31T15:08:37.599Z] E0331 22:08:37.599279   20728 watch.go:40] Failed to load config from "d:\\SEVANI\\dataconnect": could not find dataconnect.yaml in `d:\SEVANI\dataconnect`
 {"metadata":{"emulator":{"name":"dataconnect"},"message":"E0331 22:08:37.599279   20728 watch.go:40] Failed to load config from \"d:\\\\SEVANI\\\\dataconnect\": could not find dataconnect.yaml in `d:\\SEVANI\\dataconnect`\n"}}
[debug] [2026-03-31T15:08:47.599Z] E0331 22:08:47.599024   20728 watch.go:40] Failed to load config from "d:\\SEVANI\\dataconnect": could not find dataconnect.yaml in `d:\SEVANI\dataconnect`
 {"metadata":{"emulator":{"name":"dataconnect"},"message":"E0331 22:08:47.599024   20728 watch.go:40] Failed to load config from \"d:\\\\SEVANI\\\\dataconnect\": could not find dataconnect.yaml in `d:\\SEVANI\\dataconnect`\n"}}
[debug] [2026-03-31T15:08:57.599Z] E0331 22:08:57.599309   20728 watch.go:116] watchAllDir unable to walk dir `d:\SEVANI\dataconnect`: GetFileAttributesEx d:\SEVANI\dataconnect: The system cannot find the file specified.
 {"metadata":{"emulator":{"name":"dataconnect"},"message":"E0331 22:08:57.599309   20728 watch.go:116] watchAllDir unable to walk dir `d:\\SEVANI\\dataconnect`: GetFileAttributesEx d:\\SEVANI\\dataconnect: The system cannot find the file specified.\n"}}
[debug] [2026-03-31T15:08:57.603Z] E0331 22:08:57.599309   20728 watch.go:40] Failed to load config from "d:\\SEVANI\\dataconnect": could not find dataconnect.yaml in `d:\SEVANI\dataconnect`
 {"metadata":{"emulator":{"name":"dataconnect"},"message":"E0331 22:08:57.599309   20728 watch.go:40] Failed to load config from \"d:\\\\SEVANI\\\\dataconnect\": could not find dataconnect.yaml in `d:\\SEVANI\\dataconnect`\n"}}
[debug] [2026-03-31T15:09:07.599Z] E0331 22:09:07.599104   20728 watch.go:40] Failed to load config from "d:\\SEVANI\\dataconnect": could not find dataconnect.yaml in `d:\SEVANI\dataconnect`
 {"metadata":{"emulator":{"name":"dataconnect"},"message":"E0331 22:09:07.599104   20728 watch.go:40] Failed to load config from \"d:\\\\SEVANI\\\\dataconnect\": could not find dataconnect.yaml in `d:\\SEVANI\\dataconnect`\n"}}
[debug] [2026-03-31T15:09:17.599Z] E0331 22:09:17.599454   20728 watch.go:40] Failed to load config from "d:\\SEVANI\\dataconnect": could not find dataconnect.yaml in `d:\SEVANI\dataconnect`
 {"metadata":{"emulator":{"name":"dataconnect"},"message":"E0331 22:09:17.599454   20728 watch.go:40] Failed to load config from \"d:\\\\SEVANI\\\\dataconnect\": could not find dataconnect.yaml in `d:\\SEVANI\\dataconnect`\n"}}
[debug] [2026-03-31T15:09:27.598Z] E0331 22:09:27.598487   20728 watch.go:40] Failed to load config from "d:\\SEVANI\\dataconnect": could not find dataconnect.yaml in `d:\SEVANI\dataconnect`
 {"metadata":{"emulator":{"name":"dataconnect"},"message":"E0331 22:09:27.598487   20728 watch.go:40] Failed to load config from \"d:\\\\SEVANI\\\\dataconnect\": could not find dataconnect.yaml in `d:\\SEVANI\\dataconnect`\n"}}
[debug] [2026-03-31T15:09:37.599Z] E0331 22:09:37.598908   20728 watch.go:40] Failed to load config from "d:\\SEVANI\\dataconnect": could not find dataconnect.yaml in `d:\SEVANI\dataconnect`
 {"metadata":{"emulator":{"name":"dataconnect"},"message":"E0331 22:09:37.598908   20728 watch.go:40] Failed to load config from \"d:\\\\SEVANI\\\\dataconnect\": could not find dataconnect.yaml in `d:\\SEVANI\\dataconnect`\n"}}
[debug] [2026-03-31T15:09:47.598Z] E0331 22:09:47.598598   20728 watch.go:40] Failed to load config from "d:\\SEVANI\\dataconnect": could not find dataconnect.yaml in `d:\SEVANI\dataconnect`
 {"metadata":{"emulator":{"name":"dataconnect"},"message":"E0331 22:09:47.598598   20728 watch.go:40] Failed to load config from \"d:\\\\SEVANI\\\\dataconnect\": could not find dataconnect.yaml in `d:\\SEVANI\\dataconnect`\n"}}
[debug] [2026-03-31T15:09:57.599Z] E0331 22:09:57.599156   20728 watch.go:116] watchAllDir unable to walk dir `d:\SEVANI\dataconnect`: GetFileAttributesEx d:\SEVANI\dataconnect: The system cannot find the file specified.
E0331 22:09:57.599511   20728 watch.go:40] Failed to load config from "d:\\SEVANI\\dataconnect": could not find dataconnect.yaml in `d:\SEVANI\dataconnect`
 {"metadata":{"emulator":{"name":"dataconnect"},"message":"E0331 22:09:57.599156   20728 watch.go:116] watchAllDir unable to walk dir `d:\\SEVANI\\dataconnect`: GetFileAttributesEx d:\\SEVANI\\dataconnect: The system cannot find the file specified.\nE0331 22:09:57.599511   20728 watch.go:40] Failed to load config from \"d:\\\\SEVANI\\\\dataconnect\": could not find dataconnect.yaml in `d:\\SEVANI\\dataconnect`\n"}}
[debug] [2026-03-31T15:10:07.600Z] E0331 22:10:07.598363   20728 watch.go:40] Failed to load config from "d:\\SEVANI\\dataconnect": could not find dataconnect.yaml in `d:\SEVANI\dataconnect`
 {"metadata":{"emulator":{"name":"dataconnect"},"message":"E0331 22:10:07.598363   20728 watch.go:40] Failed to load config from \"d:\\\\SEVANI\\\\dataconnect\": could not find dataconnect.yaml in `d:\\SEVANI\\dataconnect`\n"}}
[debug] [2026-03-31T15:10:17.599Z] E0331 22:10:17.599435   20728 watch.go:40] Failed to load config from "d:\\SEVANI\\dataconnect": could not find dataconnect.yaml in `d:\SEVANI\dataconnect`
 {"metadata":{"emulator":{"name":"dataconnect"},"message":"E0331 22:10:17.599435   20728 watch.go:40] Failed to load config from \"d:\\\\SEVANI\\\\dataconnect\": could not find dataconnect.yaml in `d:\\SEVANI\\dataconnect`\n"}}
[debug] [2026-03-31T15:10:27.601Z] E0331 22:10:27.601251   20728 watch.go:40] Failed to load config from "d:\\SEVANI\\dataconnect": could not find dataconnect.yaml in `d:\SEVANI\dataconnect`
 {"metadata":{"emulator":{"name":"dataconnect"},"message":"E0331 22:10:27.601251   20728 watch.go:40] Failed to load config from \"d:\\\\SEVANI\\\\dataconnect\": could not find dataconnect.yaml in `d:\\SEVANI\\dataconnect`\n"}}
[debug] [2026-03-31T15:10:37.599Z] E0331 22:10:37.599069   20728 watch.go:40] Failed to load config from "d:\\SEVANI\\dataconnect": could not find dataconnect.yaml in `d:\SEVANI\dataconnect`
 {"metadata":{"emulator":{"name":"dataconnect"},"message":"E0331 22:10:37.599069   20728 watch.go:40] Failed to load config from \"d:\\\\SEVANI\\\\dataconnect\": could not find dataconnect.yaml in `d:\\SEVANI\\dataconnect`\n"}}
[debug] [2026-03-31T15:10:47.601Z] E0331 22:10:47.600854   20728 watch.go:40] Failed to load config from "d:\\SEVANI\\dataconnect": could not find dataconnect.yaml in `d:\SEVANI\dataconnect`
 {"metadata":{"emulator":{"name":"dataconnect"},"message":"E0331 22:10:47.600854   20728 watch.go:40] Failed to load config from \"d:\\\\SEVANI\\\\dataconnect\": could not find dataconnect.yaml in `d:\\SEVANI\\dataconnect`\n"}}
[debug] [2026-03-31T15:10:57.598Z] E0331 22:10:57.598762   20728 watch.go:116] watchAllDir unable to walk dir `d:\SEVANI\dataconnect`: GetFileAttributesEx d:\SEVANI\dataconnect: The system cannot find the file specified.
E0331 22:10:57.599279   20728 watch.go:40] Failed to load config from "d:\\SEVANI\\dataconnect": could not find dataconnect.yaml in `d:\SEVANI\dataconnect`
 {"metadata":{"emulator":{"name":"dataconnect"},"message":"E0331 22:10:57.598762   20728 watch.go:116] watchAllDir unable to walk dir `d:\\SEVANI\\dataconnect`: GetFileAttributesEx d:\\SEVANI\\dataconnect: The system cannot find the file specified.\nE0331 22:10:57.599279   20728 watch.go:40] Failed to load config from \"d:\\\\SEVANI\\\\dataconnect\": could not find dataconnect.yaml in `d:\\SEVANI\\dataconnect`\n"}}
[debug] [2026-03-31T15:11:07.598Z] E0331 22:11:07.598871   20728 watch.go:40] Failed to load config from "d:\\SEVANI\\dataconnect": could not find dataconnect.yaml in `d:\SEVANI\dataconnect`
 {"metadata":{"emulator":{"name":"dataconnect"},"message":"E0331 22:11:07.598871   20728 watch.go:40] Failed to load config from \"d:\\\\SEVANI\\\\dataconnect\": could not find dataconnect.yaml in `d:\\SEVANI\\dataconnect`\n"}}
[debug] [2026-03-31T15:11:17.600Z] E0331 22:11:17.599785   20728 watch.go:40] Failed to load config from "d:\\SEVANI\\dataconnect": could not find dataconnect.yaml in `d:\SEVANI\dataconnect`
 {"metadata":{"emulator":{"name":"dataconnect"},"message":"E0331 22:11:17.599785   20728 watch.go:40] Failed to load config from \"d:\\\\SEVANI\\\\dataconnect\": could not find dataconnect.yaml in `d:\\SEVANI\\dataconnect`\n"}}
[debug] [2026-03-31T15:11:27.600Z] E0331 22:11:27.599733   20728 watch.go:40] Failed to load config from "d:\\SEVANI\\dataconnect": could not find dataconnect.yaml in `d:\SEVANI\dataconnect`
 {"metadata":{"emulator":{"name":"dataconnect"},"message":"E0331 22:11:27.599733   20728 watch.go:40] Failed to load config from \"d:\\\\SEVANI\\\\dataconnect\": could not find dataconnect.yaml in `d:\\SEVANI\\dataconnect`\n"}}
[debug] [2026-03-31T15:11:37.599Z] E0331 22:11:37.598969   20728 watch.go:40] Failed to load config from "d:\\SEVANI\\dataconnect": could not find dataconnect.yaml in `d:\SEVANI\dataconnect`
 {"metadata":{"emulator":{"name":"dataconnect"},"message":"E0331 22:11:37.598969   20728 watch.go:40] Failed to load config from \"d:\\\\SEVANI\\\\dataconnect\": could not find dataconnect.yaml in `d:\\SEVANI\\dataconnect`\n"}}
[debug] [2026-03-31T15:11:47.599Z] E0331 22:11:47.598755   20728 watch.go:40] Failed to load config from "d:\\SEVANI\\dataconnect": could not find dataconnect.yaml in `d:\SEVANI\dataconnect`
 {"metadata":{"emulator":{"name":"dataconnect"},"message":"E0331 22:11:47.598755   20728 watch.go:40] Failed to load config from \"d:\\\\SEVANI\\\\dataconnect\": could not find dataconnect.yaml in `d:\\SEVANI\\dataconnect`\n"}}
[debug] [2026-03-31T15:11:57.600Z] E0331 22:11:57.600365   20728 watch.go:116] watchAllDir unable to walk dir `d:\SEVANI\dataconnect`: GetFileAttributesEx d:\SEVANI\dataconnect: The system cannot find the file specified.
 {"metadata":{"emulator":{"name":"dataconnect"},"message":"E0331 22:11:57.600365   20728 watch.go:116] watchAllDir unable to walk dir `d:\\SEVANI\\dataconnect`: GetFileAttributesEx d:\\SEVANI\\dataconnect: The system cannot find the file specified.\n"}}
[debug] [2026-03-31T15:11:57.602Z] E0331 22:11:57.600365   20728 watch.go:40] Failed to load config from "d:\\SEVANI\\dataconnect": could not find dataconnect.yaml in `d:\SEVANI\dataconnect`
 {"metadata":{"emulator":{"name":"dataconnect"},"message":"E0331 22:11:57.600365   20728 watch.go:40] Failed to load config from \"d:\\\\SEVANI\\\\dataconnect\": could not find dataconnect.yaml in `d:\\SEVANI\\dataconnect`\n"}}
[debug] [2026-03-31T15:12:07.599Z] E0331 22:12:07.598768   20728 watch.go:40] Failed to load config from "d:\\SEVANI\\dataconnect": could not find dataconnect.yaml in `d:\SEVANI\dataconnect`
 {"metadata":{"emulator":{"name":"dataconnect"},"message":"E0331 22:12:07.598768   20728 watch.go:40] Failed to load config from \"d:\\\\SEVANI\\\\dataconnect\": could not find dataconnect.yaml in `d:\\SEVANI\\dataconnect`\n"}}
[debug] [2026-03-31T15:12:17.599Z] E0331 22:12:17.599374   20728 watch.go:40] Failed to load config from "d:\\SEVANI\\dataconnect": could not find dataconnect.yaml in `d:\SEVANI\dataconnect`
 {"metadata":{"emulator":{"name":"dataconnect"},"message":"E0331 22:12:17.599374   20728 watch.go:40] Failed to load config from \"d:\\\\SEVANI\\\\dataconnect\": could not find dataconnect.yaml in `d:\\SEVANI\\dataconnect`\n"}}
[debug] [2026-03-31T15:12:27.598Z] E0331 22:12:27.598632   20728 watch.go:40] Failed to load config from "d:\\SEVANI\\dataconnect": could not find dataconnect.yaml in `d:\SEVANI\dataconnect`
 {"metadata":{"emulator":{"name":"dataconnect"},"message":"E0331 22:12:27.598632   20728 watch.go:40] Failed to load config from \"d:\\\\SEVANI\\\\dataconnect\": could not find dataconnect.yaml in `d:\\SEVANI\\dataconnect`\n"}}
[debug] [2026-03-31T15:12:37.599Z] E0331 22:12:37.599263   20728 watch.go:40] Failed to load config from "d:\\SEVANI\\dataconnect": could not find dataconnect.yaml in `d:\SEVANI\dataconnect`
 {"metadata":{"emulator":{"name":"dataconnect"},"message":"E0331 22:12:37.599263   20728 watch.go:40] Failed to load config from \"d:\\\\SEVANI\\\\dataconnect\": could not find dataconnect.yaml in `d:\\SEVANI\\dataconnect`\n"}}
[debug] [2026-03-31T15:12:47.599Z] E0331 22:12:47.599316   20728 watch.go:40] Failed to load config from "d:\\SEVANI\\dataconnect": could not find dataconnect.yaml in `d:\SEVANI\dataconnect`
 {"metadata":{"emulator":{"name":"dataconnect"},"message":"E0331 22:12:47.599316   20728 watch.go:40] Failed to load config from \"d:\\\\SEVANI\\\\dataconnect\": could not find dataconnect.yaml in `d:\\SEVANI\\dataconnect`\n"}}
[debug] [2026-03-31T15:12:57.598Z] E0331 22:12:57.599166   20728 watch.go:116] watchAllDir unable to walk dir `d:\SEVANI\dataconnect`: GetFileAttributesEx d:\SEVANI\dataconnect: The system cannot find the file specified.
E0331 22:12:57.599166   20728 watch.go:40] Failed to load config from "d:\\SEVANI\\dataconnect": could not find dataconnect.yaml in `d:\SEVANI\dataconnect`
 {"metadata":{"emulator":{"name":"dataconnect"},"message":"E0331 22:12:57.599166   20728 watch.go:116] watchAllDir unable to walk dir `d:\\SEVANI\\dataconnect`: GetFileAttributesEx d:\\SEVANI\\dataconnect: The system cannot find the file specified.\nE0331 22:12:57.599166   20728 watch.go:40] Failed to load config from \"d:\\\\SEVANI\\\\dataconnect\": could not find dataconnect.yaml in `d:\\SEVANI\\dataconnect`\n"}}
[debug] [2026-03-31T15:13:07.598Z] E0331 22:13:07.598734   20728 watch.go:40] Failed to load config from "d:\\SEVANI\\dataconnect": could not find dataconnect.yaml in `d:\SEVANI\dataconnect`
 {"metadata":{"emulator":{"name":"dataconnect"},"message":"E0331 22:13:07.598734   20728 watch.go:40] Failed to load config from \"d:\\\\SEVANI\\\\dataconnect\": could not find dataconnect.yaml in `d:\\SEVANI\\dataconnect`\n"}}
[debug] [2026-03-31T15:13:17.598Z] E0331 22:13:17.598753   20728 watch.go:40] Failed to load config from "d:\\SEVANI\\dataconnect": could not find dataconnect.yaml in `d:\SEVANI\dataconnect`
 {"metadata":{"emulator":{"name":"dataconnect"},"message":"E0331 22:13:17.598753   20728 watch.go:40] Failed to load config from \"d:\\\\SEVANI\\\\dataconnect\": could not find dataconnect.yaml in `d:\\SEVANI\\dataconnect`\n"}}
[debug] [2026-03-31T15:13:27.601Z] E0331 22:13:27.601365   20728 watch.go:40] Failed to load config from "d:\\SEVANI\\dataconnect": could not find dataconnect.yaml in `d:\SEVANI\dataconnect`
 {"metadata":{"emulator":{"name":"dataconnect"},"message":"E0331 22:13:27.601365   20728 watch.go:40] Failed to load config from \"d:\\\\SEVANI\\\\dataconnect\": could not find dataconnect.yaml in `d:\\SEVANI\\dataconnect`\n"}}
[debug] [2026-03-31T15:13:37.600Z] E0331 22:13:37.599722   20728 watch.go:40] Failed to load config from "d:\\SEVANI\\dataconnect": could not find dataconnect.yaml in `d:\SEVANI\dataconnect`
 {"metadata":{"emulator":{"name":"dataconnect"},"message":"E0331 22:13:37.599722   20728 watch.go:40] Failed to load config from \"d:\\\\SEVANI\\\\dataconnect\": could not find dataconnect.yaml in `d:\\SEVANI\\dataconnect`\n"}}
[debug] [2026-03-31T15:13:47.599Z] E0331 22:13:47.599016   20728 watch.go:40] Failed to load config from "d:\\SEVANI\\dataconnect": could not find dataconnect.yaml in `d:\SEVANI\dataconnect`
 {"metadata":{"emulator":{"name":"dataconnect"},"message":"E0331 22:13:47.599016   20728 watch.go:40] Failed to load config from \"d:\\\\SEVANI\\\\dataconnect\": could not find dataconnect.yaml in `d:\\SEVANI\\dataconnect`\n"}}
[debug] [2026-03-31T15:13:57.599Z] E0331 22:13:57.598740   20728 watch.go:116] watchAllDir unable to walk dir `d:\SEVANI\dataconnect`: GetFileAttributesEx d:\SEVANI\dataconnect: The system cannot find the file specified.
E0331 22:13:57.598740   20728 watch.go:40] Failed to load config from "d:\\SEVANI\\dataconnect": could not find dataconnect.yaml in `d:\SEVANI\dataconnect`
 {"metadata":{"emulator":{"name":"dataconnect"},"message":"E0331 22:13:57.598740   20728 watch.go:116] watchAllDir unable to walk dir `d:\\SEVANI\\dataconnect`: GetFileAttributesEx d:\\SEVANI\\dataconnect: The system cannot find the file specified.\nE0331 22:13:57.598740   20728 watch.go:40] Failed to load config from \"d:\\\\SEVANI\\\\dataconnect\": could not find dataconnect.yaml in `d:\\SEVANI\\dataconnect`\n"}}
[debug] [2026-03-31T15:14:07.600Z] E0331 22:14:07.599761   20728 watch.go:40] Failed to load config from "d:\\SEVANI\\dataconnect": could not find dataconnect.yaml in `d:\SEVANI\dataconnect`
 {"metadata":{"emulator":{"name":"dataconnect"},"message":"E0331 22:14:07.599761   20728 watch.go:40] Failed to load config from \"d:\\\\SEVANI\\\\dataconnect\": could not find dataconnect.yaml in `d:\\SEVANI\\dataconnect`\n"}}
[debug] [2026-03-31T15:14:17.598Z] E0331 22:14:17.598979   20728 watch.go:40] Failed to load config from "d:\\SEVANI\\dataconnect": could not find dataconnect.yaml in `d:\SEVANI\dataconnect`
 {"metadata":{"emulator":{"name":"dataconnect"},"message":"E0331 22:14:17.598979   20728 watch.go:40] Failed to load config from \"d:\\\\SEVANI\\\\dataconnect\": could not find dataconnect.yaml in `d:\\SEVANI\\dataconnect`\n"}}
[debug] [2026-03-31T15:14:27.598Z] E0331 22:14:27.598517   20728 watch.go:40] Failed to load config from "d:\\SEVANI\\dataconnect": could not find dataconnect.yaml in `d:\SEVANI\dataconnect`
 {"metadata":{"emulator":{"name":"dataconnect"},"message":"E0331 22:14:27.598517   20728 watch.go:40] Failed to load config from \"d:\\\\SEVANI\\\\dataconnect\": could not find dataconnect.yaml in `d:\\SEVANI\\dataconnect`\n"}}
[debug] [2026-03-31T15:14:37.599Z] E0331 22:14:37.598813   20728 watch.go:40] Failed to load config from "d:\\SEVANI\\dataconnect": could not find dataconnect.yaml in `d:\SEVANI\dataconnect`
 {"metadata":{"emulator":{"name":"dataconnect"},"message":"E0331 22:14:37.598813   20728 watch.go:40] Failed to load config from \"d:\\\\SEVANI\\\\dataconnect\": could not find dataconnect.yaml in `d:\\SEVANI\\dataconnect`\n"}}
[debug] [2026-03-31T15:14:47.599Z] E0331 22:14:47.599216   20728 watch.go:40] Failed to load config from "d:\\SEVANI\\dataconnect": could not find dataconnect.yaml in `d:\SEVANI\dataconnect`
 {"metadata":{"emulator":{"name":"dataconnect"},"message":"E0331 22:14:47.599216   20728 watch.go:40] Failed to load config from \"d:\\\\SEVANI\\\\dataconnect\": could not find dataconnect.yaml in `d:\\SEVANI\\dataconnect`\n"}}
[debug] [2026-03-31T15:14:57.599Z] E0331 22:14:57.598838   20728 watch.go:116] watchAllDir unable to walk dir `d:\SEVANI\dataconnect`: GetFileAttributesEx d:\SEVANI\dataconnect: The system cannot find the file specified.
E0331 22:14:57.598838   20728 watch.go:40] Failed to load config from "d:\\SEVANI\\dataconnect": could not find dataconnect.yaml in `d:\SEVANI\dataconnect`
 {"metadata":{"emulator":{"name":"dataconnect"},"message":"E0331 22:14:57.598838   20728 watch.go:116] watchAllDir unable to walk dir `d:\\SEVANI\\dataconnect`: GetFileAttributesEx d:\\SEVANI\\dataconnect: The system cannot find the file specified.\nE0331 22:14:57.598838   20728 watch.go:40] Failed to load config from \"d:\\\\SEVANI\\\\dataconnect\": could not find dataconnect.yaml in `d:\\SEVANI\\dataconnect`\n"}}
[debug] [2026-03-31T15:15:07.599Z] E0331 22:15:07.599564   20728 watch.go:40] Failed to load config from "d:\\SEVANI\\dataconnect": could not find dataconnect.yaml in `d:\SEVANI\dataconnect`
 {"metadata":{"emulator":{"name":"dataconnect"},"message":"E0331 22:15:07.599564   20728 watch.go:40] Failed to load config from \"d:\\\\SEVANI\\\\dataconnect\": could not find dataconnect.yaml in `d:\\SEVANI\\dataconnect`\n"}}
[debug] [2026-03-31T15:15:17.598Z] E0331 22:15:17.598427   20728 watch.go:40] Failed to load config from "d:\\SEVANI\\dataconnect": could not find dataconnect.yaml in `d:\SEVANI\dataconnect`
 {"metadata":{"emulator":{"name":"dataconnect"},"message":"E0331 22:15:17.598427   20728 watch.go:40] Failed to load config from \"d:\\\\SEVANI\\\\dataconnect\": could not find dataconnect.yaml in `d:\\SEVANI\\dataconnect`\n"}}
[debug] [2026-03-31T15:15:27.599Z] E0331 22:15:27.599160   20728 watch.go:40] Failed to load config from "d:\\SEVANI\\dataconnect": could not find dataconnect.yaml in `d:\SEVANI\dataconnect`
 {"metadata":{"emulator":{"name":"dataconnect"},"message":"E0331 22:15:27.599160   20728 watch.go:40] Failed to load config from \"d:\\\\SEVANI\\\\dataconnect\": could not find dataconnect.yaml in `d:\\SEVANI\\dataconnect`\n"}}
[debug] [2026-03-31T15:15:37.599Z] E0331 22:15:37.599283   20728 watch.go:40] Failed to load config from "d:\\SEVANI\\dataconnect": could not find dataconnect.yaml in `d:\SEVANI\dataconnect`
 {"metadata":{"emulator":{"name":"dataconnect"},"message":"E0331 22:15:37.599283   20728 watch.go:40] Failed to load config from \"d:\\\\SEVANI\\\\dataconnect\": could not find dataconnect.yaml in `d:\\SEVANI\\dataconnect`\n"}}
[debug] [2026-03-31T15:15:47.600Z] E0331 22:15:47.599902   20728 watch.go:40] Failed to load config from "d:\\SEVANI\\dataconnect": could not find dataconnect.yaml in `d:\SEVANI\dataconnect`
 {"metadata":{"emulator":{"name":"dataconnect"},"message":"E0331 22:15:47.599902   20728 watch.go:40] Failed to load config from \"d:\\\\SEVANI\\\\dataconnect\": could not find dataconnect.yaml in `d:\\SEVANI\\dataconnect`\n"}}
[debug] [2026-03-31T15:15:57.599Z] E0331 22:15:57.598515   20728 watch.go:116] watchAllDir unable to walk dir `d:\SEVANI\dataconnect`: GetFileAttributesEx d:\SEVANI\dataconnect: The system cannot find the file specified.
E0331 22:15:57.599332   20728 watch.go:40] Failed to load config from "d:\\SEVANI\\dataconnect": could not find dataconnect.yaml in `d:\SEVANI\dataconnect`
 {"metadata":{"emulator":{"name":"dataconnect"},"message":"E0331 22:15:57.598515   20728 watch.go:116] watchAllDir unable to walk dir `d:\\SEVANI\\dataconnect`: GetFileAttributesEx d:\\SEVANI\\dataconnect: The system cannot find the file specified.\nE0331 22:15:57.599332   20728 watch.go:40] Failed to load config from \"d:\\\\SEVANI\\\\dataconnect\": could not find dataconnect.yaml in `d:\\SEVANI\\dataconnect`\n"}}
[debug] [2026-03-31T15:16:07.599Z] E0331 22:16:07.599486   20728 watch.go:40] Failed to load config from "d:\\SEVANI\\dataconnect": could not find dataconnect.yaml in `d:\SEVANI\dataconnect`
 {"metadata":{"emulator":{"name":"dataconnect"},"message":"E0331 22:16:07.599486   20728 watch.go:40] Failed to load config from \"d:\\\\SEVANI\\\\dataconnect\": could not find dataconnect.yaml in `d:\\SEVANI\\dataconnect`\n"}}
[debug] [2026-03-31T15:16:17.602Z] E0331 22:16:17.602188   20728 watch.go:40] Failed to load config from "d:\\SEVANI\\dataconnect": could not find dataconnect.yaml in `d:\SEVANI\dataconnect`
 {"metadata":{"emulator":{"name":"dataconnect"},"message":"E0331 22:16:17.602188   20728 watch.go:40] Failed to load config from \"d:\\\\SEVANI\\\\dataconnect\": could not find dataconnect.yaml in `d:\\SEVANI\\dataconnect`\n"}}
[debug] [2026-03-31T15:16:27.599Z] E0331 22:16:27.599137   20728 watch.go:40] Failed to load config from "d:\\SEVANI\\dataconnect": could not find dataconnect.yaml in `d:\SEVANI\dataconnect`
 {"metadata":{"emulator":{"name":"dataconnect"},"message":"E0331 22:16:27.599137   20728 watch.go:40] Failed to load config from \"d:\\\\SEVANI\\\\dataconnect\": could not find dataconnect.yaml in `d:\\SEVANI\\dataconnect`\n"}}
[debug] [2026-03-31T15:16:37.599Z] E0331 22:16:37.599407   20728 watch.go:40] Failed to load config from "d:\\SEVANI\\dataconnect": could not find dataconnect.yaml in `d:\SEVANI\dataconnect`
 {"metadata":{"emulator":{"name":"dataconnect"},"message":"E0331 22:16:37.599407   20728 watch.go:40] Failed to load config from \"d:\\\\SEVANI\\\\dataconnect\": could not find dataconnect.yaml in `d:\\SEVANI\\dataconnect`\n"}}
[debug] [2026-03-31T15:16:47.599Z] E0331 22:16:47.598989   20728 watch.go:40] Failed to load config from "d:\\SEVANI\\dataconnect": could not find dataconnect.yaml in `d:\SEVANI\dataconnect`
 {"metadata":{"emulator":{"name":"dataconnect"},"message":"E0331 22:16:47.598989   20728 watch.go:40] Failed to load config from \"d:\\\\SEVANI\\\\dataconnect\": could not find dataconnect.yaml in `d:\\SEVANI\\dataconnect`\n"}}
[debug] [2026-03-31T15:16:57.598Z] E0331 22:16:57.598370   20728 watch.go:116] watchAllDir unable to walk dir `d:\SEVANI\dataconnect`: GetFileAttributesEx d:\SEVANI\dataconnect: The system cannot find the file specified.
 {"metadata":{"emulator":{"name":"dataconnect"},"message":"E0331 22:16:57.598370   20728 watch.go:116] watchAllDir unable to walk dir `d:\\SEVANI\\dataconnect`: GetFileAttributesEx d:\\SEVANI\\dataconnect: The system cannot find the file specified.\n"}}
[debug] [2026-03-31T15:16:57.599Z] E0331 22:16:57.598917   20728 watch.go:40] Failed to load config from "d:\\SEVANI\\dataconnect": could not find dataconnect.yaml in `d:\SEVANI\dataconnect`
 {"metadata":{"emulator":{"name":"dataconnect"},"message":"E0331 22:16:57.598917   20728 watch.go:40] Failed to load config from \"d:\\\\SEVANI\\\\dataconnect\": could not find dataconnect.yaml in `d:\\SEVANI\\dataconnect`\n"}}
[debug] [2026-03-31T15:17:07.599Z] E0331 22:17:07.600050   20728 watch.go:40] Failed to load config from "d:\\SEVANI\\dataconnect": could not find dataconnect.yaml in `d:\SEVANI\dataconnect`
 {"metadata":{"emulator":{"name":"dataconnect"},"message":"E0331 22:17:07.600050   20728 watch.go:40] Failed to load config from \"d:\\\\SEVANI\\\\dataconnect\": could not find dataconnect.yaml in `d:\\SEVANI\\dataconnect`\n"}}
[debug] [2026-03-31T15:17:17.599Z] E0331 22:17:17.599353   20728 watch.go:40] Failed to load config from "d:\\SEVANI\\dataconnect": could not find dataconnect.yaml in `d:\SEVANI\dataconnect`
 {"metadata":{"emulator":{"name":"dataconnect"},"message":"E0331 22:17:17.599353   20728 watch.go:40] Failed to load config from \"d:\\\\SEVANI\\\\dataconnect\": could not find dataconnect.yaml in `d:\\SEVANI\\dataconnect`\n"}}
[debug] [2026-03-31T15:17:27.598Z] E0331 22:17:27.598705   20728 watch.go:40] Failed to load config from "d:\\SEVANI\\dataconnect": could not find dataconnect.yaml in `d:\SEVANI\dataconnect`
 {"metadata":{"emulator":{"name":"dataconnect"},"message":"E0331 22:17:27.598705   20728 watch.go:40] Failed to load config from \"d:\\\\SEVANI\\\\dataconnect\": could not find dataconnect.yaml in `d:\\SEVANI\\dataconnect`\n"}}
[debug] [2026-03-31T15:17:37.601Z] E0331 22:17:37.600451   20728 watch.go:40] Failed to load config from "d:\\SEVANI\\dataconnect": could not find dataconnect.yaml in `d:\SEVANI\dataconnect`
 {"metadata":{"emulator":{"name":"dataconnect"},"message":"E0331 22:17:37.600451   20728 watch.go:40] Failed to load config from \"d:\\\\SEVANI\\\\dataconnect\": could not find dataconnect.yaml in `d:\\SEVANI\\dataconnect`\n"}}
[debug] [2026-03-31T15:17:47.599Z] E0331 22:17:47.598588   20728 watch.go:40] Failed to load config from "d:\\SEVANI\\dataconnect": could not find dataconnect.yaml in `d:\SEVANI\dataconnect`
 {"metadata":{"emulator":{"name":"dataconnect"},"message":"E0331 22:17:47.598588   20728 watch.go:40] Failed to load config from \"d:\\\\SEVANI\\\\dataconnect\": could not find dataconnect.yaml in `d:\\SEVANI\\dataconnect`\n"}}
[debug] [2026-03-31T15:17:57.600Z] E0331 22:17:57.599830   20728 watch.go:116] watchAllDir unable to walk dir `d:\SEVANI\dataconnect`: GetFileAttributesEx d:\SEVANI\dataconnect: The system cannot find the file specified.
E0331 22:17:57.599830   20728 watch.go:40] Failed to load config from "d:\\SEVANI\\dataconnect": could not find dataconnect.yaml in `d:\SEVANI\dataconnect`
 {"metadata":{"emulator":{"name":"dataconnect"},"message":"E0331 22:17:57.599830   20728 watch.go:116] watchAllDir unable to walk dir `d:\\SEVANI\\dataconnect`: GetFileAttributesEx d:\\SEVANI\\dataconnect: The system cannot find the file specified.\nE0331 22:17:57.599830   20728 watch.go:40] Failed to load config from \"d:\\\\SEVANI\\\\dataconnect\": could not find dataconnect.yaml in `d:\\SEVANI\\dataconnect`\n"}}
[debug] [2026-03-31T15:18:07.598Z] E0331 22:18:07.598491   20728 watch.go:40] Failed to load config from "d:\\SEVANI\\dataconnect": could not find dataconnect.yaml in `d:\SEVANI\dataconnect`
 {"metadata":{"emulator":{"name":"dataconnect"},"message":"E0331 22:18:07.598491   20728 watch.go:40] Failed to load config from \"d:\\\\SEVANI\\\\dataconnect\": could not find dataconnect.yaml in `d:\\SEVANI\\dataconnect`\n"}}
[debug] [2026-03-31T15:18:17.600Z] E0331 22:18:17.599517   20728 watch.go:40] Failed to load config from "d:\\SEVANI\\dataconnect": could not find dataconnect.yaml in `d:\SEVANI\dataconnect`
 {"metadata":{"emulator":{"name":"dataconnect"},"message":"E0331 22:18:17.599517   20728 watch.go:40] Failed to load config from \"d:\\\\SEVANI\\\\dataconnect\": could not find dataconnect.yaml in `d:\\SEVANI\\dataconnect`\n"}}
[debug] [2026-03-31T15:18:27.600Z] E0331 22:18:27.599879   20728 watch.go:40] Failed to load config from "d:\\SEVANI\\dataconnect": could not find dataconnect.yaml in `d:\SEVANI\dataconnect`
 {"metadata":{"emulator":{"name":"dataconnect"},"message":"E0331 22:18:27.599879   20728 watch.go:40] Failed to load config from \"d:\\\\SEVANI\\\\dataconnect\": could not find dataconnect.yaml in `d:\\SEVANI\\dataconnect`\n"}}
[debug] [2026-03-31T15:18:37.599Z] E0331 22:18:37.598914   20728 watch.go:40] Failed to load config from "d:\\SEVANI\\dataconnect": could not find dataconnect.yaml in `d:\SEVANI\dataconnect`
 {"metadata":{"emulator":{"name":"dataconnect"},"message":"E0331 22:18:37.598914   20728 watch.go:40] Failed to load config from \"d:\\\\SEVANI\\\\dataconnect\": could not find dataconnect.yaml in `d:\\SEVANI\\dataconnect`\n"}}
[debug] [2026-03-31T15:18:47.601Z] E0331 22:18:47.600752   20728 watch.go:40] Failed to load config from "d:\\SEVANI\\dataconnect": could not find dataconnect.yaml in `d:\SEVANI\dataconnect`
 {"metadata":{"emulator":{"name":"dataconnect"},"message":"E0331 22:18:47.600752   20728 watch.go:40] Failed to load config from \"d:\\\\SEVANI\\\\dataconnect\": could not find dataconnect.yaml in `d:\\SEVANI\\dataconnect`\n"}}
[debug] [2026-03-31T15:18:57.602Z] E0331 22:18:57.602153   20728 watch.go:40] Failed to load config from "d:\\SEVANI\\dataconnect": could not find dataconnect.yaml in `d:\SEVANI\dataconnect`
E0331 22:18:57.602153   20728 watch.go:116] watchAllDir unable to walk dir `d:\SEVANI\dataconnect`: GetFileAttributesEx d:\SEVANI\dataconnect: The system cannot find the file specified.
 {"metadata":{"emulator":{"name":"dataconnect"},"message":"E0331 22:18:57.602153   20728 watch.go:40] Failed to load config from \"d:\\\\SEVANI\\\\dataconnect\": could not find dataconnect.yaml in `d:\\SEVANI\\dataconnect`\nE0331 22:18:57.602153   20728 watch.go:116] watchAllDir unable to walk dir `d:\\SEVANI\\dataconnect`: GetFileAttributesEx d:\\SEVANI\\dataconnect: The system cannot find the file specified.\n"}}
[debug] [2026-03-31T15:19:07.599Z] E0331 22:19:07.599551   20728 watch.go:40] Failed to load config from "d:\\SEVANI\\dataconnect": could not find dataconnect.yaml in `d:\SEVANI\dataconnect`
 {"metadata":{"emulator":{"name":"dataconnect"},"message":"E0331 22:19:07.599551   20728 watch.go:40] Failed to load config from \"d:\\\\SEVANI\\\\dataconnect\": could not find dataconnect.yaml in `d:\\SEVANI\\dataconnect`\n"}}
[debug] [2026-03-31T15:19:17.599Z] E0331 22:19:17.598902   20728 watch.go:40] Failed to load config from "d:\\SEVANI\\dataconnect": could not find dataconnect.yaml in `d:\SEVANI\dataconnect`
 {"metadata":{"emulator":{"name":"dataconnect"},"message":"E0331 22:19:17.598902   20728 watch.go:40] Failed to load config from \"d:\\\\SEVANI\\\\dataconnect\": could not find dataconnect.yaml in `d:\\SEVANI\\dataconnect`\n"}}
[debug] [2026-03-31T15:19:27.599Z] E0331 22:19:27.598984   20728 watch.go:40] Failed to load config from "d:\\SEVANI\\dataconnect": could not find dataconnect.yaml in `d:\SEVANI\dataconnect`
 {"metadata":{"emulator":{"name":"dataconnect"},"message":"E0331 22:19:27.598984   20728 watch.go:40] Failed to load config from \"d:\\\\SEVANI\\\\dataconnect\": could not find dataconnect.yaml in `d:\\SEVANI\\dataconnect`\n"}}
[debug] [2026-03-31T15:19:37.599Z] E0331 22:19:37.598674   20728 watch.go:40] Failed to load config from "d:\\SEVANI\\dataconnect": could not find dataconnect.yaml in `d:\SEVANI\dataconnect`
 {"metadata":{"emulator":{"name":"dataconnect"},"message":"E0331 22:19:37.598674   20728 watch.go:40] Failed to load config from \"d:\\\\SEVANI\\\\dataconnect\": could not find dataconnect.yaml in `d:\\SEVANI\\dataconnect`\n"}}
[debug] [2026-03-31T15:19:47.599Z] E0331 22:19:47.598845   20728 watch.go:40] Failed to load config from "d:\\SEVANI\\dataconnect": could not find dataconnect.yaml in `d:\SEVANI\dataconnect`
 {"metadata":{"emulator":{"name":"dataconnect"},"message":"E0331 22:19:47.598845   20728 watch.go:40] Failed to load config from \"d:\\\\SEVANI\\\\dataconnect\": could not find dataconnect.yaml in `d:\\SEVANI\\dataconnect`\n"}}
[debug] [2026-03-31T15:19:57.601Z] E0331 22:19:57.600190   20728 watch.go:116] watchAllDir unable to walk dir `d:\SEVANI\dataconnect`: GetFileAttributesEx d:\SEVANI\dataconnect: The system cannot find the file specified.
 {"metadata":{"emulator":{"name":"dataconnect"},"message":"E0331 22:19:57.600190   20728 watch.go:116] watchAllDir unable to walk dir `d:\\SEVANI\\dataconnect`: GetFileAttributesEx d:\\SEVANI\\dataconnect: The system cannot find the file specified.\n"}}
[debug] [2026-03-31T15:19:57.602Z] E0331 22:19:57.601178   20728 watch.go:40] Failed to load config from "d:\\SEVANI\\dataconnect": could not find dataconnect.yaml in `d:\SEVANI\dataconnect`
 {"metadata":{"emulator":{"name":"dataconnect"},"message":"E0331 22:19:57.601178   20728 watch.go:40] Failed to load config from \"d:\\\\SEVANI\\\\dataconnect\": could not find dataconnect.yaml in `d:\\SEVANI\\dataconnect`\n"}}
[debug] [2026-03-31T15:20:07.600Z] E0331 22:20:07.599582   20728 watch.go:40] Failed to load config from "d:\\SEVANI\\dataconnect": could not find dataconnect.yaml in `d:\SEVANI\dataconnect`
 {"metadata":{"emulator":{"name":"dataconnect"},"message":"E0331 22:20:07.599582   20728 watch.go:40] Failed to load config from \"d:\\\\SEVANI\\\\dataconnect\": could not find dataconnect.yaml in `d:\\SEVANI\\dataconnect`\n"}}
[debug] [2026-03-31T15:20:17.600Z] E0331 22:20:17.599509   20728 watch.go:40] Failed to load config from "d:\\SEVANI\\dataconnect": could not find dataconnect.yaml in `d:\SEVANI\dataconnect`
 {"metadata":{"emulator":{"name":"dataconnect"},"message":"E0331 22:20:17.599509   20728 watch.go:40] Failed to load config from \"d:\\\\SEVANI\\\\dataconnect\": could not find dataconnect.yaml in `d:\\SEVANI\\dataconnect`\n"}}
[debug] [2026-03-31T15:20:27.599Z] E0331 22:20:27.598960   20728 watch.go:40] Failed to load config from "d:\\SEVANI\\dataconnect": could not find dataconnect.yaml in `d:\SEVANI\dataconnect`
 {"metadata":{"emulator":{"name":"dataconnect"},"message":"E0331 22:20:27.598960   20728 watch.go:40] Failed to load config from \"d:\\\\SEVANI\\\\dataconnect\": could not find dataconnect.yaml in `d:\\SEVANI\\dataconnect`\n"}}
[debug] [2026-03-31T15:20:37.600Z] E0331 22:20:37.600383   20728 watch.go:40] Failed to load config from "d:\\SEVANI\\dataconnect": could not find dataconnect.yaml in `d:\SEVANI\dataconnect`
 {"metadata":{"emulator":{"name":"dataconnect"},"message":"E0331 22:20:37.600383   20728 watch.go:40] Failed to load config from \"d:\\\\SEVANI\\\\dataconnect\": could not find dataconnect.yaml in `d:\\SEVANI\\dataconnect`\n"}}
[debug] [2026-03-31T15:20:47.598Z] E0331 22:20:47.599089   20728 watch.go:40] Failed to load config from "d:\\SEVANI\\dataconnect": could not find dataconnect.yaml in `d:\SEVANI\dataconnect`
 {"metadata":{"emulator":{"name":"dataconnect"},"message":"E0331 22:20:47.599089   20728 watch.go:40] Failed to load config from \"d:\\\\SEVANI\\\\dataconnect\": could not find dataconnect.yaml in `d:\\SEVANI\\dataconnect`\n"}}
[debug] [2026-03-31T15:20:57.598Z] E0331 22:20:57.598869   20728 watch.go:116] watchAllDir unable to walk dir `d:\SEVANI\dataconnect`: GetFileAttributesEx d:\SEVANI\dataconnect: The system cannot find the file specified.
 {"metadata":{"emulator":{"name":"dataconnect"},"message":"E0331 22:20:57.598869   20728 watch.go:116] watchAllDir unable to walk dir `d:\\SEVANI\\dataconnect`: GetFileAttributesEx d:\\SEVANI\\dataconnect: The system cannot find the file specified.\n"}}
[debug] [2026-03-31T15:20:57.600Z] E0331 22:20:57.598869   20728 watch.go:40] Failed to load config from "d:\\SEVANI\\dataconnect": could not find dataconnect.yaml in `d:\SEVANI\dataconnect`
 {"metadata":{"emulator":{"name":"dataconnect"},"message":"E0331 22:20:57.598869   20728 watch.go:40] Failed to load config from \"d:\\\\SEVANI\\\\dataconnect\": could not find dataconnect.yaml in `d:\\SEVANI\\dataconnect`\n"}}
[debug] [2026-03-31T15:21:07.599Z] E0331 22:21:07.600136   20728 watch.go:40] Failed to load config from "d:\\SEVANI\\dataconnect": could not find dataconnect.yaml in `d:\SEVANI\dataconnect`
 {"metadata":{"emulator":{"name":"dataconnect"},"message":"E0331 22:21:07.600136   20728 watch.go:40] Failed to load config from \"d:\\\\SEVANI\\\\dataconnect\": could not find dataconnect.yaml in `d:\\SEVANI\\dataconnect`\n"}}
[debug] [2026-03-31T15:21:17.598Z] E0331 22:21:17.598920   20728 watch.go:40] Failed to load config from "d:\\SEVANI\\dataconnect": could not find dataconnect.yaml in `d:\SEVANI\dataconnect`
 {"metadata":{"emulator":{"name":"dataconnect"},"message":"E0331 22:21:17.598920   20728 watch.go:40] Failed to load config from \"d:\\\\SEVANI\\\\dataconnect\": could not find dataconnect.yaml in `d:\\SEVANI\\dataconnect`\n"}}
[debug] [2026-03-31T15:21:27.599Z] E0331 22:21:27.598974   20728 watch.go:40] Failed to load config from "d:\\SEVANI\\dataconnect": could not find dataconnect.yaml in `d:\SEVANI\dataconnect`
 {"metadata":{"emulator":{"name":"dataconnect"},"message":"E0331 22:21:27.598974   20728 watch.go:40] Failed to load config from \"d:\\\\SEVANI\\\\dataconnect\": could not find dataconnect.yaml in `d:\\SEVANI\\dataconnect`\n"}}
[debug] [2026-03-31T15:21:37.598Z] E0331 22:21:37.598794   20728 watch.go:40] Failed to load config from "d:\\SEVANI\\dataconnect": could not find dataconnect.yaml in `d:\SEVANI\dataconnect`
 {"metadata":{"emulator":{"name":"dataconnect"},"message":"E0331 22:21:37.598794   20728 watch.go:40] Failed to load config from \"d:\\\\SEVANI\\\\dataconnect\": could not find dataconnect.yaml in `d:\\SEVANI\\dataconnect`\n"}}
[debug] [2026-03-31T15:21:47.598Z] E0331 22:21:47.598968   20728 watch.go:40] Failed to load config from "d:\\SEVANI\\dataconnect": could not find dataconnect.yaml in `d:\SEVANI\dataconnect`
 {"metadata":{"emulator":{"name":"dataconnect"},"message":"E0331 22:21:47.598968   20728 watch.go:40] Failed to load config from \"d:\\\\SEVANI\\\\dataconnect\": could not find dataconnect.yaml in `d:\\SEVANI\\dataconnect`\n"}}
[debug] [2026-03-31T15:21:57.599Z] E0331 22:21:57.599163   20728 watch.go:116] watchAllDir unable to walk dir `d:\SEVANI\dataconnect`: GetFileAttributesEx d:\SEVANI\dataconnect: The system cannot find the file specified.
E0331 22:21:57.599163   20728 watch.go:40] Failed to load config from "d:\\SEVANI\\dataconnect": could not find dataconnect.yaml in `d:\SEVANI\dataconnect`
 {"metadata":{"emulator":{"name":"dataconnect"},"message":"E0331 22:21:57.599163   20728 watch.go:116] watchAllDir unable to walk dir `d:\\SEVANI\\dataconnect`: GetFileAttributesEx d:\\SEVANI\\dataconnect: The system cannot find the file specified.\nE0331 22:21:57.599163   20728 watch.go:40] Failed to load config from \"d:\\\\SEVANI\\\\dataconnect\": could not find dataconnect.yaml in `d:\\SEVANI\\dataconnect`\n"}}
[debug] [2026-03-31T15:22:07.599Z] E0331 22:22:07.599039   20728 watch.go:40] Failed to load config from "d:\\SEVANI\\dataconnect": could not find dataconnect.yaml in `d:\SEVANI\dataconnect`
 {"metadata":{"emulator":{"name":"dataconnect"},"message":"E0331 22:22:07.599039   20728 watch.go:40] Failed to load config from \"d:\\\\SEVANI\\\\dataconnect\": could not find dataconnect.yaml in `d:\\SEVANI\\dataconnect`\n"}}
[debug] [2026-03-31T15:22:17.598Z] E0331 22:22:17.598489   20728 watch.go:40] Failed to load config from "d:\\SEVANI\\dataconnect": could not find dataconnect.yaml in `d:\SEVANI\dataconnect`
 {"metadata":{"emulator":{"name":"dataconnect"},"message":"E0331 22:22:17.598489   20728 watch.go:40] Failed to load config from \"d:\\\\SEVANI\\\\dataconnect\": could not find dataconnect.yaml in `d:\\SEVANI\\dataconnect`\n"}}
[debug] [2026-03-31T15:22:27.600Z] E0331 22:22:27.600473   20728 watch.go:40] Failed to load config from "d:\\SEVANI\\dataconnect": could not find dataconnect.yaml in `d:\SEVANI\dataconnect`
 {"metadata":{"emulator":{"name":"dataconnect"},"message":"E0331 22:22:27.600473   20728 watch.go:40] Failed to load config from \"d:\\\\SEVANI\\\\dataconnect\": could not find dataconnect.yaml in `d:\\SEVANI\\dataconnect`\n"}}
[debug] [2026-03-31T15:22:37.600Z] E0331 22:22:37.599509   20728 watch.go:40] Failed to load config from "d:\\SEVANI\\dataconnect": could not find dataconnect.yaml in `d:\SEVANI\dataconnect`
 {"metadata":{"emulator":{"name":"dataconnect"},"message":"E0331 22:22:37.599509   20728 watch.go:40] Failed to load config from \"d:\\\\SEVANI\\\\dataconnect\": could not find dataconnect.yaml in `d:\\SEVANI\\dataconnect`\n"}}
[debug] [2026-03-31T15:22:47.599Z] E0331 22:22:47.599105   20728 watch.go:40] Failed to load config from "d:\\SEVANI\\dataconnect": could not find dataconnect.yaml in `d:\SEVANI\dataconnect`
 {"metadata":{"emulator":{"name":"dataconnect"},"message":"E0331 22:22:47.599105   20728 watch.go:40] Failed to load config from \"d:\\\\SEVANI\\\\dataconnect\": could not find dataconnect.yaml in `d:\\SEVANI\\dataconnect`\n"}}
[debug] [2026-03-31T15:22:57.598Z] E0331 22:22:57.598562   20728 watch.go:116] watchAllDir unable to walk dir `d:\SEVANI\dataconnect`: GetFileAttributesEx d:\SEVANI\dataconnect: The system cannot find the file specified.
 {"metadata":{"emulator":{"name":"dataconnect"},"message":"E0331 22:22:57.598562   20728 watch.go:116] watchAllDir unable to walk dir `d:\\SEVANI\\dataconnect`: GetFileAttributesEx d:\\SEVANI\\dataconnect: The system cannot find the file specified.\n"}}
[debug] [2026-03-31T15:22:57.599Z] E0331 22:22:57.599078   20728 watch.go:40] Failed to load config from "d:\\SEVANI\\dataconnect": could not find dataconnect.yaml in `d:\SEVANI\dataconnect`
 {"metadata":{"emulator":{"name":"dataconnect"},"message":"E0331 22:22:57.599078   20728 watch.go:40] Failed to load config from \"d:\\\\SEVANI\\\\dataconnect\": could not find dataconnect.yaml in `d:\\SEVANI\\dataconnect`\n"}}
[debug] [2026-03-31T15:23:07.600Z] E0331 22:23:07.599601   20728 watch.go:40] Failed to load config from "d:\\SEVANI\\dataconnect": could not find dataconnect.yaml in `d:\SEVANI\dataconnect`
 {"metadata":{"emulator":{"name":"dataconnect"},"message":"E0331 22:23:07.599601   20728 watch.go:40] Failed to load config from \"d:\\\\SEVANI\\\\dataconnect\": could not find dataconnect.yaml in `d:\\SEVANI\\dataconnect`\n"}}
[debug] [2026-03-31T15:23:17.599Z] E0331 22:23:17.599162   20728 watch.go:40] Failed to load config from "d:\\SEVANI\\dataconnect": could not find dataconnect.yaml in `d:\SEVANI\dataconnect`
 {"metadata":{"emulator":{"name":"dataconnect"},"message":"E0331 22:23:17.599162   20728 watch.go:40] Failed to load config from \"d:\\\\SEVANI\\\\dataconnect\": could not find dataconnect.yaml in `d:\\SEVANI\\dataconnect`\n"}}
[debug] [2026-03-31T15:23:27.599Z] E0331 22:23:27.598915   20728 watch.go:40] Failed to load config from "d:\\SEVANI\\dataconnect": could not find dataconnect.yaml in `d:\SEVANI\dataconnect`
 {"metadata":{"emulator":{"name":"dataconnect"},"message":"E0331 22:23:27.598915   20728 watch.go:40] Failed to load config from \"d:\\\\SEVANI\\\\dataconnect\": could not find dataconnect.yaml in `d:\\SEVANI\\dataconnect`\n"}}
[debug] [2026-03-31T15:23:37.599Z] E0331 22:23:37.598774   20728 watch.go:40] Failed to load config from "d:\\SEVANI\\dataconnect": could not find dataconnect.yaml in `d:\SEVANI\dataconnect`
 {"metadata":{"emulator":{"name":"dataconnect"},"message":"E0331 22:23:37.598774   20728 watch.go:40] Failed to load config from \"d:\\\\SEVANI\\\\dataconnect\": could not find dataconnect.yaml in `d:\\SEVANI\\dataconnect`\n"}}
[debug] [2026-03-31T15:23:47.599Z] E0331 22:23:47.599044   20728 watch.go:40] Failed to load config from "d:\\SEVANI\\dataconnect": could not find dataconnect.yaml in `d:\SEVANI\dataconnect`
 {"metadata":{"emulator":{"name":"dataconnect"},"message":"E0331 22:23:47.599044   20728 watch.go:40] Failed to load config from \"d:\\\\SEVANI\\\\dataconnect\": could not find dataconnect.yaml in `d:\\SEVANI\\dataconnect`\n"}}
[debug] [2026-03-31T15:23:57.598Z] E0331 22:23:57.598412   20728 watch.go:116] watchAllDir unable to walk dir `d:\SEVANI\dataconnect`: GetFileAttributesEx d:\SEVANI\dataconnect: The system cannot find the file specified.
E0331 22:23:57.598412   20728 watch.go:40] Failed to load config from "d:\\SEVANI\\dataconnect": could not find dataconnect.yaml in `d:\SEVANI\dataconnect`
 {"metadata":{"emulator":{"name":"dataconnect"},"message":"E0331 22:23:57.598412   20728 watch.go:116] watchAllDir unable to walk dir `d:\\SEVANI\\dataconnect`: GetFileAttributesEx d:\\SEVANI\\dataconnect: The system cannot find the file specified.\nE0331 22:23:57.598412   20728 watch.go:40] Failed to load config from \"d:\\\\SEVANI\\\\dataconnect\": could not find dataconnect.yaml in `d:\\SEVANI\\dataconnect`\n"}}
[debug] [2026-03-31T15:24:07.599Z] E0331 22:24:07.599201   20728 watch.go:40] Failed to load config from "d:\\SEVANI\\dataconnect": could not find dataconnect.yaml in `d:\SEVANI\dataconnect`
 {"metadata":{"emulator":{"name":"dataconnect"},"message":"E0331 22:24:07.599201   20728 watch.go:40] Failed to load config from \"d:\\\\SEVANI\\\\dataconnect\": could not find dataconnect.yaml in `d:\\SEVANI\\dataconnect`\n"}}
[debug] [2026-03-31T15:24:17.599Z] E0331 22:24:17.599208   20728 watch.go:40] Failed to load config from "d:\\SEVANI\\dataconnect": could not find dataconnect.yaml in `d:\SEVANI\dataconnect`
 {"metadata":{"emulator":{"name":"dataconnect"},"message":"E0331 22:24:17.599208   20728 watch.go:40] Failed to load config from \"d:\\\\SEVANI\\\\dataconnect\": could not find dataconnect.yaml in `d:\\SEVANI\\dataconnect`\n"}}
[debug] [2026-03-31T15:24:27.599Z] E0331 22:24:27.599435   20728 watch.go:40] Failed to load config from "d:\\SEVANI\\dataconnect": could not find dataconnect.yaml in `d:\SEVANI\dataconnect`
 {"metadata":{"emulator":{"name":"dataconnect"},"message":"E0331 22:24:27.599435   20728 watch.go:40] Failed to load config from \"d:\\\\SEVANI\\\\dataconnect\": could not find dataconnect.yaml in `d:\\SEVANI\\dataconnect`\n"}}
[debug] [2026-03-31T15:24:37.599Z] E0331 22:24:37.599117   20728 watch.go:40] Failed to load config from "d:\\SEVANI\\dataconnect": could not find dataconnect.yaml in `d:\SEVANI\dataconnect`
 {"metadata":{"emulator":{"name":"dataconnect"},"message":"E0331 22:24:37.599117   20728 watch.go:40] Failed to load config from \"d:\\\\SEVANI\\\\dataconnect\": could not find dataconnect.yaml in `d:\\SEVANI\\dataconnect`\n"}}
[debug] [2026-03-31T15:24:47.598Z] E0331 22:24:47.598756   20728 watch.go:40] Failed to load config from "d:\\SEVANI\\dataconnect": could not find dataconnect.yaml in `d:\SEVANI\dataconnect`
 {"metadata":{"emulator":{"name":"dataconnect"},"message":"E0331 22:24:47.598756   20728 watch.go:40] Failed to load config from \"d:\\\\SEVANI\\\\dataconnect\": could not find dataconnect.yaml in `d:\\SEVANI\\dataconnect`\n"}}
[debug] [2026-03-31T15:24:57.599Z] E0331 22:24:57.598838   20728 watch.go:116] watchAllDir unable to walk dir `d:\SEVANI\dataconnect`: GetFileAttributesEx d:\SEVANI\dataconnect: The system cannot find the file specified.
E0331 22:24:57.598838   20728 watch.go:40] Failed to load config from "d:\\SEVANI\\dataconnect": could not find dataconnect.yaml in `d:\SEVANI\dataconnect`
 {"metadata":{"emulator":{"name":"dataconnect"},"message":"E0331 22:24:57.598838   20728 watch.go:116] watchAllDir unable to walk dir `d:\\SEVANI\\dataconnect`: GetFileAttributesEx d:\\SEVANI\\dataconnect: The system cannot find the file specified.\nE0331 22:24:57.598838   20728 watch.go:40] Failed to load config from \"d:\\\\SEVANI\\\\dataconnect\": could not find dataconnect.yaml in `d:\\SEVANI\\dataconnect`\n"}}
[debug] [2026-03-31T15:25:07.599Z] E0331 22:25:07.598459   20728 watch.go:40] Failed to load config from "d:\\SEVANI\\dataconnect": could not find dataconnect.yaml in `d:\SEVANI\dataconnect`
 {"metadata":{"emulator":{"name":"dataconnect"},"message":"E0331 22:25:07.598459   20728 watch.go:40] Failed to load config from \"d:\\\\SEVANI\\\\dataconnect\": could not find dataconnect.yaml in `d:\\SEVANI\\dataconnect`\n"}}
[debug] [2026-03-31T15:25:17.599Z] E0331 22:25:17.599388   20728 watch.go:40] Failed to load config from "d:\\SEVANI\\dataconnect": could not find dataconnect.yaml in `d:\SEVANI\dataconnect`
 {"metadata":{"emulator":{"name":"dataconnect"},"message":"E0331 22:25:17.599388   20728 watch.go:40] Failed to load config from \"d:\\\\SEVANI\\\\dataconnect\": could not find dataconnect.yaml in `d:\\SEVANI\\dataconnect`\n"}}
[debug] [2026-03-31T15:25:27.599Z] E0331 22:25:27.598864   20728 watch.go:40] Failed to load config from "d:\\SEVANI\\dataconnect": could not find dataconnect.yaml in `d:\SEVANI\dataconnect`
 {"metadata":{"emulator":{"name":"dataconnect"},"message":"E0331 22:25:27.598864   20728 watch.go:40] Failed to load config from \"d:\\\\SEVANI\\\\dataconnect\": could not find dataconnect.yaml in `d:\\SEVANI\\dataconnect`\n"}}
[debug] [2026-03-31T15:25:37.599Z] E0331 22:25:37.599057   20728 watch.go:40] Failed to load config from "d:\\SEVANI\\dataconnect": could not find dataconnect.yaml in `d:\SEVANI\dataconnect`
 {"metadata":{"emulator":{"name":"dataconnect"},"message":"E0331 22:25:37.599057   20728 watch.go:40] Failed to load config from \"d:\\\\SEVANI\\\\dataconnect\": could not find dataconnect.yaml in `d:\\SEVANI\\dataconnect`\n"}}
[debug] [2026-03-31T15:25:47.600Z] E0331 22:25:47.599574   20728 watch.go:40] Failed to load config from "d:\\SEVANI\\dataconnect": could not find dataconnect.yaml in `d:\SEVANI\dataconnect`
 {"metadata":{"emulator":{"name":"dataconnect"},"message":"E0331 22:25:47.599574   20728 watch.go:40] Failed to load config from \"d:\\\\SEVANI\\\\dataconnect\": could not find dataconnect.yaml in `d:\\SEVANI\\dataconnect`\n"}}
[debug] [2026-03-31T15:25:57.600Z] E0331 22:25:57.598903   20728 watch.go:40] Failed to load config from "d:\\SEVANI\\dataconnect": could not find dataconnect.yaml in `d:\SEVANI\dataconnect`
E0331 22:25:57.598903   20728 watch.go:116] watchAllDir unable to walk dir `d:\SEVANI\dataconnect`: GetFileAttributesEx d:\SEVANI\dataconnect: The system cannot find the file specified.
 {"metadata":{"emulator":{"name":"dataconnect"},"message":"E0331 22:25:57.598903   20728 watch.go:40] Failed to load config from \"d:\\\\SEVANI\\\\dataconnect\": could not find dataconnect.yaml in `d:\\SEVANI\\dataconnect`\nE0331 22:25:57.598903   20728 watch.go:116] watchAllDir unable to walk dir `d:\\SEVANI\\dataconnect`: GetFileAttributesEx d:\\SEVANI\\dataconnect: The system cannot find the file specified.\n"}}
[debug] [2026-03-31T15:26:07.602Z] E0331 22:26:07.600725   20728 watch.go:40] Failed to load config from "d:\\SEVANI\\dataconnect": could not find dataconnect.yaml in `d:\SEVANI\dataconnect`
 {"metadata":{"emulator":{"name":"dataconnect"},"message":"E0331 22:26:07.600725   20728 watch.go:40] Failed to load config from \"d:\\\\SEVANI\\\\dataconnect\": could not find dataconnect.yaml in `d:\\SEVANI\\dataconnect`\n"}}
[debug] [2026-03-31T15:26:17.601Z] E0331 22:26:17.600864   20728 watch.go:40] Failed to load config from "d:\\SEVANI\\dataconnect": could not find dataconnect.yaml in `d:\SEVANI\dataconnect`
 {"metadata":{"emulator":{"name":"dataconnect"},"message":"E0331 22:26:17.600864   20728 watch.go:40] Failed to load config from \"d:\\\\SEVANI\\\\dataconnect\": could not find dataconnect.yaml in `d:\\SEVANI\\dataconnect`\n"}}
[debug] [2026-03-31T15:26:27.600Z] E0331 22:26:27.599582   20728 watch.go:40] Failed to load config from "d:\\SEVANI\\dataconnect": could not find dataconnect.yaml in `d:\SEVANI\dataconnect`
 {"metadata":{"emulator":{"name":"dataconnect"},"message":"E0331 22:26:27.599582   20728 watch.go:40] Failed to load config from \"d:\\\\SEVANI\\\\dataconnect\": could not find dataconnect.yaml in `d:\\SEVANI\\dataconnect`\n"}}
[debug] [2026-03-31T15:26:37.599Z] E0331 22:26:37.599182   20728 watch.go:40] Failed to load config from "d:\\SEVANI\\dataconnect": could not find dataconnect.yaml in `d:\SEVANI\dataconnect`
 {"metadata":{"emulator":{"name":"dataconnect"},"message":"E0331 22:26:37.599182   20728 watch.go:40] Failed to load config from \"d:\\\\SEVANI\\\\dataconnect\": could not find dataconnect.yaml in `d:\\SEVANI\\dataconnect`\n"}}
[debug] [2026-03-31T15:26:47.600Z] E0331 22:26:47.599245   20728 watch.go:40] Failed to load config from "d:\\SEVANI\\dataconnect": could not find dataconnect.yaml in `d:\SEVANI\dataconnect`
 {"metadata":{"emulator":{"name":"dataconnect"},"message":"E0331 22:26:47.599245   20728 watch.go:40] Failed to load config from \"d:\\\\SEVANI\\\\dataconnect\": could not find dataconnect.yaml in `d:\\SEVANI\\dataconnect`\n"}}
[debug] [2026-03-31T15:26:57.598Z] E0331 22:26:57.598553   20728 watch.go:116] watchAllDir unable to walk dir `d:\SEVANI\dataconnect`: GetFileAttributesEx d:\SEVANI\dataconnect: The system cannot find the file specified.
E0331 22:26:57.598553   20728 watch.go:40] Failed to load config from "d:\\SEVANI\\dataconnect": could not find dataconnect.yaml in `d:\SEVANI\dataconnect`
 {"metadata":{"emulator":{"name":"dataconnect"},"message":"E0331 22:26:57.598553   20728 watch.go:116] watchAllDir unable to walk dir `d:\\SEVANI\\dataconnect`: GetFileAttributesEx d:\\SEVANI\\dataconnect: The system cannot find the file specified.\nE0331 22:26:57.598553   20728 watch.go:40] Failed to load config from \"d:\\\\SEVANI\\\\dataconnect\": could not find dataconnect.yaml in `d:\\SEVANI\\dataconnect`\n"}}
[debug] [2026-03-31T15:27:07.598Z] E0331 22:27:07.598459   20728 watch.go:40] Failed to load config from "d:\\SEVANI\\dataconnect": could not find dataconnect.yaml in `d:\SEVANI\dataconnect`
 {"metadata":{"emulator":{"name":"dataconnect"},"message":"E0331 22:27:07.598459   20728 watch.go:40] Failed to load config from \"d:\\\\SEVANI\\\\dataconnect\": could not find dataconnect.yaml in `d:\\SEVANI\\dataconnect`\n"}}
[debug] [2026-03-31T15:27:17.599Z] E0331 22:27:17.599038   20728 watch.go:40] Failed to load config from "d:\\SEVANI\\dataconnect": could not find dataconnect.yaml in `d:\SEVANI\dataconnect`
 {"metadata":{"emulator":{"name":"dataconnect"},"message":"E0331 22:27:17.599038   20728 watch.go:40] Failed to load config from \"d:\\\\SEVANI\\\\dataconnect\": could not find dataconnect.yaml in `d:\\SEVANI\\dataconnect`\n"}}
[debug] [2026-03-31T15:27:27.600Z] E0331 22:27:27.599833   20728 watch.go:40] Failed to load config from "d:\\SEVANI\\dataconnect": could not find dataconnect.yaml in `d:\SEVANI\dataconnect`
 {"metadata":{"emulator":{"name":"dataconnect"},"message":"E0331 22:27:27.599833   20728 watch.go:40] Failed to load config from \"d:\\\\SEVANI\\\\dataconnect\": could not find dataconnect.yaml in `d:\\SEVANI\\dataconnect`\n"}}
[debug] [2026-03-31T15:27:37.600Z] E0331 22:27:37.600662   20728 watch.go:40] Failed to load config from "d:\\SEVANI\\dataconnect": could not find dataconnect.yaml in `d:\SEVANI\dataconnect`
 {"metadata":{"emulator":{"name":"dataconnect"},"message":"E0331 22:27:37.600662   20728 watch.go:40] Failed to load config from \"d:\\\\SEVANI\\\\dataconnect\": could not find dataconnect.yaml in `d:\\SEVANI\\dataconnect`\n"}}
[debug] [2026-03-31T15:27:47.599Z] E0331 22:27:47.598453   20728 watch.go:40] Failed to load config from "d:\\SEVANI\\dataconnect": could not find dataconnect.yaml in `d:\SEVANI\dataconnect`
 {"metadata":{"emulator":{"name":"dataconnect"},"message":"E0331 22:27:47.598453   20728 watch.go:40] Failed to load config from \"d:\\\\SEVANI\\\\dataconnect\": could not find dataconnect.yaml in `d:\\SEVANI\\dataconnect`\n"}}
[debug] [2026-03-31T15:27:57.599Z] E0331 22:27:57.598633   20728 watch.go:116] watchAllDir unable to walk dir `d:\SEVANI\dataconnect`: GetFileAttributesEx d:\SEVANI\dataconnect: The system cannot find the file specified.
 {"metadata":{"emulator":{"name":"dataconnect"},"message":"E0331 22:27:57.598633   20728 watch.go:116] watchAllDir unable to walk dir `d:\\SEVANI\\dataconnect`: GetFileAttributesEx d:\\SEVANI\\dataconnect: The system cannot find the file specified.\n"}}
[debug] [2026-03-31T15:27:57.600Z] E0331 22:27:57.599629   20728 watch.go:40] Failed to load config from "d:\\SEVANI\\dataconnect": could not find dataconnect.yaml in `d:\SEVANI\dataconnect`
 {"metadata":{"emulator":{"name":"dataconnect"},"message":"E0331 22:27:57.599629   20728 watch.go:40] Failed to load config from \"d:\\\\SEVANI\\\\dataconnect\": could not find dataconnect.yaml in `d:\\SEVANI\\dataconnect`\n"}}
[debug] [2026-03-31T15:28:07.599Z] E0331 22:28:07.599108   20728 watch.go:40] Failed to load config from "d:\\SEVANI\\dataconnect": could not find dataconnect.yaml in `d:\SEVANI\dataconnect`
 {"metadata":{"emulator":{"name":"dataconnect"},"message":"E0331 22:28:07.599108   20728 watch.go:40] Failed to load config from \"d:\\\\SEVANI\\\\dataconnect\": could not find dataconnect.yaml in `d:\\SEVANI\\dataconnect`\n"}}
[debug] [2026-03-31T15:28:17.599Z] E0331 22:28:17.599255   20728 watch.go:40] Failed to load config from "d:\\SEVANI\\dataconnect": could not find dataconnect.yaml in `d:\SEVANI\dataconnect`
 {"metadata":{"emulator":{"name":"dataconnect"},"message":"E0331 22:28:17.599255   20728 watch.go:40] Failed to load config from \"d:\\\\SEVANI\\\\dataconnect\": could not find dataconnect.yaml in `d:\\SEVANI\\dataconnect`\n"}}
[debug] [2026-03-31T15:28:27.600Z] E0331 22:28:27.600383   20728 watch.go:40] Failed to load config from "d:\\SEVANI\\dataconnect": could not find dataconnect.yaml in `d:\SEVANI\dataconnect`
 {"metadata":{"emulator":{"name":"dataconnect"},"message":"E0331 22:28:27.600383   20728 watch.go:40] Failed to load config from \"d:\\\\SEVANI\\\\dataconnect\": could not find dataconnect.yaml in `d:\\SEVANI\\dataconnect`\n"}}
[debug] [2026-03-31T15:28:37.599Z] E0331 22:28:37.599827   20728 watch.go:40] Failed to load config from "d:\\SEVANI\\dataconnect": could not find dataconnect.yaml in `d:\SEVANI\dataconnect`
 {"metadata":{"emulator":{"name":"dataconnect"},"message":"E0331 22:28:37.599827   20728 watch.go:40] Failed to load config from \"d:\\\\SEVANI\\\\dataconnect\": could not find dataconnect.yaml in `d:\\SEVANI\\dataconnect`\n"}}
[debug] [2026-03-31T15:28:47.600Z] E0331 22:28:47.600587   20728 watch.go:40] Failed to load config from "d:\\SEVANI\\dataconnect": could not find dataconnect.yaml in `d:\SEVANI\dataconnect`
 {"metadata":{"emulator":{"name":"dataconnect"},"message":"E0331 22:28:47.600587   20728 watch.go:40] Failed to load config from \"d:\\\\SEVANI\\\\dataconnect\": could not find dataconnect.yaml in `d:\\SEVANI\\dataconnect`\n"}}
[debug] [2026-03-31T15:28:57.599Z] E0331 22:28:57.598909   20728 watch.go:116] watchAllDir unable to walk dir `d:\SEVANI\dataconnect`: GetFileAttributesEx d:\SEVANI\dataconnect: The system cannot find the file specified.
E0331 22:28:57.598909   20728 watch.go:40] Failed to load config from "d:\\SEVANI\\dataconnect": could not find dataconnect.yaml in `d:\SEVANI\dataconnect`
 {"metadata":{"emulator":{"name":"dataconnect"},"message":"E0331 22:28:57.598909   20728 watch.go:116] watchAllDir unable to walk dir `d:\\SEVANI\\dataconnect`: GetFileAttributesEx d:\\SEVANI\\dataconnect: The system cannot find the file specified.\nE0331 22:28:57.598909   20728 watch.go:40] Failed to load config from \"d:\\\\SEVANI\\\\dataconnect\": could not find dataconnect.yaml in `d:\\SEVANI\\dataconnect`\n"}}
[debug] [2026-03-31T15:29:07.599Z] E0331 22:29:07.600073   20728 watch.go:40] Failed to load config from "d:\\SEVANI\\dataconnect": could not find dataconnect.yaml in `d:\SEVANI\dataconnect`
 {"metadata":{"emulator":{"name":"dataconnect"},"message":"E0331 22:29:07.600073   20728 watch.go:40] Failed to load config from \"d:\\\\SEVANI\\\\dataconnect\": could not find dataconnect.yaml in `d:\\SEVANI\\dataconnect`\n"}}
[debug] [2026-03-31T15:29:17.601Z] E0331 22:29:17.600916   20728 watch.go:40] Failed to load config from "d:\\SEVANI\\dataconnect": could not find dataconnect.yaml in `d:\SEVANI\dataconnect`
 {"metadata":{"emulator":{"name":"dataconnect"},"message":"E0331 22:29:17.600916   20728 watch.go:40] Failed to load config from \"d:\\\\SEVANI\\\\dataconnect\": could not find dataconnect.yaml in `d:\\SEVANI\\dataconnect`\n"}}
[debug] [2026-03-31T15:29:27.599Z] E0331 22:29:27.599707   20728 watch.go:40] Failed to load config from "d:\\SEVANI\\dataconnect": could not find dataconnect.yaml in `d:\SEVANI\dataconnect`
 {"metadata":{"emulator":{"name":"dataconnect"},"message":"E0331 22:29:27.599707   20728 watch.go:40] Failed to load config from \"d:\\\\SEVANI\\\\dataconnect\": could not find dataconnect.yaml in `d:\\SEVANI\\dataconnect`\n"}}
[debug] [2026-03-31T15:29:37.599Z] E0331 22:29:37.599594   20728 watch.go:40] Failed to load config from "d:\\SEVANI\\dataconnect": could not find dataconnect.yaml in `d:\SEVANI\dataconnect`
 {"metadata":{"emulator":{"name":"dataconnect"},"message":"E0331 22:29:37.599594   20728 watch.go:40] Failed to load config from \"d:\\\\SEVANI\\\\dataconnect\": could not find dataconnect.yaml in `d:\\SEVANI\\dataconnect`\n"}}
[debug] [2026-03-31T15:29:47.599Z] E0331 22:29:47.598572   20728 watch.go:40] Failed to load config from "d:\\SEVANI\\dataconnect": could not find dataconnect.yaml in `d:\SEVANI\dataconnect`
 {"metadata":{"emulator":{"name":"dataconnect"},"message":"E0331 22:29:47.598572   20728 watch.go:40] Failed to load config from \"d:\\\\SEVANI\\\\dataconnect\": could not find dataconnect.yaml in `d:\\SEVANI\\dataconnect`\n"}}
[debug] [2026-03-31T15:29:57.598Z] E0331 22:29:57.598683   20728 watch.go:116] watchAllDir unable to walk dir `d:\SEVANI\dataconnect`: GetFileAttributesEx d:\SEVANI\dataconnect: The system cannot find the file specified.
E0331 22:29:57.598683   20728 watch.go:40] Failed to load config from "d:\\SEVANI\\dataconnect": could not find dataconnect.yaml in `d:\SEVANI\dataconnect`
 {"metadata":{"emulator":{"name":"dataconnect"},"message":"E0331 22:29:57.598683   20728 watch.go:116] watchAllDir unable to walk dir `d:\\SEVANI\\dataconnect`: GetFileAttributesEx d:\\SEVANI\\dataconnect: The system cannot find the file specified.\nE0331 22:29:57.598683   20728 watch.go:40] Failed to load config from \"d:\\\\SEVANI\\\\dataconnect\": could not find dataconnect.yaml in `d:\\SEVANI\\dataconnect`\n"}}
[debug] [2026-03-31T15:30:07.599Z] E0331 22:30:07.599412   20728 watch.go:40] Failed to load config from "d:\\SEVANI\\dataconnect": could not find dataconnect.yaml in `d:\SEVANI\dataconnect`
 {"metadata":{"emulator":{"name":"dataconnect"},"message":"E0331 22:30:07.599412   20728 watch.go:40] Failed to load config from \"d:\\\\SEVANI\\\\dataconnect\": could not find dataconnect.yaml in `d:\\SEVANI\\dataconnect`\n"}}
[debug] [2026-03-31T15:30:17.598Z] E0331 22:30:17.598868   20728 watch.go:40] Failed to load config from "d:\\SEVANI\\dataconnect": could not find dataconnect.yaml in `d:\SEVANI\dataconnect`
 {"metadata":{"emulator":{"name":"dataconnect"},"message":"E0331 22:30:17.598868   20728 watch.go:40] Failed to load config from \"d:\\\\SEVANI\\\\dataconnect\": could not find dataconnect.yaml in `d:\\SEVANI\\dataconnect`\n"}}
[debug] [2026-03-31T15:30:27.598Z] E0331 22:30:27.598418   20728 watch.go:40] Failed to load config from "d:\\SEVANI\\dataconnect": could not find dataconnect.yaml in `d:\SEVANI\dataconnect`
 {"metadata":{"emulator":{"name":"dataconnect"},"message":"E0331 22:30:27.598418   20728 watch.go:40] Failed to load config from \"d:\\\\SEVANI\\\\dataconnect\": could not find dataconnect.yaml in `d:\\SEVANI\\dataconnect`\n"}}
[debug] [2026-03-31T15:30:37.598Z] E0331 22:30:37.598869   20728 watch.go:40] Failed to load config from "d:\\SEVANI\\dataconnect": could not find dataconnect.yaml in `d:\SEVANI\dataconnect`
 {"metadata":{"emulator":{"name":"dataconnect"},"message":"E0331 22:30:37.598869   20728 watch.go:40] Failed to load config from \"d:\\\\SEVANI\\\\dataconnect\": could not find dataconnect.yaml in `d:\\SEVANI\\dataconnect`\n"}}
[debug] [2026-03-31T15:30:47.598Z] E0331 22:30:47.598640   20728 watch.go:40] Failed to load config from "d:\\SEVANI\\dataconnect": could not find dataconnect.yaml in `d:\SEVANI\dataconnect`
 {"metadata":{"emulator":{"name":"dataconnect"},"message":"E0331 22:30:47.598640   20728 watch.go:40] Failed to load config from \"d:\\\\SEVANI\\\\dataconnect\": could not find dataconnect.yaml in `d:\\SEVANI\\dataconnect`\n"}}
[debug] [2026-03-31T15:30:57.599Z] E0331 22:30:57.598871   20728 watch.go:116] watchAllDir unable to walk dir `d:\SEVANI\dataconnect`: GetFileAttributesEx d:\SEVANI\dataconnect: The system cannot find the file specified.
E0331 22:30:57.598871   20728 watch.go:40] Failed to load config from "d:\\SEVANI\\dataconnect": could not find dataconnect.yaml in `d:\SEVANI\dataconnect`
 {"metadata":{"emulator":{"name":"dataconnect"},"message":"E0331 22:30:57.598871   20728 watch.go:116] watchAllDir unable to walk dir `d:\\SEVANI\\dataconnect`: GetFileAttributesEx d:\\SEVANI\\dataconnect: The system cannot find the file specified.\nE0331 22:30:57.598871   20728 watch.go:40] Failed to load config from \"d:\\\\SEVANI\\\\dataconnect\": could not find dataconnect.yaml in `d:\\SEVANI\\dataconnect`\n"}}
[debug] [2026-03-31T15:31:07.599Z] E0331 22:31:07.598547   20728 watch.go:40] Failed to load config from "d:\\SEVANI\\dataconnect": could not find dataconnect.yaml in `d:\SEVANI\dataconnect`
 {"metadata":{"emulator":{"name":"dataconnect"},"message":"E0331 22:31:07.598547   20728 watch.go:40] Failed to load config from \"d:\\\\SEVANI\\\\dataconnect\": could not find dataconnect.yaml in `d:\\SEVANI\\dataconnect`\n"}}
[debug] [2026-03-31T15:31:17.600Z] E0331 22:31:17.600485   20728 watch.go:40] Failed to load config from "d:\\SEVANI\\dataconnect": could not find dataconnect.yaml in `d:\SEVANI\dataconnect`
 {"metadata":{"emulator":{"name":"dataconnect"},"message":"E0331 22:31:17.600485   20728 watch.go:40] Failed to load config from \"d:\\\\SEVANI\\\\dataconnect\": could not find dataconnect.yaml in `d:\\SEVANI\\dataconnect`\n"}}
[debug] [2026-03-31T15:31:27.599Z] E0331 22:31:27.598835   20728 watch.go:40] Failed to load config from "d:\\SEVANI\\dataconnect": could not find dataconnect.yaml in `d:\SEVANI\dataconnect`
 {"metadata":{"emulator":{"name":"dataconnect"},"message":"E0331 22:31:27.598835   20728 watch.go:40] Failed to load config from \"d:\\\\SEVANI\\\\dataconnect\": could not find dataconnect.yaml in `d:\\SEVANI\\dataconnect`\n"}}
[debug] [2026-03-31T15:31:37.600Z] E0331 22:31:37.599243   20728 watch.go:40] Failed to load config from "d:\\SEVANI\\dataconnect": could not find dataconnect.yaml in `d:\SEVANI\dataconnect`
 {"metadata":{"emulator":{"name":"dataconnect"},"message":"E0331 22:31:37.599243   20728 watch.go:40] Failed to load config from \"d:\\\\SEVANI\\\\dataconnect\": could not find dataconnect.yaml in `d:\\SEVANI\\dataconnect`\n"}}
[debug] [2026-03-31T15:31:47.598Z] E0331 22:31:47.598456   20728 watch.go:40] Failed to load config from "d:\\SEVANI\\dataconnect": could not find dataconnect.yaml in `d:\SEVANI\dataconnect`
 {"metadata":{"emulator":{"name":"dataconnect"},"message":"E0331 22:31:47.598456   20728 watch.go:40] Failed to load config from \"d:\\\\SEVANI\\\\dataconnect\": could not find dataconnect.yaml in `d:\\SEVANI\\dataconnect`\n"}}
[debug] [2026-03-31T15:31:57.598Z] E0331 22:31:57.598743   20728 watch.go:116] watchAllDir unable to walk dir `d:\SEVANI\dataconnect`: GetFileAttributesEx d:\SEVANI\dataconnect: The system cannot find the file specified.
E0331 22:31:57.598743   20728 watch.go:40] Failed to load config from "d:\\SEVANI\\dataconnect": could not find dataconnect.yaml in `d:\SEVANI\dataconnect`
 {"metadata":{"emulator":{"name":"dataconnect"},"message":"E0331 22:31:57.598743   20728 watch.go:116] watchAllDir unable to walk dir `d:\\SEVANI\\dataconnect`: GetFileAttributesEx d:\\SEVANI\\dataconnect: The system cannot find the file specified.\nE0331 22:31:57.598743   20728 watch.go:40] Failed to load config from \"d:\\\\SEVANI\\\\dataconnect\": could not find dataconnect.yaml in `d:\\SEVANI\\dataconnect`\n"}}
[debug] [2026-03-31T15:32:07.599Z] E0331 22:32:07.598862   20728 watch.go:40] Failed to load config from "d:\\SEVANI\\dataconnect": could not find dataconnect.yaml in `d:\SEVANI\dataconnect`
 {"metadata":{"emulator":{"name":"dataconnect"},"message":"E0331 22:32:07.598862   20728 watch.go:40] Failed to load config from \"d:\\\\SEVANI\\\\dataconnect\": could not find dataconnect.yaml in `d:\\SEVANI\\dataconnect`\n"}}
[debug] [2026-03-31T15:32:17.600Z] E0331 22:32:17.599869   20728 watch.go:40] Failed to load config from "d:\\SEVANI\\dataconnect": could not find dataconnect.yaml in `d:\SEVANI\dataconnect`
 {"metadata":{"emulator":{"name":"dataconnect"},"message":"E0331 22:32:17.599869   20728 watch.go:40] Failed to load config from \"d:\\\\SEVANI\\\\dataconnect\": could not find dataconnect.yaml in `d:\\SEVANI\\dataconnect`\n"}}
[debug] [2026-03-31T15:32:27.600Z] E0331 22:32:27.600040   20728 watch.go:40] Failed to load config from "d:\\SEVANI\\dataconnect": could not find dataconnect.yaml in `d:\SEVANI\dataconnect`
 {"metadata":{"emulator":{"name":"dataconnect"},"message":"E0331 22:32:27.600040   20728 watch.go:40] Failed to load config from \"d:\\\\SEVANI\\\\dataconnect\": could not find dataconnect.yaml in `d:\\SEVANI\\dataconnect`\n"}}
[debug] [2026-03-31T15:32:37.601Z] E0331 22:32:37.600826   20728 watch.go:40] Failed to load config from "d:\\SEVANI\\dataconnect": could not find dataconnect.yaml in `d:\SEVANI\dataconnect`
 {"metadata":{"emulator":{"name":"dataconnect"},"message":"E0331 22:32:37.600826   20728 watch.go:40] Failed to load config from \"d:\\\\SEVANI\\\\dataconnect\": could not find dataconnect.yaml in `d:\\SEVANI\\dataconnect`\n"}}
[debug] [2026-03-31T15:32:47.600Z] E0331 22:32:47.600949   20728 watch.go:40] Failed to load config from "d:\\SEVANI\\dataconnect": could not find dataconnect.yaml in `d:\SEVANI\dataconnect`
 {"metadata":{"emulator":{"name":"dataconnect"},"message":"E0331 22:32:47.600949   20728 watch.go:40] Failed to load config from \"d:\\\\SEVANI\\\\dataconnect\": could not find dataconnect.yaml in `d:\\SEVANI\\dataconnect`\n"}}
[debug] [2026-03-31T15:32:57.600Z] E0331 22:32:57.599881   20728 watch.go:116] watchAllDir unable to walk dir `d:\SEVANI\dataconnect`: GetFileAttributesEx d:\SEVANI\dataconnect: The system cannot find the file specified.
E0331 22:32:57.599881   20728 watch.go:40] Failed to load config from "d:\\SEVANI\\dataconnect": could not find dataconnect.yaml in `d:\SEVANI\dataconnect`
 {"metadata":{"emulator":{"name":"dataconnect"},"message":"E0331 22:32:57.599881   20728 watch.go:116] watchAllDir unable to walk dir `d:\\SEVANI\\dataconnect`: GetFileAttributesEx d:\\SEVANI\\dataconnect: The system cannot find the file specified.\nE0331 22:32:57.599881   20728 watch.go:40] Failed to load config from \"d:\\\\SEVANI\\\\dataconnect\": could not find dataconnect.yaml in `d:\\SEVANI\\dataconnect`\n"}}
[debug] [2026-03-31T15:33:07.599Z] E0331 22:33:07.598898   20728 watch.go:40] Failed to load config from "d:\\SEVANI\\dataconnect": could not find dataconnect.yaml in `d:\SEVANI\dataconnect`
 {"metadata":{"emulator":{"name":"dataconnect"},"message":"E0331 22:33:07.598898   20728 watch.go:40] Failed to load config from \"d:\\\\SEVANI\\\\dataconnect\": could not find dataconnect.yaml in `d:\\SEVANI\\dataconnect`\n"}}
[debug] [2026-03-31T15:33:17.599Z] E0331 22:33:17.598801   20728 watch.go:40] Failed to load config from "d:\\SEVANI\\dataconnect": could not find dataconnect.yaml in `d:\SEVANI\dataconnect`
 {"metadata":{"emulator":{"name":"dataconnect"},"message":"E0331 22:33:17.598801   20728 watch.go:40] Failed to load config from \"d:\\\\SEVANI\\\\dataconnect\": could not find dataconnect.yaml in `d:\\SEVANI\\dataconnect`\n"}}
[debug] [2026-03-31T15:33:27.599Z] E0331 22:33:27.599128   20728 watch.go:40] Failed to load config from "d:\\SEVANI\\dataconnect": could not find dataconnect.yaml in `d:\SEVANI\dataconnect`
 {"metadata":{"emulator":{"name":"dataconnect"},"message":"E0331 22:33:27.599128   20728 watch.go:40] Failed to load config from \"d:\\\\SEVANI\\\\dataconnect\": could not find dataconnect.yaml in `d:\\SEVANI\\dataconnect`\n"}}
[debug] [2026-03-31T15:33:37.600Z] E0331 22:33:37.599535   20728 watch.go:40] Failed to load config from "d:\\SEVANI\\dataconnect": could not find dataconnect.yaml in `d:\SEVANI\dataconnect`
 {"metadata":{"emulator":{"name":"dataconnect"},"message":"E0331 22:33:37.599535   20728 watch.go:40] Failed to load config from \"d:\\\\SEVANI\\\\dataconnect\": could not find dataconnect.yaml in `d:\\SEVANI\\dataconnect`\n"}}
[debug] [2026-03-31T15:33:47.600Z] E0331 22:33:47.599853   20728 watch.go:40] Failed to load config from "d:\\SEVANI\\dataconnect": could not find dataconnect.yaml in `d:\SEVANI\dataconnect`
 {"metadata":{"emulator":{"name":"dataconnect"},"message":"E0331 22:33:47.599853   20728 watch.go:40] Failed to load config from \"d:\\\\SEVANI\\\\dataconnect\": could not find dataconnect.yaml in `d:\\SEVANI\\dataconnect`\n"}}
[debug] [2026-03-31T15:33:57.599Z] E0331 22:33:57.599248   20728 watch.go:116] watchAllDir unable to walk dir `d:\SEVANI\dataconnect`: GetFileAttributesEx d:\SEVANI\dataconnect: The system cannot find the file specified.
E0331 22:33:57.599248   20728 watch.go:40] Failed to load config from "d:\\SEVANI\\dataconnect": could not find dataconnect.yaml in `d:\SEVANI\dataconnect`
 {"metadata":{"emulator":{"name":"dataconnect"},"message":"E0331 22:33:57.599248   20728 watch.go:116] watchAllDir unable to walk dir `d:\\SEVANI\\dataconnect`: GetFileAttributesEx d:\\SEVANI\\dataconnect: The system cannot find the file specified.\nE0331 22:33:57.599248   20728 watch.go:40] Failed to load config from \"d:\\\\SEVANI\\\\dataconnect\": could not find dataconnect.yaml in `d:\\SEVANI\\dataconnect`\n"}}
[debug] [2026-03-31T15:34:07.599Z] E0331 22:34:07.598843   20728 watch.go:40] Failed to load config from "d:\\SEVANI\\dataconnect": could not find dataconnect.yaml in `d:\SEVANI\dataconnect`
 {"metadata":{"emulator":{"name":"dataconnect"},"message":"E0331 22:34:07.598843   20728 watch.go:40] Failed to load config from \"d:\\\\SEVANI\\\\dataconnect\": could not find dataconnect.yaml in `d:\\SEVANI\\dataconnect`\n"}}
[debug] [2026-03-31T15:34:17.598Z] E0331 22:34:17.598780   20728 watch.go:40] Failed to load config from "d:\\SEVANI\\dataconnect": could not find dataconnect.yaml in `d:\SEVANI\dataconnect`
 {"metadata":{"emulator":{"name":"dataconnect"},"message":"E0331 22:34:17.598780   20728 watch.go:40] Failed to load config from \"d:\\\\SEVANI\\\\dataconnect\": could not find dataconnect.yaml in `d:\\SEVANI\\dataconnect`\n"}}
[debug] [2026-03-31T15:34:27.600Z] E0331 22:34:27.600641   20728 watch.go:40] Failed to load config from "d:\\SEVANI\\dataconnect": could not find dataconnect.yaml in `d:\SEVANI\dataconnect`
 {"metadata":{"emulator":{"name":"dataconnect"},"message":"E0331 22:34:27.600641   20728 watch.go:40] Failed to load config from \"d:\\\\SEVANI\\\\dataconnect\": could not find dataconnect.yaml in `d:\\SEVANI\\dataconnect`\n"}}
[debug] [2026-03-31T15:34:37.599Z] E0331 22:34:37.599161   20728 watch.go:40] Failed to load config from "d:\\SEVANI\\dataconnect": could not find dataconnect.yaml in `d:\SEVANI\dataconnect`
 {"metadata":{"emulator":{"name":"dataconnect"},"message":"E0331 22:34:37.599161   20728 watch.go:40] Failed to load config from \"d:\\\\SEVANI\\\\dataconnect\": could not find dataconnect.yaml in `d:\\SEVANI\\dataconnect`\n"}}
[debug] [2026-03-31T15:34:47.599Z] E0331 22:34:47.598713   20728 watch.go:40] Failed to load config from "d:\\SEVANI\\dataconnect": could not find dataconnect.yaml in `d:\SEVANI\dataconnect`
 {"metadata":{"emulator":{"name":"dataconnect"},"message":"E0331 22:34:47.598713   20728 watch.go:40] Failed to load config from \"d:\\\\SEVANI\\\\dataconnect\": could not find dataconnect.yaml in `d:\\SEVANI\\dataconnect`\n"}}
[debug] [2026-03-31T15:34:57.598Z] E0331 22:34:57.598524   20728 watch.go:116] watchAllDir unable to walk dir `d:\SEVANI\dataconnect`: GetFileAttributesEx d:\SEVANI\dataconnect: The system cannot find the file specified.
E0331 22:34:57.598524   20728 watch.go:40] Failed to load config from "d:\\SEVANI\\dataconnect": could not find dataconnect.yaml in `d:\SEVANI\dataconnect`
 {"metadata":{"emulator":{"name":"dataconnect"},"message":"E0331 22:34:57.598524   20728 watch.go:116] watchAllDir unable to walk dir `d:\\SEVANI\\dataconnect`: GetFileAttributesEx d:\\SEVANI\\dataconnect: The system cannot find the file specified.\nE0331 22:34:57.598524   20728 watch.go:40] Failed to load config from \"d:\\\\SEVANI\\\\dataconnect\": could not find dataconnect.yaml in `d:\\SEVANI\\dataconnect`\n"}}
[debug] [2026-03-31T15:35:07.599Z] E0331 22:35:07.598696   20728 watch.go:40] Failed to load config from "d:\\SEVANI\\dataconnect": could not find dataconnect.yaml in `d:\SEVANI\dataconnect`
 {"metadata":{"emulator":{"name":"dataconnect"},"message":"E0331 22:35:07.598696   20728 watch.go:40] Failed to load config from \"d:\\\\SEVANI\\\\dataconnect\": could not find dataconnect.yaml in `d:\\SEVANI\\dataconnect`\n"}}
[debug] [2026-03-31T15:35:17.601Z] E0331 22:35:17.600847   20728 watch.go:40] Failed to load config from "d:\\SEVANI\\dataconnect": could not find dataconnect.yaml in `d:\SEVANI\dataconnect`
 {"metadata":{"emulator":{"name":"dataconnect"},"message":"E0331 22:35:17.600847   20728 watch.go:40] Failed to load config from \"d:\\\\SEVANI\\\\dataconnect\": could not find dataconnect.yaml in `d:\\SEVANI\\dataconnect`\n"}}
[debug] [2026-03-31T15:35:27.599Z] E0331 22:35:27.598999   20728 watch.go:40] Failed to load config from "d:\\SEVANI\\dataconnect": could not find dataconnect.yaml in `d:\SEVANI\dataconnect`
 {"metadata":{"emulator":{"name":"dataconnect"},"message":"E0331 22:35:27.598999   20728 watch.go:40] Failed to load config from \"d:\\\\SEVANI\\\\dataconnect\": could not find dataconnect.yaml in `d:\\SEVANI\\dataconnect`\n"}}
[debug] [2026-03-31T15:35:37.599Z] E0331 22:35:37.599158   20728 watch.go:40] Failed to load config from "d:\\SEVANI\\dataconnect": could not find dataconnect.yaml in `d:\SEVANI\dataconnect`
 {"metadata":{"emulator":{"name":"dataconnect"},"message":"E0331 22:35:37.599158   20728 watch.go:40] Failed to load config from \"d:\\\\SEVANI\\\\dataconnect\": could not find dataconnect.yaml in `d:\\SEVANI\\dataconnect`\n"}}
[debug] [2026-03-31T15:35:47.598Z] E0331 22:35:47.598468   20728 watch.go:40] Failed to load config from "d:\\SEVANI\\dataconnect": could not find dataconnect.yaml in `d:\SEVANI\dataconnect`
 {"metadata":{"emulator":{"name":"dataconnect"},"message":"E0331 22:35:47.598468   20728 watch.go:40] Failed to load config from \"d:\\\\SEVANI\\\\dataconnect\": could not find dataconnect.yaml in `d:\\SEVANI\\dataconnect`\n"}}
[debug] [2026-03-31T15:35:57.599Z] E0331 22:35:57.598774   20728 watch.go:116] watchAllDir unable to walk dir `d:\SEVANI\dataconnect`: GetFileAttributesEx d:\SEVANI\dataconnect: The system cannot find the file specified.
 {"metadata":{"emulator":{"name":"dataconnect"},"message":"E0331 22:35:57.598774   20728 watch.go:116] watchAllDir unable to walk dir `d:\\SEVANI\\dataconnect`: GetFileAttributesEx d:\\SEVANI\\dataconnect: The system cannot find the file specified.\n"}}
[debug] [2026-03-31T15:35:57.601Z] E0331 22:35:57.598774   20728 watch.go:40] Failed to load config from "d:\\SEVANI\\dataconnect": could not find dataconnect.yaml in `d:\SEVANI\dataconnect`
 {"metadata":{"emulator":{"name":"dataconnect"},"message":"E0331 22:35:57.598774   20728 watch.go:40] Failed to load config from \"d:\\\\SEVANI\\\\dataconnect\": could not find dataconnect.yaml in `d:\\SEVANI\\dataconnect`\n"}}
[debug] [2026-03-31T15:36:07.598Z] E0331 22:36:07.598474   20728 watch.go:40] Failed to load config from "d:\\SEVANI\\dataconnect": could not find dataconnect.yaml in `d:\SEVANI\dataconnect`
 {"metadata":{"emulator":{"name":"dataconnect"},"message":"E0331 22:36:07.598474   20728 watch.go:40] Failed to load config from \"d:\\\\SEVANI\\\\dataconnect\": could not find dataconnect.yaml in `d:\\SEVANI\\dataconnect`\n"}}
[debug] [2026-03-31T15:36:17.598Z] E0331 22:36:17.598729   20728 watch.go:40] Failed to load config from "d:\\SEVANI\\dataconnect": could not find dataconnect.yaml in `d:\SEVANI\dataconnect`
 {"metadata":{"emulator":{"name":"dataconnect"},"message":"E0331 22:36:17.598729   20728 watch.go:40] Failed to load config from \"d:\\\\SEVANI\\\\dataconnect\": could not find dataconnect.yaml in `d:\\SEVANI\\dataconnect`\n"}}
[debug] [2026-03-31T15:36:27.600Z] E0331 22:36:27.600096   20728 watch.go:40] Failed to load config from "d:\\SEVANI\\dataconnect": could not find dataconnect.yaml in `d:\SEVANI\dataconnect`
 {"metadata":{"emulator":{"name":"dataconnect"},"message":"E0331 22:36:27.600096   20728 watch.go:40] Failed to load config from \"d:\\\\SEVANI\\\\dataconnect\": could not find dataconnect.yaml in `d:\\SEVANI\\dataconnect`\n"}}
[debug] [2026-03-31T15:36:37.599Z] E0331 22:36:37.599207   20728 watch.go:40] Failed to load config from "d:\\SEVANI\\dataconnect": could not find dataconnect.yaml in `d:\SEVANI\dataconnect`
 {"metadata":{"emulator":{"name":"dataconnect"},"message":"E0331 22:36:37.599207   20728 watch.go:40] Failed to load config from \"d:\\\\SEVANI\\\\dataconnect\": could not find dataconnect.yaml in `d:\\SEVANI\\dataconnect`\n"}}
[debug] [2026-03-31T15:36:47.599Z] E0331 22:36:47.598715   20728 watch.go:40] Failed to load config from "d:\\SEVANI\\dataconnect": could not find dataconnect.yaml in `d:\SEVANI\dataconnect`
 {"metadata":{"emulator":{"name":"dataconnect"},"message":"E0331 22:36:47.598715   20728 watch.go:40] Failed to load config from \"d:\\\\SEVANI\\\\dataconnect\": could not find dataconnect.yaml in `d:\\SEVANI\\dataconnect`\n"}}
[debug] [2026-03-31T15:36:57.598Z] E0331 22:36:57.598732   20728 watch.go:116] watchAllDir unable to walk dir `d:\SEVANI\dataconnect`: GetFileAttributesEx d:\SEVANI\dataconnect: The system cannot find the file specified.
E0331 22:36:57.598732   20728 watch.go:40] Failed to load config from "d:\\SEVANI\\dataconnect": could not find dataconnect.yaml in `d:\SEVANI\dataconnect`
 {"metadata":{"emulator":{"name":"dataconnect"},"message":"E0331 22:36:57.598732   20728 watch.go:116] watchAllDir unable to walk dir `d:\\SEVANI\\dataconnect`: GetFileAttributesEx d:\\SEVANI\\dataconnect: The system cannot find the file specified.\nE0331 22:36:57.598732   20728 watch.go:40] Failed to load config from \"d:\\\\SEVANI\\\\dataconnect\": could not find dataconnect.yaml in `d:\\SEVANI\\dataconnect`\n"}}
[debug] [2026-03-31T15:37:07.599Z] E0331 22:37:07.598929   20728 watch.go:40] Failed to load config from "d:\\SEVANI\\dataconnect": could not find dataconnect.yaml in `d:\SEVANI\dataconnect`
 {"metadata":{"emulator":{"name":"dataconnect"},"message":"E0331 22:37:07.598929   20728 watch.go:40] Failed to load config from \"d:\\\\SEVANI\\\\dataconnect\": could not find dataconnect.yaml in `d:\\SEVANI\\dataconnect`\n"}}
[debug] [2026-03-31T15:37:17.599Z] E0331 22:37:17.599328   20728 watch.go:40] Failed to load config from "d:\\SEVANI\\dataconnect": could not find dataconnect.yaml in `d:\SEVANI\dataconnect`
 {"metadata":{"emulator":{"name":"dataconnect"},"message":"E0331 22:37:17.599328   20728 watch.go:40] Failed to load config from \"d:\\\\SEVANI\\\\dataconnect\": could not find dataconnect.yaml in `d:\\SEVANI\\dataconnect`\n"}}
[debug] [2026-03-31T15:37:27.599Z] E0331 22:37:27.599011   20728 watch.go:40] Failed to load config from "d:\\SEVANI\\dataconnect": could not find dataconnect.yaml in `d:\SEVANI\dataconnect`
 {"metadata":{"emulator":{"name":"dataconnect"},"message":"E0331 22:37:27.599011   20728 watch.go:40] Failed to load config from \"d:\\\\SEVANI\\\\dataconnect\": could not find dataconnect.yaml in `d:\\SEVANI\\dataconnect`\n"}}
[debug] [2026-03-31T15:37:37.599Z] E0331 22:37:37.598668   20728 watch.go:40] Failed to load config from "d:\\SEVANI\\dataconnect": could not find dataconnect.yaml in `d:\SEVANI\dataconnect`
 {"metadata":{"emulator":{"name":"dataconnect"},"message":"E0331 22:37:37.598668   20728 watch.go:40] Failed to load config from \"d:\\\\SEVANI\\\\dataconnect\": could not find dataconnect.yaml in `d:\\SEVANI\\dataconnect`\n"}}
[debug] [2026-03-31T15:37:47.599Z] E0331 22:37:47.598990   20728 watch.go:40] Failed to load config from "d:\\SEVANI\\dataconnect": could not find dataconnect.yaml in `d:\SEVANI\dataconnect`
 {"metadata":{"emulator":{"name":"dataconnect"},"message":"E0331 22:37:47.598990   20728 watch.go:40] Failed to load config from \"d:\\\\SEVANI\\\\dataconnect\": could not find dataconnect.yaml in `d:\\SEVANI\\dataconnect`\n"}}
[debug] [2026-03-31T15:37:57.598Z] E0331 22:37:57.598772   20728 watch.go:116] watchAllDir unable to walk dir `d:\SEVANI\dataconnect`: GetFileAttributesEx d:\SEVANI\dataconnect: The system cannot find the file specified.
 {"metadata":{"emulator":{"name":"dataconnect"},"message":"E0331 22:37:57.598772   20728 watch.go:116] watchAllDir unable to walk dir `d:\\SEVANI\\dataconnect`: GetFileAttributesEx d:\\SEVANI\\dataconnect: The system cannot find the file specified.\n"}}
[debug] [2026-03-31T15:37:57.599Z] E0331 22:37:57.599785   20728 watch.go:40] Failed to load config from "d:\\SEVANI\\dataconnect": could not find dataconnect.yaml in `d:\SEVANI\dataconnect`
 {"metadata":{"emulator":{"name":"dataconnect"},"message":"E0331 22:37:57.599785   20728 watch.go:40] Failed to load config from \"d:\\\\SEVANI\\\\dataconnect\": could not find dataconnect.yaml in `d:\\SEVANI\\dataconnect`\n"}}
[debug] [2026-03-31T15:38:07.599Z] E0331 22:38:07.598827   20728 watch.go:40] Failed to load config from "d:\\SEVANI\\dataconnect": could not find dataconnect.yaml in `d:\SEVANI\dataconnect`
 {"metadata":{"emulator":{"name":"dataconnect"},"message":"E0331 22:38:07.598827   20728 watch.go:40] Failed to load config from \"d:\\\\SEVANI\\\\dataconnect\": could not find dataconnect.yaml in `d:\\SEVANI\\dataconnect`\n"}}
[debug] [2026-03-31T15:38:17.599Z] E0331 22:38:17.598662   20728 watch.go:40] Failed to load config from "d:\\SEVANI\\dataconnect": could not find dataconnect.yaml in `d:\SEVANI\dataconnect`
 {"metadata":{"emulator":{"name":"dataconnect"},"message":"E0331 22:38:17.598662   20728 watch.go:40] Failed to load config from \"d:\\\\SEVANI\\\\dataconnect\": could not find dataconnect.yaml in `d:\\SEVANI\\dataconnect`\n"}}
[debug] [2026-03-31T15:38:27.599Z] E0331 22:38:27.599225   20728 watch.go:40] Failed to load config from "d:\\SEVANI\\dataconnect": could not find dataconnect.yaml in `d:\SEVANI\dataconnect`
 {"metadata":{"emulator":{"name":"dataconnect"},"message":"E0331 22:38:27.599225   20728 watch.go:40] Failed to load config from \"d:\\\\SEVANI\\\\dataconnect\": could not find dataconnect.yaml in `d:\\SEVANI\\dataconnect`\n"}}
[debug] [2026-03-31T15:38:37.600Z] E0331 22:38:37.599802   20728 watch.go:40] Failed to load config from "d:\\SEVANI\\dataconnect": could not find dataconnect.yaml in `d:\SEVANI\dataconnect`
 {"metadata":{"emulator":{"name":"dataconnect"},"message":"E0331 22:38:37.599802   20728 watch.go:40] Failed to load config from \"d:\\\\SEVANI\\\\dataconnect\": could not find dataconnect.yaml in `d:\\SEVANI\\dataconnect`\n"}}
[debug] [2026-03-31T15:38:47.599Z] E0331 22:38:47.598906   20728 watch.go:40] Failed to load config from "d:\\SEVANI\\dataconnect": could not find dataconnect.yaml in `d:\SEVANI\dataconnect`
 {"metadata":{"emulator":{"name":"dataconnect"},"message":"E0331 22:38:47.598906   20728 watch.go:40] Failed to load config from \"d:\\\\SEVANI\\\\dataconnect\": could not find dataconnect.yaml in `d:\\SEVANI\\dataconnect`\n"}}
[debug] [2026-03-31T15:38:57.598Z] E0331 22:38:57.598596   20728 watch.go:116] watchAllDir unable to walk dir `d:\SEVANI\dataconnect`: GetFileAttributesEx d:\SEVANI\dataconnect: The system cannot find the file specified.
E0331 22:38:57.598596   20728 watch.go:40] Failed to load config from "d:\\SEVANI\\dataconnect": could not find dataconnect.yaml in `d:\SEVANI\dataconnect`
 {"metadata":{"emulator":{"name":"dataconnect"},"message":"E0331 22:38:57.598596   20728 watch.go:116] watchAllDir unable to walk dir `d:\\SEVANI\\dataconnect`: GetFileAttributesEx d:\\SEVANI\\dataconnect: The system cannot find the file specified.\nE0331 22:38:57.598596   20728 watch.go:40] Failed to load config from \"d:\\\\SEVANI\\\\dataconnect\": could not find dataconnect.yaml in `d:\\SEVANI\\dataconnect`\n"}}
[debug] [2026-03-31T15:39:07.602Z] E0331 22:39:07.601103   20728 watch.go:40] Failed to load config from "d:\\SEVANI\\dataconnect": could not find dataconnect.yaml in `d:\SEVANI\dataconnect`
 {"metadata":{"emulator":{"name":"dataconnect"},"message":"E0331 22:39:07.601103   20728 watch.go:40] Failed to load config from \"d:\\\\SEVANI\\\\dataconnect\": could not find dataconnect.yaml in `d:\\SEVANI\\dataconnect`\n"}}
[debug] [2026-03-31T15:39:17.599Z] E0331 22:39:17.599195   20728 watch.go:40] Failed to load config from "d:\\SEVANI\\dataconnect": could not find dataconnect.yaml in `d:\SEVANI\dataconnect`
 {"metadata":{"emulator":{"name":"dataconnect"},"message":"E0331 22:39:17.599195   20728 watch.go:40] Failed to load config from \"d:\\\\SEVANI\\\\dataconnect\": could not find dataconnect.yaml in `d:\\SEVANI\\dataconnect`\n"}}
[debug] [2026-03-31T15:39:27.599Z] E0331 22:39:27.598980   20728 watch.go:40] Failed to load config from "d:\\SEVANI\\dataconnect": could not find dataconnect.yaml in `d:\SEVANI\dataconnect`
 {"metadata":{"emulator":{"name":"dataconnect"},"message":"E0331 22:39:27.598980   20728 watch.go:40] Failed to load config from \"d:\\\\SEVANI\\\\dataconnect\": could not find dataconnect.yaml in `d:\\SEVANI\\dataconnect`\n"}}
[debug] [2026-03-31T15:39:37.599Z] E0331 22:39:37.599013   20728 watch.go:40] Failed to load config from "d:\\SEVANI\\dataconnect": could not find dataconnect.yaml in `d:\SEVANI\dataconnect`
 {"metadata":{"emulator":{"name":"dataconnect"},"message":"E0331 22:39:37.599013   20728 watch.go:40] Failed to load config from \"d:\\\\SEVANI\\\\dataconnect\": could not find dataconnect.yaml in `d:\\SEVANI\\dataconnect`\n"}}
[debug] [2026-03-31T15:39:47.599Z] E0331 22:39:47.599000   20728 watch.go:40] Failed to load config from "d:\\SEVANI\\dataconnect": could not find dataconnect.yaml in `d:\SEVANI\dataconnect`
 {"metadata":{"emulator":{"name":"dataconnect"},"message":"E0331 22:39:47.599000   20728 watch.go:40] Failed to load config from \"d:\\\\SEVANI\\\\dataconnect\": could not find dataconnect.yaml in `d:\\SEVANI\\dataconnect`\n"}}
[debug] [2026-03-31T15:39:57.599Z] E0331 22:39:57.599320   20728 watch.go:116] watchAllDir unable to walk dir `d:\SEVANI\dataconnect`: GetFileAttributesEx d:\SEVANI\dataconnect: The system cannot find the file specified.
 {"metadata":{"emulator":{"name":"dataconnect"},"message":"E0331 22:39:57.599320   20728 watch.go:116] watchAllDir unable to walk dir `d:\\SEVANI\\dataconnect`: GetFileAttributesEx d:\\SEVANI\\dataconnect: The system cannot find the file specified.\n"}}
[debug] [2026-03-31T15:39:57.600Z] E0331 22:39:57.599320   20728 watch.go:40] Failed to load config from "d:\\SEVANI\\dataconnect": could not find dataconnect.yaml in `d:\SEVANI\dataconnect`
 {"metadata":{"emulator":{"name":"dataconnect"},"message":"E0331 22:39:57.599320   20728 watch.go:40] Failed to load config from \"d:\\\\SEVANI\\\\dataconnect\": could not find dataconnect.yaml in `d:\\SEVANI\\dataconnect`\n"}}
[debug] [2026-03-31T15:40:07.599Z] E0331 22:40:07.599097   20728 watch.go:40] Failed to load config from "d:\\SEVANI\\dataconnect": could not find dataconnect.yaml in `d:\SEVANI\dataconnect`
 {"metadata":{"emulator":{"name":"dataconnect"},"message":"E0331 22:40:07.599097   20728 watch.go:40] Failed to load config from \"d:\\\\SEVANI\\\\dataconnect\": could not find dataconnect.yaml in `d:\\SEVANI\\dataconnect`\n"}}
[debug] [2026-03-31T15:40:17.600Z] E0331 22:40:17.599510   20728 watch.go:40] Failed to load config from "d:\\SEVANI\\dataconnect": could not find dataconnect.yaml in `d:\SEVANI\dataconnect`
 {"metadata":{"emulator":{"name":"dataconnect"},"message":"E0331 22:40:17.599510   20728 watch.go:40] Failed to load config from \"d:\\\\SEVANI\\\\dataconnect\": could not find dataconnect.yaml in `d:\\SEVANI\\dataconnect`\n"}}
[debug] [2026-03-31T15:40:27.599Z] E0331 22:40:27.598914   20728 watch.go:40] Failed to load config from "d:\\SEVANI\\dataconnect": could not find dataconnect.yaml in `d:\SEVANI\dataconnect`
 {"metadata":{"emulator":{"name":"dataconnect"},"message":"E0331 22:40:27.598914   20728 watch.go:40] Failed to load config from \"d:\\\\SEVANI\\\\dataconnect\": could not find dataconnect.yaml in `d:\\SEVANI\\dataconnect`\n"}}
[debug] [2026-03-31T15:40:37.599Z] E0331 22:40:37.598894   20728 watch.go:40] Failed to load config from "d:\\SEVANI\\dataconnect": could not find dataconnect.yaml in `d:\SEVANI\dataconnect`
 {"metadata":{"emulator":{"name":"dataconnect"},"message":"E0331 22:40:37.598894   20728 watch.go:40] Failed to load config from \"d:\\\\SEVANI\\\\dataconnect\": could not find dataconnect.yaml in `d:\\SEVANI\\dataconnect`\n"}}
[debug] [2026-03-31T15:40:47.599Z] E0331 22:40:47.599052   20728 watch.go:40] Failed to load config from "d:\\SEVANI\\dataconnect": could not find dataconnect.yaml in `d:\SEVANI\dataconnect`
 {"metadata":{"emulator":{"name":"dataconnect"},"message":"E0331 22:40:47.599052   20728 watch.go:40] Failed to load config from \"d:\\\\SEVANI\\\\dataconnect\": could not find dataconnect.yaml in `d:\\SEVANI\\dataconnect`\n"}}
[debug] [2026-03-31T15:40:57.600Z] E0331 22:40:57.599449   20728 watch.go:116] watchAllDir unable to walk dir `d:\SEVANI\dataconnect`: GetFileAttributesEx d:\SEVANI\dataconnect: The system cannot find the file specified.
E0331 22:40:57.599449   20728 watch.go:40] Failed to load config from "d:\\SEVANI\\dataconnect": could not find dataconnect.yaml in `d:\SEVANI\dataconnect`
 {"metadata":{"emulator":{"name":"dataconnect"},"message":"E0331 22:40:57.599449   20728 watch.go:116] watchAllDir unable to walk dir `d:\\SEVANI\\dataconnect`: GetFileAttributesEx d:\\SEVANI\\dataconnect: The system cannot find the file specified.\nE0331 22:40:57.599449   20728 watch.go:40] Failed to load config from \"d:\\\\SEVANI\\\\dataconnect\": could not find dataconnect.yaml in `d:\\SEVANI\\dataconnect`\n"}}
[debug] [2026-03-31T15:41:07.599Z] E0331 22:41:07.598779   20728 watch.go:40] Failed to load config from "d:\\SEVANI\\dataconnect": could not find dataconnect.yaml in `d:\SEVANI\dataconnect`
 {"metadata":{"emulator":{"name":"dataconnect"},"message":"E0331 22:41:07.598779   20728 watch.go:40] Failed to load config from \"d:\\\\SEVANI\\\\dataconnect\": could not find dataconnect.yaml in `d:\\SEVANI\\dataconnect`\n"}}
[debug] [2026-03-31T15:41:17.599Z] E0331 22:41:17.599463   20728 watch.go:40] Failed to load config from "d:\\SEVANI\\dataconnect": could not find dataconnect.yaml in `d:\SEVANI\dataconnect`
 {"metadata":{"emulator":{"name":"dataconnect"},"message":"E0331 22:41:17.599463   20728 watch.go:40] Failed to load config from \"d:\\\\SEVANI\\\\dataconnect\": could not find dataconnect.yaml in `d:\\SEVANI\\dataconnect`\n"}}
[debug] [2026-03-31T15:41:27.598Z] E0331 22:41:27.598650   20728 watch.go:40] Failed to load config from "d:\\SEVANI\\dataconnect": could not find dataconnect.yaml in `d:\SEVANI\dataconnect`
 {"metadata":{"emulator":{"name":"dataconnect"},"message":"E0331 22:41:27.598650   20728 watch.go:40] Failed to load config from \"d:\\\\SEVANI\\\\dataconnect\": could not find dataconnect.yaml in `d:\\SEVANI\\dataconnect`\n"}}
[debug] [2026-03-31T15:41:37.598Z] E0331 22:41:37.598703   20728 watch.go:40] Failed to load config from "d:\\SEVANI\\dataconnect": could not find dataconnect.yaml in `d:\SEVANI\dataconnect`
 {"metadata":{"emulator":{"name":"dataconnect"},"message":"E0331 22:41:37.598703   20728 watch.go:40] Failed to load config from \"d:\\\\SEVANI\\\\dataconnect\": could not find dataconnect.yaml in `d:\\SEVANI\\dataconnect`\n"}}
[debug] [2026-03-31T15:41:47.599Z] E0331 22:41:47.600058   20728 watch.go:40] Failed to load config from "d:\\SEVANI\\dataconnect": could not find dataconnect.yaml in `d:\SEVANI\dataconnect`
 {"metadata":{"emulator":{"name":"dataconnect"},"message":"E0331 22:41:47.600058   20728 watch.go:40] Failed to load config from \"d:\\\\SEVANI\\\\dataconnect\": could not find dataconnect.yaml in `d:\\SEVANI\\dataconnect`\n"}}
[debug] [2026-03-31T15:41:57.598Z] E0331 22:41:57.599542   20728 watch.go:116] watchAllDir unable to walk dir `d:\SEVANI\dataconnect`: GetFileAttributesEx d:\SEVANI\dataconnect: The system cannot find the file specified.
 {"metadata":{"emulator":{"name":"dataconnect"},"message":"E0331 22:41:57.599542   20728 watch.go:116] watchAllDir unable to walk dir `d:\\SEVANI\\dataconnect`: GetFileAttributesEx d:\\SEVANI\\dataconnect: The system cannot find the file specified.\n"}}
[debug] [2026-03-31T15:41:57.599Z] E0331 22:41:57.599542   20728 watch.go:40] Failed to load config from "d:\\SEVANI\\dataconnect": could not find dataconnect.yaml in `d:\SEVANI\dataconnect`
 {"metadata":{"emulator":{"name":"dataconnect"},"message":"E0331 22:41:57.599542   20728 watch.go:40] Failed to load config from \"d:\\\\SEVANI\\\\dataconnect\": could not find dataconnect.yaml in `d:\\SEVANI\\dataconnect`\n"}}
[debug] [2026-03-31T15:42:07.598Z] E0331 22:42:07.598650   20728 watch.go:40] Failed to load config from "d:\\SEVANI\\dataconnect": could not find dataconnect.yaml in `d:\SEVANI\dataconnect`
 {"metadata":{"emulator":{"name":"dataconnect"},"message":"E0331 22:42:07.598650   20728 watch.go:40] Failed to load config from \"d:\\\\SEVANI\\\\dataconnect\": could not find dataconnect.yaml in `d:\\SEVANI\\dataconnect`\n"}}
[debug] [2026-03-31T15:42:17.598Z] E0331 22:42:17.598771   20728 watch.go:40] Failed to load config from "d:\\SEVANI\\dataconnect": could not find dataconnect.yaml in `d:\SEVANI\dataconnect`
 {"metadata":{"emulator":{"name":"dataconnect"},"message":"E0331 22:42:17.598771   20728 watch.go:40] Failed to load config from \"d:\\\\SEVANI\\\\dataconnect\": could not find dataconnect.yaml in `d:\\SEVANI\\dataconnect`\n"}}
[debug] [2026-03-31T15:42:27.599Z] E0331 22:42:27.598745   20728 watch.go:40] Failed to load config from "d:\\SEVANI\\dataconnect": could not find dataconnect.yaml in `d:\SEVANI\dataconnect`
 {"metadata":{"emulator":{"name":"dataconnect"},"message":"E0331 22:42:27.598745   20728 watch.go:40] Failed to load config from \"d:\\\\SEVANI\\\\dataconnect\": could not find dataconnect.yaml in `d:\\SEVANI\\dataconnect`\n"}}
[debug] [2026-03-31T15:42:37.600Z] E0331 22:42:37.600353   20728 watch.go:40] Failed to load config from "d:\\SEVANI\\dataconnect": could not find dataconnect.yaml in `d:\SEVANI\dataconnect`
 {"metadata":{"emulator":{"name":"dataconnect"},"message":"E0331 22:42:37.600353   20728 watch.go:40] Failed to load config from \"d:\\\\SEVANI\\\\dataconnect\": could not find dataconnect.yaml in `d:\\SEVANI\\dataconnect`\n"}}
[debug] [2026-03-31T15:42:47.599Z] E0331 22:42:47.598945   20728 watch.go:40] Failed to load config from "d:\\SEVANI\\dataconnect": could not find dataconnect.yaml in `d:\SEVANI\dataconnect`
 {"metadata":{"emulator":{"name":"dataconnect"},"message":"E0331 22:42:47.598945   20728 watch.go:40] Failed to load config from \"d:\\\\SEVANI\\\\dataconnect\": could not find dataconnect.yaml in `d:\\SEVANI\\dataconnect`\n"}}
[debug] [2026-03-31T15:42:57.599Z] E0331 22:42:57.599004   20728 watch.go:116] watchAllDir unable to walk dir `d:\SEVANI\dataconnect`: GetFileAttributesEx d:\SEVANI\dataconnect: The system cannot find the file specified.
 {"metadata":{"emulator":{"name":"dataconnect"},"message":"E0331 22:42:57.599004   20728 watch.go:116] watchAllDir unable to walk dir `d:\\SEVANI\\dataconnect`: GetFileAttributesEx d:\\SEVANI\\dataconnect: The system cannot find the file specified.\n"}}
[debug] [2026-03-31T15:42:57.600Z] E0331 22:42:57.599004   20728 watch.go:40] Failed to load config from "d:\\SEVANI\\dataconnect": could not find dataconnect.yaml in `d:\SEVANI\dataconnect`
 {"metadata":{"emulator":{"name":"dataconnect"},"message":"E0331 22:42:57.599004   20728 watch.go:40] Failed to load config from \"d:\\\\SEVANI\\\\dataconnect\": could not find dataconnect.yaml in `d:\\SEVANI\\dataconnect`\n"}}
[debug] [2026-03-31T15:43:07.599Z] E0331 22:43:07.599178   20728 watch.go:40] Failed to load config from "d:\\SEVANI\\dataconnect": could not find dataconnect.yaml in `d:\SEVANI\dataconnect`
 {"metadata":{"emulator":{"name":"dataconnect"},"message":"E0331 22:43:07.599178   20728 watch.go:40] Failed to load config from \"d:\\\\SEVANI\\\\dataconnect\": could not find dataconnect.yaml in `d:\\SEVANI\\dataconnect`\n"}}
[debug] [2026-03-31T15:43:17.599Z] E0331 22:43:17.598610   20728 watch.go:40] Failed to load config from "d:\\SEVANI\\dataconnect": could not find dataconnect.yaml in `d:\SEVANI\dataconnect`
 {"metadata":{"emulator":{"name":"dataconnect"},"message":"E0331 22:43:17.598610   20728 watch.go:40] Failed to load config from \"d:\\\\SEVANI\\\\dataconnect\": could not find dataconnect.yaml in `d:\\SEVANI\\dataconnect`\n"}}
[debug] [2026-03-31T15:43:27.598Z] E0331 22:43:27.598611   20728 watch.go:40] Failed to load config from "d:\\SEVANI\\dataconnect": could not find dataconnect.yaml in `d:\SEVANI\dataconnect`
 {"metadata":{"emulator":{"name":"dataconnect"},"message":"E0331 22:43:27.598611   20728 watch.go:40] Failed to load config from \"d:\\\\SEVANI\\\\dataconnect\": could not find dataconnect.yaml in `d:\\SEVANI\\dataconnect`\n"}}
[debug] [2026-03-31T15:43:37.599Z] E0331 22:43:37.599130   20728 watch.go:40] Failed to load config from "d:\\SEVANI\\dataconnect": could not find dataconnect.yaml in `d:\SEVANI\dataconnect`
 {"metadata":{"emulator":{"name":"dataconnect"},"message":"E0331 22:43:37.599130   20728 watch.go:40] Failed to load config from \"d:\\\\SEVANI\\\\dataconnect\": could not find dataconnect.yaml in `d:\\SEVANI\\dataconnect`\n"}}
[debug] [2026-03-31T15:43:47.599Z] E0331 22:43:47.599382   20728 watch.go:40] Failed to load config from "d:\\SEVANI\\dataconnect": could not find dataconnect.yaml in `d:\SEVANI\dataconnect`
 {"metadata":{"emulator":{"name":"dataconnect"},"message":"E0331 22:43:47.599382   20728 watch.go:40] Failed to load config from \"d:\\\\SEVANI\\\\dataconnect\": could not find dataconnect.yaml in `d:\\SEVANI\\dataconnect`\n"}}
[debug] [2026-03-31T15:43:57.599Z] E0331 22:43:57.598874   20728 watch.go:116] watchAllDir unable to walk dir `d:\SEVANI\dataconnect`: GetFileAttributesEx d:\SEVANI\dataconnect: The system cannot find the file specified.
E0331 22:43:57.598874   20728 watch.go:40] Failed to load config from "d:\\SEVANI\\dataconnect": could not find dataconnect.yaml in `d:\SEVANI\dataconnect`
 {"metadata":{"emulator":{"name":"dataconnect"},"message":"E0331 22:43:57.598874   20728 watch.go:116] watchAllDir unable to walk dir `d:\\SEVANI\\dataconnect`: GetFileAttributesEx d:\\SEVANI\\dataconnect: The system cannot find the file specified.\nE0331 22:43:57.598874   20728 watch.go:40] Failed to load config from \"d:\\\\SEVANI\\\\dataconnect\": could not find dataconnect.yaml in `d:\\SEVANI\\dataconnect`\n"}}
[debug] [2026-03-31T15:44:07.601Z] E0331 22:44:07.601278   20728 watch.go:40] Failed to load config from "d:\\SEVANI\\dataconnect": could not find dataconnect.yaml in `d:\SEVANI\dataconnect`
 {"metadata":{"emulator":{"name":"dataconnect"},"message":"E0331 22:44:07.601278   20728 watch.go:40] Failed to load config from \"d:\\\\SEVANI\\\\dataconnect\": could not find dataconnect.yaml in `d:\\SEVANI\\dataconnect`\n"}}
[debug] [2026-03-31T15:44:17.599Z] E0331 22:44:17.599007   20728 watch.go:40] Failed to load config from "d:\\SEVANI\\dataconnect": could not find dataconnect.yaml in `d:\SEVANI\dataconnect`
 {"metadata":{"emulator":{"name":"dataconnect"},"message":"E0331 22:44:17.599007   20728 watch.go:40] Failed to load config from \"d:\\\\SEVANI\\\\dataconnect\": could not find dataconnect.yaml in `d:\\SEVANI\\dataconnect`\n"}}
[debug] [2026-03-31T15:44:27.599Z] E0331 22:44:27.598570   20728 watch.go:40] Failed to load config from "d:\\SEVANI\\dataconnect": could not find dataconnect.yaml in `d:\SEVANI\dataconnect`
 {"metadata":{"emulator":{"name":"dataconnect"},"message":"E0331 22:44:27.598570   20728 watch.go:40] Failed to load config from \"d:\\\\SEVANI\\\\dataconnect\": could not find dataconnect.yaml in `d:\\SEVANI\\dataconnect`\n"}}
[debug] [2026-03-31T15:44:37.599Z] E0331 22:44:37.598890   20728 watch.go:40] Failed to load config from "d:\\SEVANI\\dataconnect": could not find dataconnect.yaml in `d:\SEVANI\dataconnect`
 {"metadata":{"emulator":{"name":"dataconnect"},"message":"E0331 22:44:37.598890   20728 watch.go:40] Failed to load config from \"d:\\\\SEVANI\\\\dataconnect\": could not find dataconnect.yaml in `d:\\SEVANI\\dataconnect`\n"}}
[debug] [2026-03-31T15:44:47.599Z] E0331 22:44:47.599092   20728 watch.go:40] Failed to load config from "d:\\SEVANI\\dataconnect": could not find dataconnect.yaml in `d:\SEVANI\dataconnect`
 {"metadata":{"emulator":{"name":"dataconnect"},"message":"E0331 22:44:47.599092   20728 watch.go:40] Failed to load config from \"d:\\\\SEVANI\\\\dataconnect\": could not find dataconnect.yaml in `d:\\SEVANI\\dataconnect`\n"}}
[debug] [2026-03-31T15:44:57.598Z] E0331 22:44:57.598480   20728 watch.go:116] watchAllDir unable to walk dir `d:\SEVANI\dataconnect`: GetFileAttributesEx d:\SEVANI\dataconnect: The system cannot find the file specified.
E0331 22:44:57.598480   20728 watch.go:40] Failed to load config from "d:\\SEVANI\\dataconnect": could not find dataconnect.yaml in `d:\SEVANI\dataconnect`
 {"metadata":{"emulator":{"name":"dataconnect"},"message":"E0331 22:44:57.598480   20728 watch.go:116] watchAllDir unable to walk dir `d:\\SEVANI\\dataconnect`: GetFileAttributesEx d:\\SEVANI\\dataconnect: The system cannot find the file specified.\nE0331 22:44:57.598480   20728 watch.go:40] Failed to load config from \"d:\\\\SEVANI\\\\dataconnect\": could not find dataconnect.yaml in `d:\\SEVANI\\dataconnect`\n"}}
[debug] [2026-03-31T15:45:07.598Z] E0331 22:45:07.598563   20728 watch.go:40] Failed to load config from "d:\\SEVANI\\dataconnect": could not find dataconnect.yaml in `d:\SEVANI\dataconnect`
 {"metadata":{"emulator":{"name":"dataconnect"},"message":"E0331 22:45:07.598563   20728 watch.go:40] Failed to load config from \"d:\\\\SEVANI\\\\dataconnect\": could not find dataconnect.yaml in `d:\\SEVANI\\dataconnect`\n"}}
[debug] [2026-03-31T15:45:17.598Z] E0331 22:45:17.598461   20728 watch.go:40] Failed to load config from "d:\\SEVANI\\dataconnect": could not find dataconnect.yaml in `d:\SEVANI\dataconnect`
 {"metadata":{"emulator":{"name":"dataconnect"},"message":"E0331 22:45:17.598461   20728 watch.go:40] Failed to load config from \"d:\\\\SEVANI\\\\dataconnect\": could not find dataconnect.yaml in `d:\\SEVANI\\dataconnect`\n"}}
[debug] [2026-03-31T15:45:27.598Z] E0331 22:45:27.598696   20728 watch.go:40] Failed to load config from "d:\\SEVANI\\dataconnect": could not find dataconnect.yaml in `d:\SEVANI\dataconnect`
 {"metadata":{"emulator":{"name":"dataconnect"},"message":"E0331 22:45:27.598696   20728 watch.go:40] Failed to load config from \"d:\\\\SEVANI\\\\dataconnect\": could not find dataconnect.yaml in `d:\\SEVANI\\dataconnect`\n"}}
[debug] [2026-03-31T15:45:37.599Z] E0331 22:45:37.598970   20728 watch.go:40] Failed to load config from "d:\\SEVANI\\dataconnect": could not find dataconnect.yaml in `d:\SEVANI\dataconnect`
 {"metadata":{"emulator":{"name":"dataconnect"},"message":"E0331 22:45:37.598970   20728 watch.go:40] Failed to load config from \"d:\\\\SEVANI\\\\dataconnect\": could not find dataconnect.yaml in `d:\\SEVANI\\dataconnect`\n"}}
[debug] [2026-03-31T15:45:47.600Z] E0331 22:45:47.600084   20728 watch.go:40] Failed to load config from "d:\\SEVANI\\dataconnect": could not find dataconnect.yaml in `d:\SEVANI\dataconnect`
 {"metadata":{"emulator":{"name":"dataconnect"},"message":"E0331 22:45:47.600084   20728 watch.go:40] Failed to load config from \"d:\\\\SEVANI\\\\dataconnect\": could not find dataconnect.yaml in `d:\\SEVANI\\dataconnect`\n"}}
[debug] [2026-03-31T15:45:57.598Z] E0331 22:45:57.598752   20728 watch.go:116] watchAllDir unable to walk dir `d:\SEVANI\dataconnect`: GetFileAttributesEx d:\SEVANI\dataconnect: The system cannot find the file specified.
E0331 22:45:57.598752   20728 watch.go:40] Failed to load config from "d:\\SEVANI\\dataconnect": could not find dataconnect.yaml in `d:\SEVANI\dataconnect`
 {"metadata":{"emulator":{"name":"dataconnect"},"message":"E0331 22:45:57.598752   20728 watch.go:116] watchAllDir unable to walk dir `d:\\SEVANI\\dataconnect`: GetFileAttributesEx d:\\SEVANI\\dataconnect: The system cannot find the file specified.\nE0331 22:45:57.598752   20728 watch.go:40] Failed to load config from \"d:\\\\SEVANI\\\\dataconnect\": could not find dataconnect.yaml in `d:\\SEVANI\\dataconnect`\n"}}
[debug] [2026-03-31T15:46:07.600Z] E0331 22:46:07.600739   20728 watch.go:40] Failed to load config from "d:\\SEVANI\\dataconnect": could not find dataconnect.yaml in `d:\SEVANI\dataconnect`
 {"metadata":{"emulator":{"name":"dataconnect"},"message":"E0331 22:46:07.600739   20728 watch.go:40] Failed to load config from \"d:\\\\SEVANI\\\\dataconnect\": could not find dataconnect.yaml in `d:\\SEVANI\\dataconnect`\n"}}
[debug] [2026-03-31T15:46:17.599Z] E0331 22:46:17.599027   20728 watch.go:40] Failed to load config from "d:\\SEVANI\\dataconnect": could not find dataconnect.yaml in `d:\SEVANI\dataconnect`
 {"metadata":{"emulator":{"name":"dataconnect"},"message":"E0331 22:46:17.599027   20728 watch.go:40] Failed to load config from \"d:\\\\SEVANI\\\\dataconnect\": could not find dataconnect.yaml in `d:\\SEVANI\\dataconnect`\n"}}
[debug] [2026-03-31T15:46:27.599Z] E0331 22:46:27.598512   20728 watch.go:40] Failed to load config from "d:\\SEVANI\\dataconnect": could not find dataconnect.yaml in `d:\SEVANI\dataconnect`
 {"metadata":{"emulator":{"name":"dataconnect"},"message":"E0331 22:46:27.598512   20728 watch.go:40] Failed to load config from \"d:\\\\SEVANI\\\\dataconnect\": could not find dataconnect.yaml in `d:\\SEVANI\\dataconnect`\n"}}
[debug] [2026-03-31T15:46:37.599Z] E0331 22:46:37.599470   20728 watch.go:40] Failed to load config from "d:\\SEVANI\\dataconnect": could not find dataconnect.yaml in `d:\SEVANI\dataconnect`
 {"metadata":{"emulator":{"name":"dataconnect"},"message":"E0331 22:46:37.599470   20728 watch.go:40] Failed to load config from \"d:\\\\SEVANI\\\\dataconnect\": could not find dataconnect.yaml in `d:\\SEVANI\\dataconnect`\n"}}
[debug] [2026-03-31T15:46:47.598Z] E0331 22:46:47.599408   20728 watch.go:40] Failed to load config from "d:\\SEVANI\\dataconnect": could not find dataconnect.yaml in `d:\SEVANI\dataconnect`
 {"metadata":{"emulator":{"name":"dataconnect"},"message":"E0331 22:46:47.599408   20728 watch.go:40] Failed to load config from \"d:\\\\SEVANI\\\\dataconnect\": could not find dataconnect.yaml in `d:\\SEVANI\\dataconnect`\n"}}
[debug] [2026-03-31T15:46:57.599Z] E0331 22:46:57.599449   20728 watch.go:116] watchAllDir unable to walk dir `d:\SEVANI\dataconnect`: GetFileAttributesEx d:\SEVANI\dataconnect: The system cannot find the file specified.
 {"metadata":{"emulator":{"name":"dataconnect"},"message":"E0331 22:46:57.599449   20728 watch.go:116] watchAllDir unable to walk dir `d:\\SEVANI\\dataconnect`: GetFileAttributesEx d:\\SEVANI\\dataconnect: The system cannot find the file specified.\n"}}
[debug] [2026-03-31T15:46:57.599Z] E0331 22:46:57.599751   20728 watch.go:40] Failed to load config from "d:\\SEVANI\\dataconnect": could not find dataconnect.yaml in `d:\SEVANI\dataconnect`
 {"metadata":{"emulator":{"name":"dataconnect"},"message":"E0331 22:46:57.599751   20728 watch.go:40] Failed to load config from \"d:\\\\SEVANI\\\\dataconnect\": could not find dataconnect.yaml in `d:\\SEVANI\\dataconnect`\n"}}
[debug] [2026-03-31T15:47:07.600Z] E0331 22:47:07.600717   20728 watch.go:40] Failed to load config from "d:\\SEVANI\\dataconnect": could not find dataconnect.yaml in `d:\SEVANI\dataconnect`
 {"metadata":{"emulator":{"name":"dataconnect"},"message":"E0331 22:47:07.600717   20728 watch.go:40] Failed to load config from \"d:\\\\SEVANI\\\\dataconnect\": could not find dataconnect.yaml in `d:\\SEVANI\\dataconnect`\n"}}
[debug] [2026-03-31T15:47:17.598Z] E0331 22:47:17.598838   20728 watch.go:40] Failed to load config from "d:\\SEVANI\\dataconnect": could not find dataconnect.yaml in `d:\SEVANI\dataconnect`
 {"metadata":{"emulator":{"name":"dataconnect"},"message":"E0331 22:47:17.598838   20728 watch.go:40] Failed to load config from \"d:\\\\SEVANI\\\\dataconnect\": could not find dataconnect.yaml in `d:\\SEVANI\\dataconnect`\n"}}
[debug] [2026-03-31T15:47:27.599Z] E0331 22:47:27.599775   20728 watch.go:40] Failed to load config from "d:\\SEVANI\\dataconnect": could not find dataconnect.yaml in `d:\SEVANI\dataconnect`
 {"metadata":{"emulator":{"name":"dataconnect"},"message":"E0331 22:47:27.599775   20728 watch.go:40] Failed to load config from \"d:\\\\SEVANI\\\\dataconnect\": could not find dataconnect.yaml in `d:\\SEVANI\\dataconnect`\n"}}
[debug] [2026-03-31T15:47:37.598Z] E0331 22:47:37.598619   20728 watch.go:40] Failed to load config from "d:\\SEVANI\\dataconnect": could not find dataconnect.yaml in `d:\SEVANI\dataconnect`
 {"metadata":{"emulator":{"name":"dataconnect"},"message":"E0331 22:47:37.598619   20728 watch.go:40] Failed to load config from \"d:\\\\SEVANI\\\\dataconnect\": could not find dataconnect.yaml in `d:\\SEVANI\\dataconnect`\n"}}
[debug] [2026-03-31T15:47:47.598Z] E0331 22:47:47.598533   20728 watch.go:40] Failed to load config from "d:\\SEVANI\\dataconnect": could not find dataconnect.yaml in `d:\SEVANI\dataconnect`
 {"metadata":{"emulator":{"name":"dataconnect"},"message":"E0331 22:47:47.598533   20728 watch.go:40] Failed to load config from \"d:\\\\SEVANI\\\\dataconnect\": could not find dataconnect.yaml in `d:\\SEVANI\\dataconnect`\n"}}
[debug] [2026-03-31T15:47:57.598Z] E0331 22:47:57.598419   20728 watch.go:116] watchAllDir unable to walk dir `d:\SEVANI\dataconnect`: GetFileAttributesEx d:\SEVANI\dataconnect: The system cannot find the file specified.
E0331 22:47:57.598419   20728 watch.go:40] Failed to load config from "d:\\SEVANI\\dataconnect": could not find dataconnect.yaml in `d:\SEVANI\dataconnect`
 {"metadata":{"emulator":{"name":"dataconnect"},"message":"E0331 22:47:57.598419   20728 watch.go:116] watchAllDir unable to walk dir `d:\\SEVANI\\dataconnect`: GetFileAttributesEx d:\\SEVANI\\dataconnect: The system cannot find the file specified.\nE0331 22:47:57.598419   20728 watch.go:40] Failed to load config from \"d:\\\\SEVANI\\\\dataconnect\": could not find dataconnect.yaml in `d:\\SEVANI\\dataconnect`\n"}}
[debug] [2026-03-31T15:48:07.598Z] E0331 22:48:07.598600   20728 watch.go:40] Failed to load config from "d:\\SEVANI\\dataconnect": could not find dataconnect.yaml in `d:\SEVANI\dataconnect`
 {"metadata":{"emulator":{"name":"dataconnect"},"message":"E0331 22:48:07.598600   20728 watch.go:40] Failed to load config from \"d:\\\\SEVANI\\\\dataconnect\": could not find dataconnect.yaml in `d:\\SEVANI\\dataconnect`\n"}}
[debug] [2026-03-31T15:48:17.599Z] E0331 22:48:17.598817   20728 watch.go:40] Failed to load config from "d:\\SEVANI\\dataconnect": could not find dataconnect.yaml in `d:\SEVANI\dataconnect`
 {"metadata":{"emulator":{"name":"dataconnect"},"message":"E0331 22:48:17.598817   20728 watch.go:40] Failed to load config from \"d:\\\\SEVANI\\\\dataconnect\": could not find dataconnect.yaml in `d:\\SEVANI\\dataconnect`\n"}}
[debug] [2026-03-31T15:48:27.598Z] E0331 22:48:27.598489   20728 watch.go:40] Failed to load config from "d:\\SEVANI\\dataconnect": could not find dataconnect.yaml in `d:\SEVANI\dataconnect`
 {"metadata":{"emulator":{"name":"dataconnect"},"message":"E0331 22:48:27.598489   20728 watch.go:40] Failed to load config from \"d:\\\\SEVANI\\\\dataconnect\": could not find dataconnect.yaml in `d:\\SEVANI\\dataconnect`\n"}}
[debug] [2026-03-31T15:48:37.598Z] E0331 22:48:37.598736   20728 watch.go:40] Failed to load config from "d:\\SEVANI\\dataconnect": could not find dataconnect.yaml in `d:\SEVANI\dataconnect`
 {"metadata":{"emulator":{"name":"dataconnect"},"message":"E0331 22:48:37.598736   20728 watch.go:40] Failed to load config from \"d:\\\\SEVANI\\\\dataconnect\": could not find dataconnect.yaml in `d:\\SEVANI\\dataconnect`\n"}}
[debug] [2026-03-31T15:48:47.598Z] E0331 22:48:47.598517   20728 watch.go:40] Failed to load config from "d:\\SEVANI\\dataconnect": could not find dataconnect.yaml in `d:\SEVANI\dataconnect`
 {"metadata":{"emulator":{"name":"dataconnect"},"message":"E0331 22:48:47.598517   20728 watch.go:40] Failed to load config from \"d:\\\\SEVANI\\\\dataconnect\": could not find dataconnect.yaml in `d:\\SEVANI\\dataconnect`\n"}}
[debug] [2026-03-31T15:48:57.598Z] E0331 22:48:57.598739   20728 watch.go:116] watchAllDir unable to walk dir `d:\SEVANI\dataconnect`: GetFileAttributesEx d:\SEVANI\dataconnect: The system cannot find the file specified.
E0331 22:48:57.598739   20728 watch.go:40] Failed to load config from "d:\\SEVANI\\dataconnect": could not find dataconnect.yaml in `d:\SEVANI\dataconnect`
 {"metadata":{"emulator":{"name":"dataconnect"},"message":"E0331 22:48:57.598739   20728 watch.go:116] watchAllDir unable to walk dir `d:\\SEVANI\\dataconnect`: GetFileAttributesEx d:\\SEVANI\\dataconnect: The system cannot find the file specified.\nE0331 22:48:57.598739   20728 watch.go:40] Failed to load config from \"d:\\\\SEVANI\\\\dataconnect\": could not find dataconnect.yaml in `d:\\SEVANI\\dataconnect`\n"}}
[debug] [2026-03-31T15:49:07.599Z] E0331 22:49:07.598952   20728 watch.go:40] Failed to load config from "d:\\SEVANI\\dataconnect": could not find dataconnect.yaml in `d:\SEVANI\dataconnect`
 {"metadata":{"emulator":{"name":"dataconnect"},"message":"E0331 22:49:07.598952   20728 watch.go:40] Failed to load config from \"d:\\\\SEVANI\\\\dataconnect\": could not find dataconnect.yaml in `d:\\SEVANI\\dataconnect`\n"}}
[debug] [2026-03-31T15:49:17.598Z] E0331 22:49:17.598652   20728 watch.go:40] Failed to load config from "d:\\SEVANI\\dataconnect": could not find dataconnect.yaml in `d:\SEVANI\dataconnect`
 {"metadata":{"emulator":{"name":"dataconnect"},"message":"E0331 22:49:17.598652   20728 watch.go:40] Failed to load config from \"d:\\\\SEVANI\\\\dataconnect\": could not find dataconnect.yaml in `d:\\SEVANI\\dataconnect`\n"}}
[debug] [2026-03-31T15:49:27.600Z] E0331 22:49:27.600183   20728 watch.go:40] Failed to load config from "d:\\SEVANI\\dataconnect": could not find dataconnect.yaml in `d:\SEVANI\dataconnect`
 {"metadata":{"emulator":{"name":"dataconnect"},"message":"E0331 22:49:27.600183   20728 watch.go:40] Failed to load config from \"d:\\\\SEVANI\\\\dataconnect\": could not find dataconnect.yaml in `d:\\SEVANI\\dataconnect`\n"}}
[debug] [2026-03-31T15:49:37.599Z] E0331 22:49:37.599039   20728 watch.go:40] Failed to load config from "d:\\SEVANI\\dataconnect": could not find dataconnect.yaml in `d:\SEVANI\dataconnect`
 {"metadata":{"emulator":{"name":"dataconnect"},"message":"E0331 22:49:37.599039   20728 watch.go:40] Failed to load config from \"d:\\\\SEVANI\\\\dataconnect\": could not find dataconnect.yaml in `d:\\SEVANI\\dataconnect`\n"}}
[debug] [2026-03-31T15:49:47.599Z] E0331 22:49:47.598833   20728 watch.go:40] Failed to load config from "d:\\SEVANI\\dataconnect": could not find dataconnect.yaml in `d:\SEVANI\dataconnect`
 {"metadata":{"emulator":{"name":"dataconnect"},"message":"E0331 22:49:47.598833   20728 watch.go:40] Failed to load config from \"d:\\\\SEVANI\\\\dataconnect\": could not find dataconnect.yaml in `d:\\SEVANI\\dataconnect`\n"}}
[debug] [2026-03-31T15:49:57.598Z] E0331 22:49:57.598609   20728 watch.go:116] watchAllDir unable to walk dir `d:\SEVANI\dataconnect`: GetFileAttributesEx d:\SEVANI\dataconnect: The system cannot find the file specified.
E0331 22:49:57.598609   20728 watch.go:40] Failed to load config from "d:\\SEVANI\\dataconnect": could not find dataconnect.yaml in `d:\SEVANI\dataconnect`
 {"metadata":{"emulator":{"name":"dataconnect"},"message":"E0331 22:49:57.598609   20728 watch.go:116] watchAllDir unable to walk dir `d:\\SEVANI\\dataconnect`: GetFileAttributesEx d:\\SEVANI\\dataconnect: The system cannot find the file specified.\nE0331 22:49:57.598609   20728 watch.go:40] Failed to load config from \"d:\\\\SEVANI\\\\dataconnect\": could not find dataconnect.yaml in `d:\\SEVANI\\dataconnect`\n"}}
[debug] [2026-03-31T15:50:07.599Z] E0331 22:50:07.598890   20728 watch.go:40] Failed to load config from "d:\\SEVANI\\dataconnect": could not find dataconnect.yaml in `d:\SEVANI\dataconnect`
 {"metadata":{"emulator":{"name":"dataconnect"},"message":"E0331 22:50:07.598890   20728 watch.go:40] Failed to load config from \"d:\\\\SEVANI\\\\dataconnect\": could not find dataconnect.yaml in `d:\\SEVANI\\dataconnect`\n"}}
[debug] [2026-03-31T15:50:17.598Z] E0331 22:50:17.598363   20728 watch.go:40] Failed to load config from "d:\\SEVANI\\dataconnect": could not find dataconnect.yaml in `d:\SEVANI\dataconnect`
 {"metadata":{"emulator":{"name":"dataconnect"},"message":"E0331 22:50:17.598363   20728 watch.go:40] Failed to load config from \"d:\\\\SEVANI\\\\dataconnect\": could not find dataconnect.yaml in `d:\\SEVANI\\dataconnect`\n"}}
[debug] [2026-03-31T15:50:27.599Z] E0331 22:50:27.599171   20728 watch.go:40] Failed to load config from "d:\\SEVANI\\dataconnect": could not find dataconnect.yaml in `d:\SEVANI\dataconnect`
 {"metadata":{"emulator":{"name":"dataconnect"},"message":"E0331 22:50:27.599171   20728 watch.go:40] Failed to load config from \"d:\\\\SEVANI\\\\dataconnect\": could not find dataconnect.yaml in `d:\\SEVANI\\dataconnect`\n"}}
[debug] [2026-03-31T15:50:37.598Z] E0331 22:50:37.598433   20728 watch.go:40] Failed to load config from "d:\\SEVANI\\dataconnect": could not find dataconnect.yaml in `d:\SEVANI\dataconnect`
 {"metadata":{"emulator":{"name":"dataconnect"},"message":"E0331 22:50:37.598433   20728 watch.go:40] Failed to load config from \"d:\\\\SEVANI\\\\dataconnect\": could not find dataconnect.yaml in `d:\\SEVANI\\dataconnect`\n"}}
[debug] [2026-03-31T15:50:47.598Z] E0331 22:50:47.598473   20728 watch.go:40] Failed to load config from "d:\\SEVANI\\dataconnect": could not find dataconnect.yaml in `d:\SEVANI\dataconnect`
 {"metadata":{"emulator":{"name":"dataconnect"},"message":"E0331 22:50:47.598473   20728 watch.go:40] Failed to load config from \"d:\\\\SEVANI\\\\dataconnect\": could not find dataconnect.yaml in `d:\\SEVANI\\dataconnect`\n"}}
[debug] [2026-03-31T15:50:57.598Z] E0331 22:50:57.598512   20728 watch.go:40] Failed to load config from "d:\\SEVANI\\dataconnect": could not find dataconnect.yaml in `d:\SEVANI\dataconnect`
E0331 22:50:57.598512   20728 watch.go:116] watchAllDir unable to walk dir `d:\SEVANI\dataconnect`: GetFileAttributesEx d:\SEVANI\dataconnect: The system cannot find the file specified.
 {"metadata":{"emulator":{"name":"dataconnect"},"message":"E0331 22:50:57.598512   20728 watch.go:40] Failed to load config from \"d:\\\\SEVANI\\\\dataconnect\": could not find dataconnect.yaml in `d:\\SEVANI\\dataconnect`\nE0331 22:50:57.598512   20728 watch.go:116] watchAllDir unable to walk dir `d:\\SEVANI\\dataconnect`: GetFileAttributesEx d:\\SEVANI\\dataconnect: The system cannot find the file specified.\n"}}
[debug] [2026-03-31T15:51:07.598Z] E0331 22:51:07.598554   20728 watch.go:40] Failed to load config from "d:\\SEVANI\\dataconnect": could not find dataconnect.yaml in `d:\SEVANI\dataconnect`
 {"metadata":{"emulator":{"name":"dataconnect"},"message":"E0331 22:51:07.598554   20728 watch.go:40] Failed to load config from \"d:\\\\SEVANI\\\\dataconnect\": could not find dataconnect.yaml in `d:\\SEVANI\\dataconnect`\n"}}
[debug] [2026-03-31T15:51:17.598Z] E0331 22:51:17.598798   20728 watch.go:40] Failed to load config from "d:\\SEVANI\\dataconnect": could not find dataconnect.yaml in `d:\SEVANI\dataconnect`
 {"metadata":{"emulator":{"name":"dataconnect"},"message":"E0331 22:51:17.598798   20728 watch.go:40] Failed to load config from \"d:\\\\SEVANI\\\\dataconnect\": could not find dataconnect.yaml in `d:\\SEVANI\\dataconnect`\n"}}
[debug] [2026-03-31T15:51:27.598Z] E0331 22:51:27.598460   20728 watch.go:40] Failed to load config from "d:\\SEVANI\\dataconnect": could not find dataconnect.yaml in `d:\SEVANI\dataconnect`
 {"metadata":{"emulator":{"name":"dataconnect"},"message":"E0331 22:51:27.598460   20728 watch.go:40] Failed to load config from \"d:\\\\SEVANI\\\\dataconnect\": could not find dataconnect.yaml in `d:\\SEVANI\\dataconnect`\n"}}
[debug] [2026-03-31T15:51:37.598Z] E0331 22:51:37.598424   20728 watch.go:40] Failed to load config from "d:\\SEVANI\\dataconnect": could not find dataconnect.yaml in `d:\SEVANI\dataconnect`
 {"metadata":{"emulator":{"name":"dataconnect"},"message":"E0331 22:51:37.598424   20728 watch.go:40] Failed to load config from \"d:\\\\SEVANI\\\\dataconnect\": could not find dataconnect.yaml in `d:\\SEVANI\\dataconnect`\n"}}
[debug] [2026-03-31T15:51:47.598Z] E0331 22:51:47.598515   20728 watch.go:40] Failed to load config from "d:\\SEVANI\\dataconnect": could not find dataconnect.yaml in `d:\SEVANI\dataconnect`
 {"metadata":{"emulator":{"name":"dataconnect"},"message":"E0331 22:51:47.598515   20728 watch.go:40] Failed to load config from \"d:\\\\SEVANI\\\\dataconnect\": could not find dataconnect.yaml in `d:\\SEVANI\\dataconnect`\n"}}
[debug] [2026-03-31T15:51:57.598Z] E0331 22:51:57.598772   20728 watch.go:116] watchAllDir unable to walk dir `d:\SEVANI\dataconnect`: GetFileAttributesEx d:\SEVANI\dataconnect: The system cannot find the file specified.
 {"metadata":{"emulator":{"name":"dataconnect"},"message":"E0331 22:51:57.598772   20728 watch.go:116] watchAllDir unable to walk dir `d:\\SEVANI\\dataconnect`: GetFileAttributesEx d:\\SEVANI\\dataconnect: The system cannot find the file specified.\n"}}
[debug] [2026-03-31T15:51:57.599Z] E0331 22:51:57.598772   20728 watch.go:40] Failed to load config from "d:\\SEVANI\\dataconnect": could not find dataconnect.yaml in `d:\SEVANI\dataconnect`
 {"metadata":{"emulator":{"name":"dataconnect"},"message":"E0331 22:51:57.598772   20728 watch.go:40] Failed to load config from \"d:\\\\SEVANI\\\\dataconnect\": could not find dataconnect.yaml in `d:\\SEVANI\\dataconnect`\n"}}
[debug] [2026-03-31T15:52:07.600Z] E0331 22:52:07.598897   20728 watch.go:40] Failed to load config from "d:\\SEVANI\\dataconnect": could not find dataconnect.yaml in `d:\SEVANI\dataconnect`
 {"metadata":{"emulator":{"name":"dataconnect"},"message":"E0331 22:52:07.598897   20728 watch.go:40] Failed to load config from \"d:\\\\SEVANI\\\\dataconnect\": could not find dataconnect.yaml in `d:\\SEVANI\\dataconnect`\n"}}
[debug] [2026-03-31T15:52:17.598Z] E0331 22:52:17.598659   20728 watch.go:40] Failed to load config from "d:\\SEVANI\\dataconnect": could not find dataconnect.yaml in `d:\SEVANI\dataconnect`
 {"metadata":{"emulator":{"name":"dataconnect"},"message":"E0331 22:52:17.598659   20728 watch.go:40] Failed to load config from \"d:\\\\SEVANI\\\\dataconnect\": could not find dataconnect.yaml in `d:\\SEVANI\\dataconnect`\n"}}
[debug] [2026-03-31T15:52:27.598Z] E0331 22:52:27.598448   20728 watch.go:40] Failed to load config from "d:\\SEVANI\\dataconnect": could not find dataconnect.yaml in `d:\SEVANI\dataconnect`
 {"metadata":{"emulator":{"name":"dataconnect"},"message":"E0331 22:52:27.598448   20728 watch.go:40] Failed to load config from \"d:\\\\SEVANI\\\\dataconnect\": could not find dataconnect.yaml in `d:\\SEVANI\\dataconnect`\n"}}
[debug] [2026-03-31T15:52:37.598Z] E0331 22:52:37.598692   20728 watch.go:40] Failed to load config from "d:\\SEVANI\\dataconnect": could not find dataconnect.yaml in `d:\SEVANI\dataconnect`
 {"metadata":{"emulator":{"name":"dataconnect"},"message":"E0331 22:52:37.598692   20728 watch.go:40] Failed to load config from \"d:\\\\SEVANI\\\\dataconnect\": could not find dataconnect.yaml in `d:\\SEVANI\\dataconnect`\n"}}
[debug] [2026-03-31T15:52:47.598Z] E0331 22:52:47.598533   20728 watch.go:40] Failed to load config from "d:\\SEVANI\\dataconnect": could not find dataconnect.yaml in `d:\SEVANI\dataconnect`
 {"metadata":{"emulator":{"name":"dataconnect"},"message":"E0331 22:52:47.598533   20728 watch.go:40] Failed to load config from \"d:\\\\SEVANI\\\\dataconnect\": could not find dataconnect.yaml in `d:\\SEVANI\\dataconnect`\n"}}
[debug] [2026-03-31T15:52:57.598Z] E0331 22:52:57.598642   20728 watch.go:116] watchAllDir unable to walk dir `d:\SEVANI\dataconnect`: GetFileAttributesEx d:\SEVANI\dataconnect: The system cannot find the file specified.
E0331 22:52:57.598642   20728 watch.go:40] Failed to load config from "d:\\SEVANI\\dataconnect": could not find dataconnect.yaml in `d:\SEVANI\dataconnect`
 {"metadata":{"emulator":{"name":"dataconnect"},"message":"E0331 22:52:57.598642   20728 watch.go:116] watchAllDir unable to walk dir `d:\\SEVANI\\dataconnect`: GetFileAttributesEx d:\\SEVANI\\dataconnect: The system cannot find the file specified.\nE0331 22:52:57.598642   20728 watch.go:40] Failed to load config from \"d:\\\\SEVANI\\\\dataconnect\": could not find dataconnect.yaml in `d:\\SEVANI\\dataconnect`\n"}}
[debug] [2026-03-31T15:53:07.598Z] E0331 22:53:07.598957   20728 watch.go:40] Failed to load config from "d:\\SEVANI\\dataconnect": could not find dataconnect.yaml in `d:\SEVANI\dataconnect`
 {"metadata":{"emulator":{"name":"dataconnect"},"message":"E0331 22:53:07.598957   20728 watch.go:40] Failed to load config from \"d:\\\\SEVANI\\\\dataconnect\": could not find dataconnect.yaml in `d:\\SEVANI\\dataconnect`\n"}}
[debug] [2026-03-31T15:53:17.598Z] E0331 22:53:17.599041   20728 watch.go:40] Failed to load config from "d:\\SEVANI\\dataconnect": could not find dataconnect.yaml in `d:\SEVANI\dataconnect`
 {"metadata":{"emulator":{"name":"dataconnect"},"message":"E0331 22:53:17.599041   20728 watch.go:40] Failed to load config from \"d:\\\\SEVANI\\\\dataconnect\": could not find dataconnect.yaml in `d:\\SEVANI\\dataconnect`\n"}}
[debug] [2026-03-31T15:53:27.598Z] E0331 22:53:27.598511   20728 watch.go:40] Failed to load config from "d:\\SEVANI\\dataconnect": could not find dataconnect.yaml in `d:\SEVANI\dataconnect`
 {"metadata":{"emulator":{"name":"dataconnect"},"message":"E0331 22:53:27.598511   20728 watch.go:40] Failed to load config from \"d:\\\\SEVANI\\\\dataconnect\": could not find dataconnect.yaml in `d:\\SEVANI\\dataconnect`\n"}}
[debug] [2026-03-31T15:53:37.598Z] E0331 22:53:37.598618   20728 watch.go:40] Failed to load config from "d:\\SEVANI\\dataconnect": could not find dataconnect.yaml in `d:\SEVANI\dataconnect`
 {"metadata":{"emulator":{"name":"dataconnect"},"message":"E0331 22:53:37.598618   20728 watch.go:40] Failed to load config from \"d:\\\\SEVANI\\\\dataconnect\": could not find dataconnect.yaml in `d:\\SEVANI\\dataconnect`\n"}}
[debug] [2026-03-31T15:53:47.598Z] E0331 22:53:47.598574   20728 watch.go:40] Failed to load config from "d:\\SEVANI\\dataconnect": could not find dataconnect.yaml in `d:\SEVANI\dataconnect`
 {"metadata":{"emulator":{"name":"dataconnect"},"message":"E0331 22:53:47.598574   20728 watch.go:40] Failed to load config from \"d:\\\\SEVANI\\\\dataconnect\": could not find dataconnect.yaml in `d:\\SEVANI\\dataconnect`\n"}}
[debug] [2026-03-31T15:53:57.598Z] E0331 22:53:57.598818   20728 watch.go:116] watchAllDir unable to walk dir `d:\SEVANI\dataconnect`: GetFileAttributesEx d:\SEVANI\dataconnect: The system cannot find the file specified.
E0331 22:53:57.598818   20728 watch.go:40] Failed to load config from "d:\\SEVANI\\dataconnect": could not find dataconnect.yaml in `d:\SEVANI\dataconnect`
 {"metadata":{"emulator":{"name":"dataconnect"},"message":"E0331 22:53:57.598818   20728 watch.go:116] watchAllDir unable to walk dir `d:\\SEVANI\\dataconnect`: GetFileAttributesEx d:\\SEVANI\\dataconnect: The system cannot find the file specified.\nE0331 22:53:57.598818   20728 watch.go:40] Failed to load config from \"d:\\\\SEVANI\\\\dataconnect\": could not find dataconnect.yaml in `d:\\SEVANI\\dataconnect`\n"}}
[debug] [2026-03-31T15:54:07.598Z] E0331 22:54:07.598703   20728 watch.go:40] Failed to load config from "d:\\SEVANI\\dataconnect": could not find dataconnect.yaml in `d:\SEVANI\dataconnect`
 {"metadata":{"emulator":{"name":"dataconnect"},"message":"E0331 22:54:07.598703   20728 watch.go:40] Failed to load config from \"d:\\\\SEVANI\\\\dataconnect\": could not find dataconnect.yaml in `d:\\SEVANI\\dataconnect`\n"}}
[debug] [2026-03-31T15:54:17.598Z] E0331 22:54:17.598817   20728 watch.go:40] Failed to load config from "d:\\SEVANI\\dataconnect": could not find dataconnect.yaml in `d:\SEVANI\dataconnect`
 {"metadata":{"emulator":{"name":"dataconnect"},"message":"E0331 22:54:17.598817   20728 watch.go:40] Failed to load config from \"d:\\\\SEVANI\\\\dataconnect\": could not find dataconnect.yaml in `d:\\SEVANI\\dataconnect`\n"}}
[debug] [2026-03-31T15:54:27.599Z] E0331 22:54:27.599173   20728 watch.go:40] Failed to load config from "d:\\SEVANI\\dataconnect": could not find dataconnect.yaml in `d:\SEVANI\dataconnect`
 {"metadata":{"emulator":{"name":"dataconnect"},"message":"E0331 22:54:27.599173   20728 watch.go:40] Failed to load config from \"d:\\\\SEVANI\\\\dataconnect\": could not find dataconnect.yaml in `d:\\SEVANI\\dataconnect`\n"}}
[debug] [2026-03-31T15:54:37.598Z] E0331 22:54:37.598615   20728 watch.go:40] Failed to load config from "d:\\SEVANI\\dataconnect": could not find dataconnect.yaml in `d:\SEVANI\dataconnect`
 {"metadata":{"emulator":{"name":"dataconnect"},"message":"E0331 22:54:37.598615   20728 watch.go:40] Failed to load config from \"d:\\\\SEVANI\\\\dataconnect\": could not find dataconnect.yaml in `d:\\SEVANI\\dataconnect`\n"}}
[debug] [2026-03-31T15:54:47.599Z] E0331 22:54:47.598584   20728 watch.go:40] Failed to load config from "d:\\SEVANI\\dataconnect": could not find dataconnect.yaml in `d:\SEVANI\dataconnect`
 {"metadata":{"emulator":{"name":"dataconnect"},"message":"E0331 22:54:47.598584   20728 watch.go:40] Failed to load config from \"d:\\\\SEVANI\\\\dataconnect\": could not find dataconnect.yaml in `d:\\SEVANI\\dataconnect`\n"}}
[debug] [2026-03-31T15:54:57.598Z] E0331 22:54:57.598610   20728 watch.go:40] Failed to load config from "d:\\SEVANI\\dataconnect": could not find dataconnect.yaml in `d:\SEVANI\dataconnect`
E0331 22:54:57.598610   20728 watch.go:116] watchAllDir unable to walk dir `d:\SEVANI\dataconnect`: GetFileAttributesEx d:\SEVANI\dataconnect: The system cannot find the file specified.
 {"metadata":{"emulator":{"name":"dataconnect"},"message":"E0331 22:54:57.598610   20728 watch.go:40] Failed to load config from \"d:\\\\SEVANI\\\\dataconnect\": could not find dataconnect.yaml in `d:\\SEVANI\\dataconnect`\nE0331 22:54:57.598610   20728 watch.go:116] watchAllDir unable to walk dir `d:\\SEVANI\\dataconnect`: GetFileAttributesEx d:\\SEVANI\\dataconnect: The system cannot find the file specified.\n"}}
[debug] [2026-03-31T15:55:07.599Z] E0331 22:55:07.598721   20728 watch.go:40] Failed to load config from "d:\\SEVANI\\dataconnect": could not find dataconnect.yaml in `d:\SEVANI\dataconnect`
 {"metadata":{"emulator":{"name":"dataconnect"},"message":"E0331 22:55:07.598721   20728 watch.go:40] Failed to load config from \"d:\\\\SEVANI\\\\dataconnect\": could not find dataconnect.yaml in `d:\\SEVANI\\dataconnect`\n"}}
[debug] [2026-03-31T15:55:17.599Z] E0331 22:55:17.598741   20728 watch.go:40] Failed to load config from "d:\\SEVANI\\dataconnect": could not find dataconnect.yaml in `d:\SEVANI\dataconnect`
 {"metadata":{"emulator":{"name":"dataconnect"},"message":"E0331 22:55:17.598741   20728 watch.go:40] Failed to load config from \"d:\\\\SEVANI\\\\dataconnect\": could not find dataconnect.yaml in `d:\\SEVANI\\dataconnect`\n"}}
[debug] [2026-03-31T15:55:27.598Z] E0331 22:55:27.598432   20728 watch.go:40] Failed to load config from "d:\\SEVANI\\dataconnect": could not find dataconnect.yaml in `d:\SEVANI\dataconnect`
 {"metadata":{"emulator":{"name":"dataconnect"},"message":"E0331 22:55:27.598432   20728 watch.go:40] Failed to load config from \"d:\\\\SEVANI\\\\dataconnect\": could not find dataconnect.yaml in `d:\\SEVANI\\dataconnect`\n"}}
[debug] [2026-03-31T15:55:37.598Z] E0331 22:55:37.598514   20728 watch.go:40] Failed to load config from "d:\\SEVANI\\dataconnect": could not find dataconnect.yaml in `d:\SEVANI\dataconnect`
 {"metadata":{"emulator":{"name":"dataconnect"},"message":"E0331 22:55:37.598514   20728 watch.go:40] Failed to load config from \"d:\\\\SEVANI\\\\dataconnect\": could not find dataconnect.yaml in `d:\\SEVANI\\dataconnect`\n"}}
[debug] [2026-03-31T15:55:47.615Z] E0331 22:55:47.599171   20728 watch.go:40] Failed to load config from "d:\\SEVANI\\dataconnect": could not find dataconnect.yaml in `d:\SEVANI\dataconnect`
 {"metadata":{"emulator":{"name":"dataconnect"},"message":"E0331 22:55:47.599171   20728 watch.go:40] Failed to load config from \"d:\\\\SEVANI\\\\dataconnect\": could not find dataconnect.yaml in `d:\\SEVANI\\dataconnect`\n"}}
[debug] [2026-03-31T15:55:57.598Z] E0331 22:55:57.598681   20728 watch.go:40] Failed to load config from "d:\\SEVANI\\dataconnect": could not find dataconnect.yaml in `d:\SEVANI\dataconnect`
E0331 22:55:57.598681   20728 watch.go:116] watchAllDir unable to walk dir `d:\SEVANI\dataconnect`: GetFileAttributesEx d:\SEVANI\dataconnect: The system cannot find the file specified.
 {"metadata":{"emulator":{"name":"dataconnect"},"message":"E0331 22:55:57.598681   20728 watch.go:40] Failed to load config from \"d:\\\\SEVANI\\\\dataconnect\": could not find dataconnect.yaml in `d:\\SEVANI\\dataconnect`\nE0331 22:55:57.598681   20728 watch.go:116] watchAllDir unable to walk dir `d:\\SEVANI\\dataconnect`: GetFileAttributesEx d:\\SEVANI\\dataconnect: The system cannot find the file specified.\n"}}
[debug] [2026-03-31T15:56:07.619Z] E0331 22:56:07.598618   20728 watch.go:40] Failed to load config from "d:\\SEVANI\\dataconnect": could not find dataconnect.yaml in `d:\SEVANI\dataconnect`
 {"metadata":{"emulator":{"name":"dataconnect"},"message":"E0331 22:56:07.598618   20728 watch.go:40] Failed to load config from \"d:\\\\SEVANI\\\\dataconnect\": could not find dataconnect.yaml in `d:\\SEVANI\\dataconnect`\n"}}
[debug] [2026-03-31T15:56:17.599Z] E0331 22:56:17.599533   20728 watch.go:40] Failed to load config from "d:\\SEVANI\\dataconnect": could not find dataconnect.yaml in `d:\SEVANI\dataconnect`
 {"metadata":{"emulator":{"name":"dataconnect"},"message":"E0331 22:56:17.599533   20728 watch.go:40] Failed to load config from \"d:\\\\SEVANI\\\\dataconnect\": could not find dataconnect.yaml in `d:\\SEVANI\\dataconnect`\n"}}
[debug] [2026-03-31T15:56:27.609Z] E0331 22:56:27.610099   20728 watch.go:40] Failed to load config from "d:\\SEVANI\\dataconnect": could not find dataconnect.yaml in `d:\SEVANI\dataconnect`
 {"metadata":{"emulator":{"name":"dataconnect"},"message":"E0331 22:56:27.610099   20728 watch.go:40] Failed to load config from \"d:\\\\SEVANI\\\\dataconnect\": could not find dataconnect.yaml in `d:\\SEVANI\\dataconnect`\n"}}
[debug] [2026-03-31T15:56:37.599Z] E0331 22:56:37.599557   20728 watch.go:40] Failed to load config from "d:\\SEVANI\\dataconnect": could not find dataconnect.yaml in `d:\SEVANI\dataconnect`
 {"metadata":{"emulator":{"name":"dataconnect"},"message":"E0331 22:56:37.599557   20728 watch.go:40] Failed to load config from \"d:\\\\SEVANI\\\\dataconnect\": could not find dataconnect.yaml in `d:\\SEVANI\\dataconnect`\n"}}
[debug] [2026-03-31T15:56:47.597Z] E0331 22:56:47.598385   20728 watch.go:40] Failed to load config from "d:\\SEVANI\\dataconnect": could not find dataconnect.yaml in `d:\SEVANI\dataconnect`
 {"metadata":{"emulator":{"name":"dataconnect"},"message":"E0331 22:56:47.598385   20728 watch.go:40] Failed to load config from \"d:\\\\SEVANI\\\\dataconnect\": could not find dataconnect.yaml in `d:\\SEVANI\\dataconnect`\n"}}
[debug] [2026-03-31T15:56:57.598Z] E0331 22:56:57.598736   20728 watch.go:116] watchAllDir unable to walk dir `d:\SEVANI\dataconnect`: GetFileAttributesEx d:\SEVANI\dataconnect: The system cannot find the file specified.
E0331 22:56:57.598736   20728 watch.go:40] Failed to load config from "d:\\SEVANI\\dataconnect": could not find dataconnect.yaml in `d:\SEVANI\dataconnect`
 {"metadata":{"emulator":{"name":"dataconnect"},"message":"E0331 22:56:57.598736   20728 watch.go:116] watchAllDir unable to walk dir `d:\\SEVANI\\dataconnect`: GetFileAttributesEx d:\\SEVANI\\dataconnect: The system cannot find the file specified.\nE0331 22:56:57.598736   20728 watch.go:40] Failed to load config from \"d:\\\\SEVANI\\\\dataconnect\": could not find dataconnect.yaml in `d:\\SEVANI\\dataconnect`\n"}}
[debug] [2026-03-31T15:57:07.599Z] E0331 22:57:07.598891   20728 watch.go:40] Failed to load config from "d:\\SEVANI\\dataconnect": could not find dataconnect.yaml in `d:\SEVANI\dataconnect`
 {"metadata":{"emulator":{"name":"dataconnect"},"message":"E0331 22:57:07.598891   20728 watch.go:40] Failed to load config from \"d:\\\\SEVANI\\\\dataconnect\": could not find dataconnect.yaml in `d:\\SEVANI\\dataconnect`\n"}}
[debug] [2026-03-31T15:57:17.598Z] E0331 22:57:17.598628   20728 watch.go:40] Failed to load config from "d:\\SEVANI\\dataconnect": could not find dataconnect.yaml in `d:\SEVANI\dataconnect`
 {"metadata":{"emulator":{"name":"dataconnect"},"message":"E0331 22:57:17.598628   20728 watch.go:40] Failed to load config from \"d:\\\\SEVANI\\\\dataconnect\": could not find dataconnect.yaml in `d:\\SEVANI\\dataconnect`\n"}}
[debug] [2026-03-31T15:57:27.598Z] E0331 22:57:27.598382   20728 watch.go:40] Failed to load config from "d:\\SEVANI\\dataconnect": could not find dataconnect.yaml in `d:\SEVANI\dataconnect`
 {"metadata":{"emulator":{"name":"dataconnect"},"message":"E0331 22:57:27.598382   20728 watch.go:40] Failed to load config from \"d:\\\\SEVANI\\\\dataconnect\": could not find dataconnect.yaml in `d:\\SEVANI\\dataconnect`\n"}}
[debug] [2026-03-31T15:57:37.598Z] E0331 22:57:37.598766   20728 watch.go:40] Failed to load config from "d:\\SEVANI\\dataconnect": could not find dataconnect.yaml in `d:\SEVANI\dataconnect`
 {"metadata":{"emulator":{"name":"dataconnect"},"message":"E0331 22:57:37.598766   20728 watch.go:40] Failed to load config from \"d:\\\\SEVANI\\\\dataconnect\": could not find dataconnect.yaml in `d:\\SEVANI\\dataconnect`\n"}}
[debug] [2026-03-31T15:57:47.598Z] E0331 22:57:47.598839   20728 watch.go:40] Failed to load config from "d:\\SEVANI\\dataconnect": could not find dataconnect.yaml in `d:\SEVANI\dataconnect`
 {"metadata":{"emulator":{"name":"dataconnect"},"message":"E0331 22:57:47.598839   20728 watch.go:40] Failed to load config from \"d:\\\\SEVANI\\\\dataconnect\": could not find dataconnect.yaml in `d:\\SEVANI\\dataconnect`\n"}}
[debug] [2026-03-31T15:57:57.598Z] E0331 22:57:57.598777   20728 watch.go:116] watchAllDir unable to walk dir `d:\SEVANI\dataconnect`: GetFileAttributesEx d:\SEVANI\dataconnect: The system cannot find the file specified.
E0331 22:57:57.598777   20728 watch.go:40] Failed to load config from "d:\\SEVANI\\dataconnect": could not find dataconnect.yaml in `d:\SEVANI\dataconnect`
 {"metadata":{"emulator":{"name":"dataconnect"},"message":"E0331 22:57:57.598777   20728 watch.go:116] watchAllDir unable to walk dir `d:\\SEVANI\\dataconnect`: GetFileAttributesEx d:\\SEVANI\\dataconnect: The system cannot find the file specified.\nE0331 22:57:57.598777   20728 watch.go:40] Failed to load config from \"d:\\\\SEVANI\\\\dataconnect\": could not find dataconnect.yaml in `d:\\SEVANI\\dataconnect`\n"}}
[debug] [2026-03-31T15:58:07.600Z] E0331 22:58:07.599372   20728 watch.go:40] Failed to load config from "d:\\SEVANI\\dataconnect": could not find dataconnect.yaml in `d:\SEVANI\dataconnect`
 {"metadata":{"emulator":{"name":"dataconnect"},"message":"E0331 22:58:07.599372   20728 watch.go:40] Failed to load config from \"d:\\\\SEVANI\\\\dataconnect\": could not find dataconnect.yaml in `d:\\SEVANI\\dataconnect`\n"}}
[debug] [2026-03-31T15:58:17.599Z] E0331 22:58:17.599062   20728 watch.go:40] Failed to load config from "d:\\SEVANI\\dataconnect": could not find dataconnect.yaml in `d:\SEVANI\dataconnect`
 {"metadata":{"emulator":{"name":"dataconnect"},"message":"E0331 22:58:17.599062   20728 watch.go:40] Failed to load config from \"d:\\\\SEVANI\\\\dataconnect\": could not find dataconnect.yaml in `d:\\SEVANI\\dataconnect`\n"}}
[debug] [2026-03-31T15:58:27.598Z] E0331 22:58:27.598678   20728 watch.go:40] Failed to load config from "d:\\SEVANI\\dataconnect": could not find dataconnect.yaml in `d:\SEVANI\dataconnect`
 {"metadata":{"emulator":{"name":"dataconnect"},"message":"E0331 22:58:27.598678   20728 watch.go:40] Failed to load config from \"d:\\\\SEVANI\\\\dataconnect\": could not find dataconnect.yaml in `d:\\SEVANI\\dataconnect`\n"}}
[debug] [2026-03-31T15:58:37.599Z] E0331 22:58:37.598462   20728 watch.go:40] Failed to load config from "d:\\SEVANI\\dataconnect": could not find dataconnect.yaml in `d:\SEVANI\dataconnect`
 {"metadata":{"emulator":{"name":"dataconnect"},"message":"E0331 22:58:37.598462   20728 watch.go:40] Failed to load config from \"d:\\\\SEVANI\\\\dataconnect\": could not find dataconnect.yaml in `d:\\SEVANI\\dataconnect`\n"}}
[debug] [2026-03-31T15:58:47.599Z] E0331 22:58:47.599094   20728 watch.go:40] Failed to load config from "d:\\SEVANI\\dataconnect": could not find dataconnect.yaml in `d:\SEVANI\dataconnect`
 {"metadata":{"emulator":{"name":"dataconnect"},"message":"E0331 22:58:47.599094   20728 watch.go:40] Failed to load config from \"d:\\\\SEVANI\\\\dataconnect\": could not find dataconnect.yaml in `d:\\SEVANI\\dataconnect`\n"}}
[debug] [2026-03-31T15:58:57.599Z] E0331 22:58:57.598846   20728 watch.go:40] Failed to load config from "d:\\SEVANI\\dataconnect": could not find dataconnect.yaml in `d:\SEVANI\dataconnect`
E0331 22:58:57.598846   20728 watch.go:116] watchAllDir unable to walk dir `d:\SEVANI\dataconnect`: GetFileAttributesEx d:\SEVANI\dataconnect: The system cannot find the file specified.
 {"metadata":{"emulator":{"name":"dataconnect"},"message":"E0331 22:58:57.598846   20728 watch.go:40] Failed to load config from \"d:\\\\SEVANI\\\\dataconnect\": could not find dataconnect.yaml in `d:\\SEVANI\\dataconnect`\nE0331 22:58:57.598846   20728 watch.go:116] watchAllDir unable to walk dir `d:\\SEVANI\\dataconnect`: GetFileAttributesEx d:\\SEVANI\\dataconnect: The system cannot find the file specified.\n"}}
[debug] [2026-03-31T15:59:07.598Z] E0331 22:59:07.598833   20728 watch.go:40] Failed to load config from "d:\\SEVANI\\dataconnect": could not find dataconnect.yaml in `d:\SEVANI\dataconnect`
 {"metadata":{"emulator":{"name":"dataconnect"},"message":"E0331 22:59:07.598833   20728 watch.go:40] Failed to load config from \"d:\\\\SEVANI\\\\dataconnect\": could not find dataconnect.yaml in `d:\\SEVANI\\dataconnect`\n"}}
[debug] [2026-03-31T15:59:17.599Z] E0331 22:59:17.598779   20728 watch.go:40] Failed to load config from "d:\\SEVANI\\dataconnect": could not find dataconnect.yaml in `d:\SEVANI\dataconnect`
 {"metadata":{"emulator":{"name":"dataconnect"},"message":"E0331 22:59:17.598779   20728 watch.go:40] Failed to load config from \"d:\\\\SEVANI\\\\dataconnect\": could not find dataconnect.yaml in `d:\\SEVANI\\dataconnect`\n"}}
[debug] [2026-03-31T15:59:27.598Z] E0331 22:59:27.598824   20728 watch.go:40] Failed to load config from "d:\\SEVANI\\dataconnect": could not find dataconnect.yaml in `d:\SEVANI\dataconnect`
 {"metadata":{"emulator":{"name":"dataconnect"},"message":"E0331 22:59:27.598824   20728 watch.go:40] Failed to load config from \"d:\\\\SEVANI\\\\dataconnect\": could not find dataconnect.yaml in `d:\\SEVANI\\dataconnect`\n"}}
[debug] [2026-03-31T15:59:37.598Z] E0331 22:59:37.598728   20728 watch.go:40] Failed to load config from "d:\\SEVANI\\dataconnect": could not find dataconnect.yaml in `d:\SEVANI\dataconnect`
 {"metadata":{"emulator":{"name":"dataconnect"},"message":"E0331 22:59:37.598728   20728 watch.go:40] Failed to load config from \"d:\\\\SEVANI\\\\dataconnect\": could not find dataconnect.yaml in `d:\\SEVANI\\dataconnect`\n"}}
[debug] [2026-03-31T15:59:47.598Z] E0331 22:59:47.598530   20728 watch.go:40] Failed to load config from "d:\\SEVANI\\dataconnect": could not find dataconnect.yaml in `d:\SEVANI\dataconnect`
 {"metadata":{"emulator":{"name":"dataconnect"},"message":"E0331 22:59:47.598530   20728 watch.go:40] Failed to load config from \"d:\\\\SEVANI\\\\dataconnect\": could not find dataconnect.yaml in `d:\\SEVANI\\dataconnect`\n"}}
[debug] [2026-03-31T15:59:57.599Z] E0331 22:59:57.598628   20728 watch.go:116] watchAllDir unable to walk dir `d:\SEVANI\dataconnect`: GetFileAttributesEx d:\SEVANI\dataconnect: The system cannot find the file specified.
E0331 22:59:57.598628   20728 watch.go:40] Failed to load config from "d:\\SEVANI\\dataconnect": could not find dataconnect.yaml in `d:\SEVANI\dataconnect`
 {"metadata":{"emulator":{"name":"dataconnect"},"message":"E0331 22:59:57.598628   20728 watch.go:116] watchAllDir unable to walk dir `d:\\SEVANI\\dataconnect`: GetFileAttributesEx d:\\SEVANI\\dataconnect: The system cannot find the file specified.\nE0331 22:59:57.598628   20728 watch.go:40] Failed to load config from \"d:\\\\SEVANI\\\\dataconnect\": could not find dataconnect.yaml in `d:\\SEVANI\\dataconnect`\n"}}
[debug] [2026-03-31T16:00:07.598Z] E0331 23:00:07.599239   20728 watch.go:40] Failed to load config from "d:\\SEVANI\\dataconnect": could not find dataconnect.yaml in `d:\SEVANI\dataconnect`
 {"metadata":{"emulator":{"name":"dataconnect"},"message":"E0331 23:00:07.599239   20728 watch.go:40] Failed to load config from \"d:\\\\SEVANI\\\\dataconnect\": could not find dataconnect.yaml in `d:\\SEVANI\\dataconnect`\n"}}
[debug] [2026-03-31T16:00:17.598Z] E0331 23:00:17.598651   20728 watch.go:40] Failed to load config from "d:\\SEVANI\\dataconnect": could not find dataconnect.yaml in `d:\SEVANI\dataconnect`
 {"metadata":{"emulator":{"name":"dataconnect"},"message":"E0331 23:00:17.598651   20728 watch.go:40] Failed to load config from \"d:\\\\SEVANI\\\\dataconnect\": could not find dataconnect.yaml in `d:\\SEVANI\\dataconnect`\n"}}
[debug] [2026-03-31T16:00:27.598Z] E0331 23:00:27.598925   20728 watch.go:40] Failed to load config from "d:\\SEVANI\\dataconnect": could not find dataconnect.yaml in `d:\SEVANI\dataconnect`
 {"metadata":{"emulator":{"name":"dataconnect"},"message":"E0331 23:00:27.598925   20728 watch.go:40] Failed to load config from \"d:\\\\SEVANI\\\\dataconnect\": could not find dataconnect.yaml in `d:\\SEVANI\\dataconnect`\n"}}
[debug] [2026-03-31T16:00:37.597Z] E0331 23:00:37.598624   20728 watch.go:40] Failed to load config from "d:\\SEVANI\\dataconnect": could not find dataconnect.yaml in `d:\SEVANI\dataconnect`
 {"metadata":{"emulator":{"name":"dataconnect"},"message":"E0331 23:00:37.598624   20728 watch.go:40] Failed to load config from \"d:\\\\SEVANI\\\\dataconnect\": could not find dataconnect.yaml in `d:\\SEVANI\\dataconnect`\n"}}
[debug] [2026-03-31T16:00:47.598Z] E0331 23:00:47.599321   20728 watch.go:40] Failed to load config from "d:\\SEVANI\\dataconnect": could not find dataconnect.yaml in `d:\SEVANI\dataconnect`
 {"metadata":{"emulator":{"name":"dataconnect"},"message":"E0331 23:00:47.599321   20728 watch.go:40] Failed to load config from \"d:\\\\SEVANI\\\\dataconnect\": could not find dataconnect.yaml in `d:\\SEVANI\\dataconnect`\n"}}
[debug] [2026-03-31T16:00:57.597Z] E0331 23:00:57.598417   20728 watch.go:116] watchAllDir unable to walk dir `d:\SEVANI\dataconnect`: GetFileAttributesEx d:\SEVANI\dataconnect: The system cannot find the file specified.
E0331 23:00:57.598417   20728 watch.go:40] Failed to load config from "d:\\SEVANI\\dataconnect": could not find dataconnect.yaml in `d:\SEVANI\dataconnect`
 {"metadata":{"emulator":{"name":"dataconnect"},"message":"E0331 23:00:57.598417   20728 watch.go:116] watchAllDir unable to walk dir `d:\\SEVANI\\dataconnect`: GetFileAttributesEx d:\\SEVANI\\dataconnect: The system cannot find the file specified.\nE0331 23:00:57.598417   20728 watch.go:40] Failed to load config from \"d:\\\\SEVANI\\\\dataconnect\": could not find dataconnect.yaml in `d:\\SEVANI\\dataconnect`\n"}}
[debug] [2026-03-31T16:01:07.598Z] E0331 23:01:07.598565   20728 watch.go:40] Failed to load config from "d:\\SEVANI\\dataconnect": could not find dataconnect.yaml in `d:\SEVANI\dataconnect`
 {"metadata":{"emulator":{"name":"dataconnect"},"message":"E0331 23:01:07.598565   20728 watch.go:40] Failed to load config from \"d:\\\\SEVANI\\\\dataconnect\": could not find dataconnect.yaml in `d:\\SEVANI\\dataconnect`\n"}}
[debug] [2026-03-31T16:01:17.598Z] E0331 23:01:17.598381   20728 watch.go:40] Failed to load config from "d:\\SEVANI\\dataconnect": could not find dataconnect.yaml in `d:\SEVANI\dataconnect`
 {"metadata":{"emulator":{"name":"dataconnect"},"message":"E0331 23:01:17.598381   20728 watch.go:40] Failed to load config from \"d:\\\\SEVANI\\\\dataconnect\": could not find dataconnect.yaml in `d:\\SEVANI\\dataconnect`\n"}}
[debug] [2026-03-31T16:01:27.598Z] E0331 23:01:27.598436   20728 watch.go:40] Failed to load config from "d:\\SEVANI\\dataconnect": could not find dataconnect.yaml in `d:\SEVANI\dataconnect`
 {"metadata":{"emulator":{"name":"dataconnect"},"message":"E0331 23:01:27.598436   20728 watch.go:40] Failed to load config from \"d:\\\\SEVANI\\\\dataconnect\": could not find dataconnect.yaml in `d:\\SEVANI\\dataconnect`\n"}}
[debug] [2026-03-31T16:01:37.598Z] E0331 23:01:37.598310   20728 watch.go:40] Failed to load config from "d:\\SEVANI\\dataconnect": could not find dataconnect.yaml in `d:\SEVANI\dataconnect`
 {"metadata":{"emulator":{"name":"dataconnect"},"message":"E0331 23:01:37.598310   20728 watch.go:40] Failed to load config from \"d:\\\\SEVANI\\\\dataconnect\": could not find dataconnect.yaml in `d:\\SEVANI\\dataconnect`\n"}}
[debug] [2026-03-31T16:01:47.598Z] E0331 23:01:47.598640   20728 watch.go:40] Failed to load config from "d:\\SEVANI\\dataconnect": could not find dataconnect.yaml in `d:\SEVANI\dataconnect`
 {"metadata":{"emulator":{"name":"dataconnect"},"message":"E0331 23:01:47.598640   20728 watch.go:40] Failed to load config from \"d:\\\\SEVANI\\\\dataconnect\": could not find dataconnect.yaml in `d:\\SEVANI\\dataconnect`\n"}}
[debug] [2026-03-31T16:01:57.598Z] E0331 23:01:57.598754   20728 watch.go:116] watchAllDir unable to walk dir `d:\SEVANI\dataconnect`: GetFileAttributesEx d:\SEVANI\dataconnect: The system cannot find the file specified.
E0331 23:01:57.598754   20728 watch.go:40] Failed to load config from "d:\\SEVANI\\dataconnect": could not find dataconnect.yaml in `d:\SEVANI\dataconnect`
 {"metadata":{"emulator":{"name":"dataconnect"},"message":"E0331 23:01:57.598754   20728 watch.go:116] watchAllDir unable to walk dir `d:\\SEVANI\\dataconnect`: GetFileAttributesEx d:\\SEVANI\\dataconnect: The system cannot find the file specified.\nE0331 23:01:57.598754   20728 watch.go:40] Failed to load config from \"d:\\\\SEVANI\\\\dataconnect\": could not find dataconnect.yaml in `d:\\SEVANI\\dataconnect`\n"}}
[debug] [2026-03-31T16:02:07.598Z] E0331 23:02:07.598464   20728 watch.go:40] Failed to load config from "d:\\SEVANI\\dataconnect": could not find dataconnect.yaml in `d:\SEVANI\dataconnect`
 {"metadata":{"emulator":{"name":"dataconnect"},"message":"E0331 23:02:07.598464   20728 watch.go:40] Failed to load config from \"d:\\\\SEVANI\\\\dataconnect\": could not find dataconnect.yaml in `d:\\SEVANI\\dataconnect`\n"}}
[debug] [2026-03-31T16:02:17.598Z] E0331 23:02:17.598742   20728 watch.go:40] Failed to load config from "d:\\SEVANI\\dataconnect": could not find dataconnect.yaml in `d:\SEVANI\dataconnect`
 {"metadata":{"emulator":{"name":"dataconnect"},"message":"E0331 23:02:17.598742   20728 watch.go:40] Failed to load config from \"d:\\\\SEVANI\\\\dataconnect\": could not find dataconnect.yaml in `d:\\SEVANI\\dataconnect`\n"}}
[debug] [2026-03-31T16:02:27.598Z] E0331 23:02:27.598653   20728 watch.go:40] Failed to load config from "d:\\SEVANI\\dataconnect": could not find dataconnect.yaml in `d:\SEVANI\dataconnect`
 {"metadata":{"emulator":{"name":"dataconnect"},"message":"E0331 23:02:27.598653   20728 watch.go:40] Failed to load config from \"d:\\\\SEVANI\\\\dataconnect\": could not find dataconnect.yaml in `d:\\SEVANI\\dataconnect`\n"}}
[debug] [2026-03-31T16:02:37.598Z] E0331 23:02:37.598399   20728 watch.go:40] Failed to load config from "d:\\SEVANI\\dataconnect": could not find dataconnect.yaml in `d:\SEVANI\dataconnect`
 {"metadata":{"emulator":{"name":"dataconnect"},"message":"E0331 23:02:37.598399   20728 watch.go:40] Failed to load config from \"d:\\\\SEVANI\\\\dataconnect\": could not find dataconnect.yaml in `d:\\SEVANI\\dataconnect`\n"}}
[debug] [2026-03-31T16:02:47.598Z] E0331 23:02:47.598799   20728 watch.go:40] Failed to load config from "d:\\SEVANI\\dataconnect": could not find dataconnect.yaml in `d:\SEVANI\dataconnect`
 {"metadata":{"emulator":{"name":"dataconnect"},"message":"E0331 23:02:47.598799   20728 watch.go:40] Failed to load config from \"d:\\\\SEVANI\\\\dataconnect\": could not find dataconnect.yaml in `d:\\SEVANI\\dataconnect`\n"}}
[debug] [2026-03-31T16:02:57.598Z] E0331 23:02:57.598900   20728 watch.go:116] watchAllDir unable to walk dir `d:\SEVANI\dataconnect`: GetFileAttributesEx d:\SEVANI\dataconnect: The system cannot find the file specified.
E0331 23:02:57.598900   20728 watch.go:40] Failed to load config from "d:\\SEVANI\\dataconnect": could not find dataconnect.yaml in `d:\SEVANI\dataconnect`
 {"metadata":{"emulator":{"name":"dataconnect"},"message":"E0331 23:02:57.598900   20728 watch.go:116] watchAllDir unable to walk dir `d:\\SEVANI\\dataconnect`: GetFileAttributesEx d:\\SEVANI\\dataconnect: The system cannot find the file specified.\nE0331 23:02:57.598900   20728 watch.go:40] Failed to load config from \"d:\\\\SEVANI\\\\dataconnect\": could not find dataconnect.yaml in `d:\\SEVANI\\dataconnect`\n"}}
[debug] [2026-03-31T16:03:07.598Z] E0331 23:03:07.598467   20728 watch.go:40] Failed to load config from "d:\\SEVANI\\dataconnect": could not find dataconnect.yaml in `d:\SEVANI\dataconnect`
 {"metadata":{"emulator":{"name":"dataconnect"},"message":"E0331 23:03:07.598467   20728 watch.go:40] Failed to load config from \"d:\\\\SEVANI\\\\dataconnect\": could not find dataconnect.yaml in `d:\\SEVANI\\dataconnect`\n"}}
[debug] [2026-03-31T16:03:17.598Z] E0331 23:03:17.598425   20728 watch.go:40] Failed to load config from "d:\\SEVANI\\dataconnect": could not find dataconnect.yaml in `d:\SEVANI\dataconnect`
 {"metadata":{"emulator":{"name":"dataconnect"},"message":"E0331 23:03:17.598425   20728 watch.go:40] Failed to load config from \"d:\\\\SEVANI\\\\dataconnect\": could not find dataconnect.yaml in `d:\\SEVANI\\dataconnect`\n"}}
[debug] [2026-03-31T16:03:27.598Z] E0331 23:03:27.598516   20728 watch.go:40] Failed to load config from "d:\\SEVANI\\dataconnect": could not find dataconnect.yaml in `d:\SEVANI\dataconnect`
 {"metadata":{"emulator":{"name":"dataconnect"},"message":"E0331 23:03:27.598516   20728 watch.go:40] Failed to load config from \"d:\\\\SEVANI\\\\dataconnect\": could not find dataconnect.yaml in `d:\\SEVANI\\dataconnect`\n"}}
[debug] [2026-03-31T16:03:37.598Z] E0331 23:03:37.598659   20728 watch.go:40] Failed to load config from "d:\\SEVANI\\dataconnect": could not find dataconnect.yaml in `d:\SEVANI\dataconnect`
 {"metadata":{"emulator":{"name":"dataconnect"},"message":"E0331 23:03:37.598659   20728 watch.go:40] Failed to load config from \"d:\\\\SEVANI\\\\dataconnect\": could not find dataconnect.yaml in `d:\\SEVANI\\dataconnect`\n"}}
[debug] [2026-03-31T16:03:47.598Z] E0331 23:03:47.598727   20728 watch.go:40] Failed to load config from "d:\\SEVANI\\dataconnect": could not find dataconnect.yaml in `d:\SEVANI\dataconnect`
 {"metadata":{"emulator":{"name":"dataconnect"},"message":"E0331 23:03:47.598727   20728 watch.go:40] Failed to load config from \"d:\\\\SEVANI\\\\dataconnect\": could not find dataconnect.yaml in `d:\\SEVANI\\dataconnect`\n"}}
[debug] [2026-03-31T16:03:57.598Z] E0331 23:03:57.598714   20728 watch.go:116] watchAllDir unable to walk dir `d:\SEVANI\dataconnect`: GetFileAttributesEx d:\SEVANI\dataconnect: The system cannot find the file specified.
E0331 23:03:57.598714   20728 watch.go:40] Failed to load config from "d:\\SEVANI\\dataconnect": could not find dataconnect.yaml in `d:\SEVANI\dataconnect`
 {"metadata":{"emulator":{"name":"dataconnect"},"message":"E0331 23:03:57.598714   20728 watch.go:116] watchAllDir unable to walk dir `d:\\SEVANI\\dataconnect`: GetFileAttributesEx d:\\SEVANI\\dataconnect: The system cannot find the file specified.\nE0331 23:03:57.598714   20728 watch.go:40] Failed to load config from \"d:\\\\SEVANI\\\\dataconnect\": could not find dataconnect.yaml in `d:\\SEVANI\\dataconnect`\n"}}
[debug] [2026-03-31T16:04:07.598Z] E0331 23:04:07.598479   20728 watch.go:40] Failed to load config from "d:\\SEVANI\\dataconnect": could not find dataconnect.yaml in `d:\SEVANI\dataconnect`
 {"metadata":{"emulator":{"name":"dataconnect"},"message":"E0331 23:04:07.598479   20728 watch.go:40] Failed to load config from \"d:\\\\SEVANI\\\\dataconnect\": could not find dataconnect.yaml in `d:\\SEVANI\\dataconnect`\n"}}
[debug] [2026-03-31T16:04:17.598Z] E0331 23:04:17.598835   20728 watch.go:40] Failed to load config from "d:\\SEVANI\\dataconnect": could not find dataconnect.yaml in `d:\SEVANI\dataconnect`
 {"metadata":{"emulator":{"name":"dataconnect"},"message":"E0331 23:04:17.598835   20728 watch.go:40] Failed to load config from \"d:\\\\SEVANI\\\\dataconnect\": could not find dataconnect.yaml in `d:\\SEVANI\\dataconnect`\n"}}
[debug] [2026-03-31T16:04:27.598Z] E0331 23:04:27.598495   20728 watch.go:40] Failed to load config from "d:\\SEVANI\\dataconnect": could not find dataconnect.yaml in `d:\SEVANI\dataconnect`
 {"metadata":{"emulator":{"name":"dataconnect"},"message":"E0331 23:04:27.598495   20728 watch.go:40] Failed to load config from \"d:\\\\SEVANI\\\\dataconnect\": could not find dataconnect.yaml in `d:\\SEVANI\\dataconnect`\n"}}
[debug] [2026-03-31T16:04:37.598Z] E0331 23:04:37.599129   20728 watch.go:40] Failed to load config from "d:\\SEVANI\\dataconnect": could not find dataconnect.yaml in `d:\SEVANI\dataconnect`
 {"metadata":{"emulator":{"name":"dataconnect"},"message":"E0331 23:04:37.599129   20728 watch.go:40] Failed to load config from \"d:\\\\SEVANI\\\\dataconnect\": could not find dataconnect.yaml in `d:\\SEVANI\\dataconnect`\n"}}
[debug] [2026-03-31T16:04:47.598Z] E0331 23:04:47.598590   20728 watch.go:40] Failed to load config from "d:\\SEVANI\\dataconnect": could not find dataconnect.yaml in `d:\SEVANI\dataconnect`
 {"metadata":{"emulator":{"name":"dataconnect"},"message":"E0331 23:04:47.598590   20728 watch.go:40] Failed to load config from \"d:\\\\SEVANI\\\\dataconnect\": could not find dataconnect.yaml in `d:\\SEVANI\\dataconnect`\n"}}
[debug] [2026-03-31T16:04:57.598Z] E0331 23:04:57.598894   20728 watch.go:116] watchAllDir unable to walk dir `d:\SEVANI\dataconnect`: GetFileAttributesEx d:\SEVANI\dataconnect: The system cannot find the file specified.
E0331 23:04:57.598894   20728 watch.go:40] Failed to load config from "d:\\SEVANI\\dataconnect": could not find dataconnect.yaml in `d:\SEVANI\dataconnect`
 {"metadata":{"emulator":{"name":"dataconnect"},"message":"E0331 23:04:57.598894   20728 watch.go:116] watchAllDir unable to walk dir `d:\\SEVANI\\dataconnect`: GetFileAttributesEx d:\\SEVANI\\dataconnect: The system cannot find the file specified.\nE0331 23:04:57.598894   20728 watch.go:40] Failed to load config from \"d:\\\\SEVANI\\\\dataconnect\": could not find dataconnect.yaml in `d:\\SEVANI\\dataconnect`\n"}}
[debug] [2026-03-31T16:05:07.598Z] E0331 23:05:07.598933   20728 watch.go:40] Failed to load config from "d:\\SEVANI\\dataconnect": could not find dataconnect.yaml in `d:\SEVANI\dataconnect`
 {"metadata":{"emulator":{"name":"dataconnect"},"message":"E0331 23:05:07.598933   20728 watch.go:40] Failed to load config from \"d:\\\\SEVANI\\\\dataconnect\": could not find dataconnect.yaml in `d:\\SEVANI\\dataconnect`\n"}}
[debug] [2026-03-31T16:05:17.598Z] E0331 23:05:17.598834   20728 watch.go:40] Failed to load config from "d:\\SEVANI\\dataconnect": could not find dataconnect.yaml in `d:\SEVANI\dataconnect`
 {"metadata":{"emulator":{"name":"dataconnect"},"message":"E0331 23:05:17.598834   20728 watch.go:40] Failed to load config from \"d:\\\\SEVANI\\\\dataconnect\": could not find dataconnect.yaml in `d:\\SEVANI\\dataconnect`\n"}}
[debug] [2026-03-31T16:05:27.598Z] E0331 23:05:27.598892   20728 watch.go:40] Failed to load config from "d:\\SEVANI\\dataconnect": could not find dataconnect.yaml in `d:\SEVANI\dataconnect`
 {"metadata":{"emulator":{"name":"dataconnect"},"message":"E0331 23:05:27.598892   20728 watch.go:40] Failed to load config from \"d:\\\\SEVANI\\\\dataconnect\": could not find dataconnect.yaml in `d:\\SEVANI\\dataconnect`\n"}}
[debug] [2026-03-31T16:05:37.598Z] E0331 23:05:37.598831   20728 watch.go:40] Failed to load config from "d:\\SEVANI\\dataconnect": could not find dataconnect.yaml in `d:\SEVANI\dataconnect`
 {"metadata":{"emulator":{"name":"dataconnect"},"message":"E0331 23:05:37.598831   20728 watch.go:40] Failed to load config from \"d:\\\\SEVANI\\\\dataconnect\": could not find dataconnect.yaml in `d:\\SEVANI\\dataconnect`\n"}}
[debug] [2026-03-31T16:05:47.598Z] E0331 23:05:47.598431   20728 watch.go:40] Failed to load config from "d:\\SEVANI\\dataconnect": could not find dataconnect.yaml in `d:\SEVANI\dataconnect`
 {"metadata":{"emulator":{"name":"dataconnect"},"message":"E0331 23:05:47.598431   20728 watch.go:40] Failed to load config from \"d:\\\\SEVANI\\\\dataconnect\": could not find dataconnect.yaml in `d:\\SEVANI\\dataconnect`\n"}}
[debug] [2026-03-31T16:05:57.598Z] E0331 23:05:57.598633   20728 watch.go:116] watchAllDir unable to walk dir `d:\SEVANI\dataconnect`: GetFileAttributesEx d:\SEVANI\dataconnect: The system cannot find the file specified.
E0331 23:05:57.598633   20728 watch.go:40] Failed to load config from "d:\\SEVANI\\dataconnect": could not find dataconnect.yaml in `d:\SEVANI\dataconnect`
 {"metadata":{"emulator":{"name":"dataconnect"},"message":"E0331 23:05:57.598633   20728 watch.go:116] watchAllDir unable to walk dir `d:\\SEVANI\\dataconnect`: GetFileAttributesEx d:\\SEVANI\\dataconnect: The system cannot find the file specified.\nE0331 23:05:57.598633   20728 watch.go:40] Failed to load config from \"d:\\\\SEVANI\\\\dataconnect\": could not find dataconnect.yaml in `d:\\SEVANI\\dataconnect`\n"}}
[debug] [2026-03-31T16:06:07.601Z] E0331 23:06:07.600737   20728 watch.go:40] Failed to load config from "d:\\SEVANI\\dataconnect": could not find dataconnect.yaml in `d:\SEVANI\dataconnect`
 {"metadata":{"emulator":{"name":"dataconnect"},"message":"E0331 23:06:07.600737   20728 watch.go:40] Failed to load config from \"d:\\\\SEVANI\\\\dataconnect\": could not find dataconnect.yaml in `d:\\SEVANI\\dataconnect`\n"}}
[debug] [2026-03-31T16:06:17.598Z] E0331 23:06:17.598525   20728 watch.go:40] Failed to load config from "d:\\SEVANI\\dataconnect": could not find dataconnect.yaml in `d:\SEVANI\dataconnect`
 {"metadata":{"emulator":{"name":"dataconnect"},"message":"E0331 23:06:17.598525   20728 watch.go:40] Failed to load config from \"d:\\\\SEVANI\\\\dataconnect\": could not find dataconnect.yaml in `d:\\SEVANI\\dataconnect`\n"}}
[debug] [2026-03-31T16:06:27.598Z] E0331 23:06:27.598631   20728 watch.go:40] Failed to load config from "d:\\SEVANI\\dataconnect": could not find dataconnect.yaml in `d:\SEVANI\dataconnect`
 {"metadata":{"emulator":{"name":"dataconnect"},"message":"E0331 23:06:27.598631   20728 watch.go:40] Failed to load config from \"d:\\\\SEVANI\\\\dataconnect\": could not find dataconnect.yaml in `d:\\SEVANI\\dataconnect`\n"}}
[debug] [2026-03-31T16:06:37.599Z] E0331 23:06:37.599055   20728 watch.go:40] Failed to load config from "d:\\SEVANI\\dataconnect": could not find dataconnect.yaml in `d:\SEVANI\dataconnect`
 {"metadata":{"emulator":{"name":"dataconnect"},"message":"E0331 23:06:37.599055   20728 watch.go:40] Failed to load config from \"d:\\\\SEVANI\\\\dataconnect\": could not find dataconnect.yaml in `d:\\SEVANI\\dataconnect`\n"}}
[debug] [2026-03-31T16:06:47.599Z] E0331 23:06:47.599010   20728 watch.go:40] Failed to load config from "d:\\SEVANI\\dataconnect": could not find dataconnect.yaml in `d:\SEVANI\dataconnect`
 {"metadata":{"emulator":{"name":"dataconnect"},"message":"E0331 23:06:47.599010   20728 watch.go:40] Failed to load config from \"d:\\\\SEVANI\\\\dataconnect\": could not find dataconnect.yaml in `d:\\SEVANI\\dataconnect`\n"}}
[debug] [2026-03-31T16:06:57.598Z] E0331 23:06:57.598649   20728 watch.go:116] watchAllDir unable to walk dir `d:\SEVANI\dataconnect`: GetFileAttributesEx d:\SEVANI\dataconnect: The system cannot find the file specified.
 {"metadata":{"emulator":{"name":"dataconnect"},"message":"E0331 23:06:57.598649   20728 watch.go:116] watchAllDir unable to walk dir `d:\\SEVANI\\dataconnect`: GetFileAttributesEx d:\\SEVANI\\dataconnect: The system cannot find the file specified.\n"}}
[debug] [2026-03-31T16:06:57.599Z] E0331 23:06:57.598649   20728 watch.go:40] Failed to load config from "d:\\SEVANI\\dataconnect": could not find dataconnect.yaml in `d:\SEVANI\dataconnect`
 {"metadata":{"emulator":{"name":"dataconnect"},"message":"E0331 23:06:57.598649   20728 watch.go:40] Failed to load config from \"d:\\\\SEVANI\\\\dataconnect\": could not find dataconnect.yaml in `d:\\SEVANI\\dataconnect`\n"}}
[debug] [2026-03-31T16:07:07.599Z] E0331 23:07:07.599172   20728 watch.go:40] Failed to load config from "d:\\SEVANI\\dataconnect": could not find dataconnect.yaml in `d:\SEVANI\dataconnect`
 {"metadata":{"emulator":{"name":"dataconnect"},"message":"E0331 23:07:07.599172   20728 watch.go:40] Failed to load config from \"d:\\\\SEVANI\\\\dataconnect\": could not find dataconnect.yaml in `d:\\SEVANI\\dataconnect`\n"}}
[debug] [2026-03-31T16:07:17.599Z] E0331 23:07:17.599333   20728 watch.go:40] Failed to load config from "d:\\SEVANI\\dataconnect": could not find dataconnect.yaml in `d:\SEVANI\dataconnect`
 {"metadata":{"emulator":{"name":"dataconnect"},"message":"E0331 23:07:17.599333   20728 watch.go:40] Failed to load config from \"d:\\\\SEVANI\\\\dataconnect\": could not find dataconnect.yaml in `d:\\SEVANI\\dataconnect`\n"}}
[debug] [2026-03-31T16:07:27.598Z] E0331 23:07:27.598710   20728 watch.go:40] Failed to load config from "d:\\SEVANI\\dataconnect": could not find dataconnect.yaml in `d:\SEVANI\dataconnect`
 {"metadata":{"emulator":{"name":"dataconnect"},"message":"E0331 23:07:27.598710   20728 watch.go:40] Failed to load config from \"d:\\\\SEVANI\\\\dataconnect\": could not find dataconnect.yaml in `d:\\SEVANI\\dataconnect`\n"}}
[debug] [2026-03-31T16:07:37.599Z] E0331 23:07:37.598800   20728 watch.go:40] Failed to load config from "d:\\SEVANI\\dataconnect": could not find dataconnect.yaml in `d:\SEVANI\dataconnect`
 {"metadata":{"emulator":{"name":"dataconnect"},"message":"E0331 23:07:37.598800   20728 watch.go:40] Failed to load config from \"d:\\\\SEVANI\\\\dataconnect\": could not find dataconnect.yaml in `d:\\SEVANI\\dataconnect`\n"}}
[debug] [2026-03-31T16:07:47.599Z] E0331 23:07:47.598809   20728 watch.go:40] Failed to load config from "d:\\SEVANI\\dataconnect": could not find dataconnect.yaml in `d:\SEVANI\dataconnect`
 {"metadata":{"emulator":{"name":"dataconnect"},"message":"E0331 23:07:47.598809   20728 watch.go:40] Failed to load config from \"d:\\\\SEVANI\\\\dataconnect\": could not find dataconnect.yaml in `d:\\SEVANI\\dataconnect`\n"}}
[debug] [2026-03-31T16:07:57.599Z] E0331 23:07:57.598649   20728 watch.go:116] watchAllDir unable to walk dir `d:\SEVANI\dataconnect`: GetFileAttributesEx d:\SEVANI\dataconnect: The system cannot find the file specified.
 {"metadata":{"emulator":{"name":"dataconnect"},"message":"E0331 23:07:57.598649   20728 watch.go:116] watchAllDir unable to walk dir `d:\\SEVANI\\dataconnect`: GetFileAttributesEx d:\\SEVANI\\dataconnect: The system cannot find the file specified.\n"}}
[debug] [2026-03-31T16:07:57.601Z] E0331 23:07:57.600688   20728 watch.go:40] Failed to load config from "d:\\SEVANI\\dataconnect": could not find dataconnect.yaml in `d:\SEVANI\dataconnect`
 {"metadata":{"emulator":{"name":"dataconnect"},"message":"E0331 23:07:57.600688   20728 watch.go:40] Failed to load config from \"d:\\\\SEVANI\\\\dataconnect\": could not find dataconnect.yaml in `d:\\SEVANI\\dataconnect`\n"}}
[debug] [2026-03-31T16:08:07.599Z] E0331 23:08:07.599611   20728 watch.go:40] Failed to load config from "d:\\SEVANI\\dataconnect": could not find dataconnect.yaml in `d:\SEVANI\dataconnect`
 {"metadata":{"emulator":{"name":"dataconnect"},"message":"E0331 23:08:07.599611   20728 watch.go:40] Failed to load config from \"d:\\\\SEVANI\\\\dataconnect\": could not find dataconnect.yaml in `d:\\SEVANI\\dataconnect`\n"}}
[debug] [2026-03-31T16:08:17.599Z] E0331 23:08:17.599175   20728 watch.go:40] Failed to load config from "d:\\SEVANI\\dataconnect": could not find dataconnect.yaml in `d:\SEVANI\dataconnect`
 {"metadata":{"emulator":{"name":"dataconnect"},"message":"E0331 23:08:17.599175   20728 watch.go:40] Failed to load config from \"d:\\\\SEVANI\\\\dataconnect\": could not find dataconnect.yaml in `d:\\SEVANI\\dataconnect`\n"}}
[debug] [2026-03-31T16:08:27.599Z] E0331 23:08:27.598932   20728 watch.go:40] Failed to load config from "d:\\SEVANI\\dataconnect": could not find dataconnect.yaml in `d:\SEVANI\dataconnect`
 {"metadata":{"emulator":{"name":"dataconnect"},"message":"E0331 23:08:27.598932   20728 watch.go:40] Failed to load config from \"d:\\\\SEVANI\\\\dataconnect\": could not find dataconnect.yaml in `d:\\SEVANI\\dataconnect`\n"}}
[debug] [2026-03-31T16:08:37.601Z] E0331 23:08:37.601094   20728 watch.go:40] Failed to load config from "d:\\SEVANI\\dataconnect": could not find dataconnect.yaml in `d:\SEVANI\dataconnect`
 {"metadata":{"emulator":{"name":"dataconnect"},"message":"E0331 23:08:37.601094   20728 watch.go:40] Failed to load config from \"d:\\\\SEVANI\\\\dataconnect\": could not find dataconnect.yaml in `d:\\SEVANI\\dataconnect`\n"}}
[debug] [2026-03-31T16:08:47.599Z] E0331 23:08:47.599076   20728 watch.go:40] Failed to load config from "d:\\SEVANI\\dataconnect": could not find dataconnect.yaml in `d:\SEVANI\dataconnect`
 {"metadata":{"emulator":{"name":"dataconnect"},"message":"E0331 23:08:47.599076   20728 watch.go:40] Failed to load config from \"d:\\\\SEVANI\\\\dataconnect\": could not find dataconnect.yaml in `d:\\SEVANI\\dataconnect`\n"}}
[debug] [2026-03-31T16:08:57.600Z] E0331 23:08:57.599851   20728 watch.go:116] watchAllDir unable to walk dir `d:\SEVANI\dataconnect`: GetFileAttributesEx d:\SEVANI\dataconnect: The system cannot find the file specified.
E0331 23:08:57.599851   20728 watch.go:40] Failed to load config from "d:\\SEVANI\\dataconnect": could not find dataconnect.yaml in `d:\SEVANI\dataconnect`
 {"metadata":{"emulator":{"name":"dataconnect"},"message":"E0331 23:08:57.599851   20728 watch.go:116] watchAllDir unable to walk dir `d:\\SEVANI\\dataconnect`: GetFileAttributesEx d:\\SEVANI\\dataconnect: The system cannot find the file specified.\nE0331 23:08:57.599851   20728 watch.go:40] Failed to load config from \"d:\\\\SEVANI\\\\dataconnect\": could not find dataconnect.yaml in `d:\\SEVANI\\dataconnect`\n"}}
[debug] [2026-03-31T16:09:07.599Z] E0331 23:09:07.598726   20728 watch.go:40] Failed to load config from "d:\\SEVANI\\dataconnect": could not find dataconnect.yaml in `d:\SEVANI\dataconnect`
 {"metadata":{"emulator":{"name":"dataconnect"},"message":"E0331 23:09:07.598726   20728 watch.go:40] Failed to load config from \"d:\\\\SEVANI\\\\dataconnect\": could not find dataconnect.yaml in `d:\\SEVANI\\dataconnect`\n"}}
[debug] [2026-03-31T16:09:17.599Z] E0331 23:09:17.599133   20728 watch.go:40] Failed to load config from "d:\\SEVANI\\dataconnect": could not find dataconnect.yaml in `d:\SEVANI\dataconnect`
 {"metadata":{"emulator":{"name":"dataconnect"},"message":"E0331 23:09:17.599133   20728 watch.go:40] Failed to load config from \"d:\\\\SEVANI\\\\dataconnect\": could not find dataconnect.yaml in `d:\\SEVANI\\dataconnect`\n"}}
[debug] [2026-03-31T16:09:27.599Z] E0331 23:09:27.599269   20728 watch.go:40] Failed to load config from "d:\\SEVANI\\dataconnect": could not find dataconnect.yaml in `d:\SEVANI\dataconnect`
 {"metadata":{"emulator":{"name":"dataconnect"},"message":"E0331 23:09:27.599269   20728 watch.go:40] Failed to load config from \"d:\\\\SEVANI\\\\dataconnect\": could not find dataconnect.yaml in `d:\\SEVANI\\dataconnect`\n"}}
[debug] [2026-03-31T16:09:37.600Z] E0331 23:09:37.600004   20728 watch.go:40] Failed to load config from "d:\\SEVANI\\dataconnect": could not find dataconnect.yaml in `d:\SEVANI\dataconnect`
 {"metadata":{"emulator":{"name":"dataconnect"},"message":"E0331 23:09:37.600004   20728 watch.go:40] Failed to load config from \"d:\\\\SEVANI\\\\dataconnect\": could not find dataconnect.yaml in `d:\\SEVANI\\dataconnect`\n"}}
[debug] [2026-03-31T16:09:47.599Z] E0331 23:09:47.599348   20728 watch.go:40] Failed to load config from "d:\\SEVANI\\dataconnect": could not find dataconnect.yaml in `d:\SEVANI\dataconnect`
 {"metadata":{"emulator":{"name":"dataconnect"},"message":"E0331 23:09:47.599348   20728 watch.go:40] Failed to load config from \"d:\\\\SEVANI\\\\dataconnect\": could not find dataconnect.yaml in `d:\\SEVANI\\dataconnect`\n"}}
[debug] [2026-03-31T16:09:57.598Z] E0331 23:09:57.598435   20728 watch.go:40] Failed to load config from "d:\\SEVANI\\dataconnect": could not find dataconnect.yaml in `d:\SEVANI\dataconnect`
E0331 23:09:57.598435   20728 watch.go:116] watchAllDir unable to walk dir `d:\SEVANI\dataconnect`: GetFileAttributesEx d:\SEVANI\dataconnect: The system cannot find the file specified.
 {"metadata":{"emulator":{"name":"dataconnect"},"message":"E0331 23:09:57.598435   20728 watch.go:40] Failed to load config from \"d:\\\\SEVANI\\\\dataconnect\": could not find dataconnect.yaml in `d:\\SEVANI\\dataconnect`\nE0331 23:09:57.598435   20728 watch.go:116] watchAllDir unable to walk dir `d:\\SEVANI\\dataconnect`: GetFileAttributesEx d:\\SEVANI\\dataconnect: The system cannot find the file specified.\n"}}
[debug] [2026-03-31T16:10:07.599Z] E0331 23:10:07.599008   20728 watch.go:40] Failed to load config from "d:\\SEVANI\\dataconnect": could not find dataconnect.yaml in `d:\SEVANI\dataconnect`
 {"metadata":{"emulator":{"name":"dataconnect"},"message":"E0331 23:10:07.599008   20728 watch.go:40] Failed to load config from \"d:\\\\SEVANI\\\\dataconnect\": could not find dataconnect.yaml in `d:\\SEVANI\\dataconnect`\n"}}
[debug] [2026-03-31T16:10:17.600Z] E0331 23:10:17.600592   20728 watch.go:40] Failed to load config from "d:\\SEVANI\\dataconnect": could not find dataconnect.yaml in `d:\SEVANI\dataconnect`
 {"metadata":{"emulator":{"name":"dataconnect"},"message":"E0331 23:10:17.600592   20728 watch.go:40] Failed to load config from \"d:\\\\SEVANI\\\\dataconnect\": could not find dataconnect.yaml in `d:\\SEVANI\\dataconnect`\n"}}
[debug] [2026-03-31T16:10:27.599Z] E0331 23:10:27.599098   20728 watch.go:40] Failed to load config from "d:\\SEVANI\\dataconnect": could not find dataconnect.yaml in `d:\SEVANI\dataconnect`
 {"metadata":{"emulator":{"name":"dataconnect"},"message":"E0331 23:10:27.599098   20728 watch.go:40] Failed to load config from \"d:\\\\SEVANI\\\\dataconnect\": could not find dataconnect.yaml in `d:\\SEVANI\\dataconnect`\n"}}
[debug] [2026-03-31T16:10:37.599Z] E0331 23:10:37.599172   20728 watch.go:40] Failed to load config from "d:\\SEVANI\\dataconnect": could not find dataconnect.yaml in `d:\SEVANI\dataconnect`
 {"metadata":{"emulator":{"name":"dataconnect"},"message":"E0331 23:10:37.599172   20728 watch.go:40] Failed to load config from \"d:\\\\SEVANI\\\\dataconnect\": could not find dataconnect.yaml in `d:\\SEVANI\\dataconnect`\n"}}
[debug] [2026-03-31T16:10:47.598Z] E0331 23:10:47.598677   20728 watch.go:40] Failed to load config from "d:\\SEVANI\\dataconnect": could not find dataconnect.yaml in `d:\SEVANI\dataconnect`
 {"metadata":{"emulator":{"name":"dataconnect"},"message":"E0331 23:10:47.598677   20728 watch.go:40] Failed to load config from \"d:\\\\SEVANI\\\\dataconnect\": could not find dataconnect.yaml in `d:\\SEVANI\\dataconnect`\n"}}
[debug] [2026-03-31T16:10:57.598Z] E0331 23:10:57.598919   20728 watch.go:116] watchAllDir unable to walk dir `d:\SEVANI\dataconnect`: GetFileAttributesEx d:\SEVANI\dataconnect: The system cannot find the file specified.
E0331 23:10:57.598919   20728 watch.go:40] Failed to load config from "d:\\SEVANI\\dataconnect": could not find dataconnect.yaml in `d:\SEVANI\dataconnect`
 {"metadata":{"emulator":{"name":"dataconnect"},"message":"E0331 23:10:57.598919   20728 watch.go:116] watchAllDir unable to walk dir `d:\\SEVANI\\dataconnect`: GetFileAttributesEx d:\\SEVANI\\dataconnect: The system cannot find the file specified.\nE0331 23:10:57.598919   20728 watch.go:40] Failed to load config from \"d:\\\\SEVANI\\\\dataconnect\": could not find dataconnect.yaml in `d:\\SEVANI\\dataconnect`\n"}}
[debug] [2026-03-31T16:11:07.598Z] E0331 23:11:07.598717   20728 watch.go:40] Failed to load config from "d:\\SEVANI\\dataconnect": could not find dataconnect.yaml in `d:\SEVANI\dataconnect`
 {"metadata":{"emulator":{"name":"dataconnect"},"message":"E0331 23:11:07.598717   20728 watch.go:40] Failed to load config from \"d:\\\\SEVANI\\\\dataconnect\": could not find dataconnect.yaml in `d:\\SEVANI\\dataconnect`\n"}}
[debug] [2026-03-31T16:11:17.599Z] E0331 23:11:17.599142   20728 watch.go:40] Failed to load config from "d:\\SEVANI\\dataconnect": could not find dataconnect.yaml in `d:\SEVANI\dataconnect`
 {"metadata":{"emulator":{"name":"dataconnect"},"message":"E0331 23:11:17.599142   20728 watch.go:40] Failed to load config from \"d:\\\\SEVANI\\\\dataconnect\": could not find dataconnect.yaml in `d:\\SEVANI\\dataconnect`\n"}}
[debug] [2026-03-31T16:11:27.598Z] E0331 23:11:27.598821   20728 watch.go:40] Failed to load config from "d:\\SEVANI\\dataconnect": could not find dataconnect.yaml in `d:\SEVANI\dataconnect`
 {"metadata":{"emulator":{"name":"dataconnect"},"message":"E0331 23:11:27.598821   20728 watch.go:40] Failed to load config from \"d:\\\\SEVANI\\\\dataconnect\": could not find dataconnect.yaml in `d:\\SEVANI\\dataconnect`\n"}}
[debug] [2026-03-31T16:11:37.598Z] E0331 23:11:37.598601   20728 watch.go:40] Failed to load config from "d:\\SEVANI\\dataconnect": could not find dataconnect.yaml in `d:\SEVANI\dataconnect`
 {"metadata":{"emulator":{"name":"dataconnect"},"message":"E0331 23:11:37.598601   20728 watch.go:40] Failed to load config from \"d:\\\\SEVANI\\\\dataconnect\": could not find dataconnect.yaml in `d:\\SEVANI\\dataconnect`\n"}}
[debug] [2026-03-31T16:11:47.598Z] E0331 23:11:47.598718   20728 watch.go:40] Failed to load config from "d:\\SEVANI\\dataconnect": could not find dataconnect.yaml in `d:\SEVANI\dataconnect`
 {"metadata":{"emulator":{"name":"dataconnect"},"message":"E0331 23:11:47.598718   20728 watch.go:40] Failed to load config from \"d:\\\\SEVANI\\\\dataconnect\": could not find dataconnect.yaml in `d:\\SEVANI\\dataconnect`\n"}}
[debug] [2026-03-31T16:11:57.598Z] E0331 23:11:57.598686   20728 watch.go:116] watchAllDir unable to walk dir `d:\SEVANI\dataconnect`: GetFileAttributesEx d:\SEVANI\dataconnect: The system cannot find the file specified.
E0331 23:11:57.598686   20728 watch.go:40] Failed to load config from "d:\\SEVANI\\dataconnect": could not find dataconnect.yaml in `d:\SEVANI\dataconnect`
 {"metadata":{"emulator":{"name":"dataconnect"},"message":"E0331 23:11:57.598686   20728 watch.go:116] watchAllDir unable to walk dir `d:\\SEVANI\\dataconnect`: GetFileAttributesEx d:\\SEVANI\\dataconnect: The system cannot find the file specified.\nE0331 23:11:57.598686   20728 watch.go:40] Failed to load config from \"d:\\\\SEVANI\\\\dataconnect\": could not find dataconnect.yaml in `d:\\SEVANI\\dataconnect`\n"}}
[debug] [2026-03-31T16:12:07.599Z] E0331 23:12:07.599186   20728 watch.go:40] Failed to load config from "d:\\SEVANI\\dataconnect": could not find dataconnect.yaml in `d:\SEVANI\dataconnect`
 {"metadata":{"emulator":{"name":"dataconnect"},"message":"E0331 23:12:07.599186   20728 watch.go:40] Failed to load config from \"d:\\\\SEVANI\\\\dataconnect\": could not find dataconnect.yaml in `d:\\SEVANI\\dataconnect`\n"}}
[debug] [2026-03-31T16:12:17.598Z] E0331 23:12:17.598684   20728 watch.go:40] Failed to load config from "d:\\SEVANI\\dataconnect": could not find dataconnect.yaml in `d:\SEVANI\dataconnect`
 {"metadata":{"emulator":{"name":"dataconnect"},"message":"E0331 23:12:17.598684   20728 watch.go:40] Failed to load config from \"d:\\\\SEVANI\\\\dataconnect\": could not find dataconnect.yaml in `d:\\SEVANI\\dataconnect`\n"}}
[debug] [2026-03-31T16:12:27.598Z] E0331 23:12:27.598891   20728 watch.go:40] Failed to load config from "d:\\SEVANI\\dataconnect": could not find dataconnect.yaml in `d:\SEVANI\dataconnect`
 {"metadata":{"emulator":{"name":"dataconnect"},"message":"E0331 23:12:27.598891   20728 watch.go:40] Failed to load config from \"d:\\\\SEVANI\\\\dataconnect\": could not find dataconnect.yaml in `d:\\SEVANI\\dataconnect`\n"}}
[debug] [2026-03-31T16:12:37.599Z] E0331 23:12:37.599442   20728 watch.go:40] Failed to load config from "d:\\SEVANI\\dataconnect": could not find dataconnect.yaml in `d:\SEVANI\dataconnect`
 {"metadata":{"emulator":{"name":"dataconnect"},"message":"E0331 23:12:37.599442   20728 watch.go:40] Failed to load config from \"d:\\\\SEVANI\\\\dataconnect\": could not find dataconnect.yaml in `d:\\SEVANI\\dataconnect`\n"}}
[debug] [2026-03-31T16:12:47.601Z] E0331 23:12:47.599895   20728 watch.go:40] Failed to load config from "d:\\SEVANI\\dataconnect": could not find dataconnect.yaml in `d:\SEVANI\dataconnect`
 {"metadata":{"emulator":{"name":"dataconnect"},"message":"E0331 23:12:47.599895   20728 watch.go:40] Failed to load config from \"d:\\\\SEVANI\\\\dataconnect\": could not find dataconnect.yaml in `d:\\SEVANI\\dataconnect`\n"}}
[debug] [2026-03-31T16:12:57.598Z] E0331 23:12:57.598661   20728 watch.go:116] watchAllDir unable to walk dir `d:\SEVANI\dataconnect`: GetFileAttributesEx d:\SEVANI\dataconnect: The system cannot find the file specified.
E0331 23:12:57.598661   20728 watch.go:40] Failed to load config from "d:\\SEVANI\\dataconnect": could not find dataconnect.yaml in `d:\SEVANI\dataconnect`
 {"metadata":{"emulator":{"name":"dataconnect"},"message":"E0331 23:12:57.598661   20728 watch.go:116] watchAllDir unable to walk dir `d:\\SEVANI\\dataconnect`: GetFileAttributesEx d:\\SEVANI\\dataconnect: The system cannot find the file specified.\nE0331 23:12:57.598661   20728 watch.go:40] Failed to load config from \"d:\\\\SEVANI\\\\dataconnect\": could not find dataconnect.yaml in `d:\\SEVANI\\dataconnect`\n"}}
[debug] [2026-03-31T16:13:07.599Z] E0331 23:13:07.598674   20728 watch.go:40] Failed to load config from "d:\\SEVANI\\dataconnect": could not find dataconnect.yaml in `d:\SEVANI\dataconnect`
 {"metadata":{"emulator":{"name":"dataconnect"},"message":"E0331 23:13:07.598674   20728 watch.go:40] Failed to load config from \"d:\\\\SEVANI\\\\dataconnect\": could not find dataconnect.yaml in `d:\\SEVANI\\dataconnect`\n"}}
[debug] [2026-03-31T16:13:17.599Z] E0331 23:13:17.598791   20728 watch.go:40] Failed to load config from "d:\\SEVANI\\dataconnect": could not find dataconnect.yaml in `d:\SEVANI\dataconnect`
 {"metadata":{"emulator":{"name":"dataconnect"},"message":"E0331 23:13:17.598791   20728 watch.go:40] Failed to load config from \"d:\\\\SEVANI\\\\dataconnect\": could not find dataconnect.yaml in `d:\\SEVANI\\dataconnect`\n"}}
[debug] [2026-03-31T16:13:27.599Z] E0331 23:13:27.599044   20728 watch.go:40] Failed to load config from "d:\\SEVANI\\dataconnect": could not find dataconnect.yaml in `d:\SEVANI\dataconnect`
 {"metadata":{"emulator":{"name":"dataconnect"},"message":"E0331 23:13:27.599044   20728 watch.go:40] Failed to load config from \"d:\\\\SEVANI\\\\dataconnect\": could not find dataconnect.yaml in `d:\\SEVANI\\dataconnect`\n"}}
[debug] [2026-03-31T16:13:37.599Z] E0331 23:13:37.598725   20728 watch.go:40] Failed to load config from "d:\\SEVANI\\dataconnect": could not find dataconnect.yaml in `d:\SEVANI\dataconnect`
 {"metadata":{"emulator":{"name":"dataconnect"},"message":"E0331 23:13:37.598725   20728 watch.go:40] Failed to load config from \"d:\\\\SEVANI\\\\dataconnect\": could not find dataconnect.yaml in `d:\\SEVANI\\dataconnect`\n"}}
[debug] [2026-03-31T16:13:47.600Z] E0331 23:13:47.599734   20728 watch.go:40] Failed to load config from "d:\\SEVANI\\dataconnect": could not find dataconnect.yaml in `d:\SEVANI\dataconnect`
 {"metadata":{"emulator":{"name":"dataconnect"},"message":"E0331 23:13:47.599734   20728 watch.go:40] Failed to load config from \"d:\\\\SEVANI\\\\dataconnect\": could not find dataconnect.yaml in `d:\\SEVANI\\dataconnect`\n"}}
[debug] [2026-03-31T16:13:57.599Z] E0331 23:13:57.598695   20728 watch.go:116] watchAllDir unable to walk dir `d:\SEVANI\dataconnect`: GetFileAttributesEx d:\SEVANI\dataconnect: The system cannot find the file specified.
E0331 23:13:57.598695   20728 watch.go:40] Failed to load config from "d:\\SEVANI\\dataconnect": could not find dataconnect.yaml in `d:\SEVANI\dataconnect`
 {"metadata":{"emulator":{"name":"dataconnect"},"message":"E0331 23:13:57.598695   20728 watch.go:116] watchAllDir unable to walk dir `d:\\SEVANI\\dataconnect`: GetFileAttributesEx d:\\SEVANI\\dataconnect: The system cannot find the file specified.\nE0331 23:13:57.598695   20728 watch.go:40] Failed to load config from \"d:\\\\SEVANI\\\\dataconnect\": could not find dataconnect.yaml in `d:\\SEVANI\\dataconnect`\n"}}
[debug] [2026-03-31T16:14:07.599Z] E0331 23:14:07.598775   20728 watch.go:40] Failed to load config from "d:\\SEVANI\\dataconnect": could not find dataconnect.yaml in `d:\SEVANI\dataconnect`
 {"metadata":{"emulator":{"name":"dataconnect"},"message":"E0331 23:14:07.598775   20728 watch.go:40] Failed to load config from \"d:\\\\SEVANI\\\\dataconnect\": could not find dataconnect.yaml in `d:\\SEVANI\\dataconnect`\n"}}
[debug] [2026-03-31T16:14:17.600Z] E0331 23:14:17.599686   20728 watch.go:40] Failed to load config from "d:\\SEVANI\\dataconnect": could not find dataconnect.yaml in `d:\SEVANI\dataconnect`
 {"metadata":{"emulator":{"name":"dataconnect"},"message":"E0331 23:14:17.599686   20728 watch.go:40] Failed to load config from \"d:\\\\SEVANI\\\\dataconnect\": could not find dataconnect.yaml in `d:\\SEVANI\\dataconnect`\n"}}
[debug] [2026-03-31T16:14:27.599Z] E0331 23:14:27.598789   20728 watch.go:40] Failed to load config from "d:\\SEVANI\\dataconnect": could not find dataconnect.yaml in `d:\SEVANI\dataconnect`
 {"metadata":{"emulator":{"name":"dataconnect"},"message":"E0331 23:14:27.598789   20728 watch.go:40] Failed to load config from \"d:\\\\SEVANI\\\\dataconnect\": could not find dataconnect.yaml in `d:\\SEVANI\\dataconnect`\n"}}
[debug] [2026-03-31T16:14:37.598Z] E0331 23:14:37.598576   20728 watch.go:40] Failed to load config from "d:\\SEVANI\\dataconnect": could not find dataconnect.yaml in `d:\SEVANI\dataconnect`
 {"metadata":{"emulator":{"name":"dataconnect"},"message":"E0331 23:14:37.598576   20728 watch.go:40] Failed to load config from \"d:\\\\SEVANI\\\\dataconnect\": could not find dataconnect.yaml in `d:\\SEVANI\\dataconnect`\n"}}
[debug] [2026-03-31T16:14:47.598Z] E0331 23:14:47.598852   20728 watch.go:40] Failed to load config from "d:\\SEVANI\\dataconnect": could not find dataconnect.yaml in `d:\SEVANI\dataconnect`
 {"metadata":{"emulator":{"name":"dataconnect"},"message":"E0331 23:14:47.598852   20728 watch.go:40] Failed to load config from \"d:\\\\SEVANI\\\\dataconnect\": could not find dataconnect.yaml in `d:\\SEVANI\\dataconnect`\n"}}
[debug] [2026-03-31T16:14:57.598Z] E0331 23:14:57.598560   20728 watch.go:116] watchAllDir unable to walk dir `d:\SEVANI\dataconnect`: GetFileAttributesEx d:\SEVANI\dataconnect: The system cannot find the file specified.
E0331 23:14:57.598560   20728 watch.go:40] Failed to load config from "d:\\SEVANI\\dataconnect": could not find dataconnect.yaml in `d:\SEVANI\dataconnect`
 {"metadata":{"emulator":{"name":"dataconnect"},"message":"E0331 23:14:57.598560   20728 watch.go:116] watchAllDir unable to walk dir `d:\\SEVANI\\dataconnect`: GetFileAttributesEx d:\\SEVANI\\dataconnect: The system cannot find the file specified.\nE0331 23:14:57.598560   20728 watch.go:40] Failed to load config from \"d:\\\\SEVANI\\\\dataconnect\": could not find dataconnect.yaml in `d:\\SEVANI\\dataconnect`\n"}}
[debug] [2026-03-31T16:15:07.598Z] E0331 23:15:07.598876   20728 watch.go:40] Failed to load config from "d:\\SEVANI\\dataconnect": could not find dataconnect.yaml in `d:\SEVANI\dataconnect`
 {"metadata":{"emulator":{"name":"dataconnect"},"message":"E0331 23:15:07.598876   20728 watch.go:40] Failed to load config from \"d:\\\\SEVANI\\\\dataconnect\": could not find dataconnect.yaml in `d:\\SEVANI\\dataconnect`\n"}}
[debug] [2026-03-31T16:15:17.598Z] E0331 23:15:17.598463   20728 watch.go:40] Failed to load config from "d:\\SEVANI\\dataconnect": could not find dataconnect.yaml in `d:\SEVANI\dataconnect`
 {"metadata":{"emulator":{"name":"dataconnect"},"message":"E0331 23:15:17.598463   20728 watch.go:40] Failed to load config from \"d:\\\\SEVANI\\\\dataconnect\": could not find dataconnect.yaml in `d:\\SEVANI\\dataconnect`\n"}}
[debug] [2026-03-31T16:15:27.601Z] E0331 23:15:27.600814   20728 watch.go:40] Failed to load config from "d:\\SEVANI\\dataconnect": could not find dataconnect.yaml in `d:\SEVANI\dataconnect`
 {"metadata":{"emulator":{"name":"dataconnect"},"message":"E0331 23:15:27.600814   20728 watch.go:40] Failed to load config from \"d:\\\\SEVANI\\\\dataconnect\": could not find dataconnect.yaml in `d:\\SEVANI\\dataconnect`\n"}}
[debug] [2026-03-31T16:15:37.598Z] E0331 23:15:37.598617   20728 watch.go:40] Failed to load config from "d:\\SEVANI\\dataconnect": could not find dataconnect.yaml in `d:\SEVANI\dataconnect`
 {"metadata":{"emulator":{"name":"dataconnect"},"message":"E0331 23:15:37.598617   20728 watch.go:40] Failed to load config from \"d:\\\\SEVANI\\\\dataconnect\": could not find dataconnect.yaml in `d:\\SEVANI\\dataconnect`\n"}}
[debug] [2026-03-31T16:15:47.599Z] E0331 23:15:47.598701   20728 watch.go:40] Failed to load config from "d:\\SEVANI\\dataconnect": could not find dataconnect.yaml in `d:\SEVANI\dataconnect`
 {"metadata":{"emulator":{"name":"dataconnect"},"message":"E0331 23:15:47.598701   20728 watch.go:40] Failed to load config from \"d:\\\\SEVANI\\\\dataconnect\": could not find dataconnect.yaml in `d:\\SEVANI\\dataconnect`\n"}}
[debug] [2026-03-31T16:15:57.629Z] E0331 23:15:57.598503   20728 watch.go:40] Failed to load config from "d:\\SEVANI\\dataconnect": could not find dataconnect.yaml in `d:\SEVANI\dataconnect`
E0331 23:15:57.598503   20728 watch.go:116] watchAllDir unable to walk dir `d:\SEVANI\dataconnect`: GetFileAttributesEx d:\SEVANI\dataconnect: The system cannot find the file specified.
 {"metadata":{"emulator":{"name":"dataconnect"},"message":"E0331 23:15:57.598503   20728 watch.go:40] Failed to load config from \"d:\\\\SEVANI\\\\dataconnect\": could not find dataconnect.yaml in `d:\\SEVANI\\dataconnect`\nE0331 23:15:57.598503   20728 watch.go:116] watchAllDir unable to walk dir `d:\\SEVANI\\dataconnect`: GetFileAttributesEx d:\\SEVANI\\dataconnect: The system cannot find the file specified.\n"}}
[debug] [2026-03-31T16:16:07.599Z] E0331 23:16:07.598741   20728 watch.go:40] Failed to load config from "d:\\SEVANI\\dataconnect": could not find dataconnect.yaml in `d:\SEVANI\dataconnect`
 {"metadata":{"emulator":{"name":"dataconnect"},"message":"E0331 23:16:07.598741   20728 watch.go:40] Failed to load config from \"d:\\\\SEVANI\\\\dataconnect\": could not find dataconnect.yaml in `d:\\SEVANI\\dataconnect`\n"}}
[debug] [2026-03-31T16:16:17.599Z] E0331 23:16:17.598661   20728 watch.go:40] Failed to load config from "d:\\SEVANI\\dataconnect": could not find dataconnect.yaml in `d:\SEVANI\dataconnect`
 {"metadata":{"emulator":{"name":"dataconnect"},"message":"E0331 23:16:17.598661   20728 watch.go:40] Failed to load config from \"d:\\\\SEVANI\\\\dataconnect\": could not find dataconnect.yaml in `d:\\SEVANI\\dataconnect`\n"}}
[debug] [2026-03-31T16:16:27.599Z] E0331 23:16:27.598947   20728 watch.go:40] Failed to load config from "d:\\SEVANI\\dataconnect": could not find dataconnect.yaml in `d:\SEVANI\dataconnect`
 {"metadata":{"emulator":{"name":"dataconnect"},"message":"E0331 23:16:27.598947   20728 watch.go:40] Failed to load config from \"d:\\\\SEVANI\\\\dataconnect\": could not find dataconnect.yaml in `d:\\SEVANI\\dataconnect`\n"}}
[debug] [2026-03-31T16:16:37.598Z] E0331 23:16:37.598581   20728 watch.go:40] Failed to load config from "d:\\SEVANI\\dataconnect": could not find dataconnect.yaml in `d:\SEVANI\dataconnect`
 {"metadata":{"emulator":{"name":"dataconnect"},"message":"E0331 23:16:37.598581   20728 watch.go:40] Failed to load config from \"d:\\\\SEVANI\\\\dataconnect\": could not find dataconnect.yaml in `d:\\SEVANI\\dataconnect`\n"}}
[debug] [2026-03-31T16:16:47.598Z] E0331 23:16:47.598633   20728 watch.go:40] Failed to load config from "d:\\SEVANI\\dataconnect": could not find dataconnect.yaml in `d:\SEVANI\dataconnect`
 {"metadata":{"emulator":{"name":"dataconnect"},"message":"E0331 23:16:47.598633   20728 watch.go:40] Failed to load config from \"d:\\\\SEVANI\\\\dataconnect\": could not find dataconnect.yaml in `d:\\SEVANI\\dataconnect`\n"}}
[debug] [2026-03-31T16:16:57.598Z] E0331 23:16:57.598681   20728 watch.go:116] watchAllDir unable to walk dir `d:\SEVANI\dataconnect`: GetFileAttributesEx d:\SEVANI\dataconnect: The system cannot find the file specified.
E0331 23:16:57.598681   20728 watch.go:40] Failed to load config from "d:\\SEVANI\\dataconnect": could not find dataconnect.yaml in `d:\SEVANI\dataconnect`
 {"metadata":{"emulator":{"name":"dataconnect"},"message":"E0331 23:16:57.598681   20728 watch.go:116] watchAllDir unable to walk dir `d:\\SEVANI\\dataconnect`: GetFileAttributesEx d:\\SEVANI\\dataconnect: The system cannot find the file specified.\nE0331 23:16:57.598681   20728 watch.go:40] Failed to load config from \"d:\\\\SEVANI\\\\dataconnect\": could not find dataconnect.yaml in `d:\\SEVANI\\dataconnect`\n"}}
[debug] [2026-03-31T16:17:07.598Z] E0331 23:17:07.598714   20728 watch.go:40] Failed to load config from "d:\\SEVANI\\dataconnect": could not find dataconnect.yaml in `d:\SEVANI\dataconnect`
 {"metadata":{"emulator":{"name":"dataconnect"},"message":"E0331 23:17:07.598714   20728 watch.go:40] Failed to load config from \"d:\\\\SEVANI\\\\dataconnect\": could not find dataconnect.yaml in `d:\\SEVANI\\dataconnect`\n"}}
[debug] [2026-03-31T16:17:17.598Z] E0331 23:17:17.598405   20728 watch.go:40] Failed to load config from "d:\\SEVANI\\dataconnect": could not find dataconnect.yaml in `d:\SEVANI\dataconnect`
 {"metadata":{"emulator":{"name":"dataconnect"},"message":"E0331 23:17:17.598405   20728 watch.go:40] Failed to load config from \"d:\\\\SEVANI\\\\dataconnect\": could not find dataconnect.yaml in `d:\\SEVANI\\dataconnect`\n"}}
[debug] [2026-03-31T16:17:27.599Z] E0331 23:17:27.599110   20728 watch.go:40] Failed to load config from "d:\\SEVANI\\dataconnect": could not find dataconnect.yaml in `d:\SEVANI\dataconnect`
 {"metadata":{"emulator":{"name":"dataconnect"},"message":"E0331 23:17:27.599110   20728 watch.go:40] Failed to load config from \"d:\\\\SEVANI\\\\dataconnect\": could not find dataconnect.yaml in `d:\\SEVANI\\dataconnect`\n"}}
[debug] [2026-03-31T16:17:37.601Z] E0331 23:17:37.599493   20728 watch.go:40] Failed to load config from "d:\\SEVANI\\dataconnect": could not find dataconnect.yaml in `d:\SEVANI\dataconnect`
 {"metadata":{"emulator":{"name":"dataconnect"},"message":"E0331 23:17:37.599493   20728 watch.go:40] Failed to load config from \"d:\\\\SEVANI\\\\dataconnect\": could not find dataconnect.yaml in `d:\\SEVANI\\dataconnect`\n"}}
[debug] [2026-03-31T16:17:47.598Z] E0331 23:17:47.598739   20728 watch.go:40] Failed to load config from "d:\\SEVANI\\dataconnect": could not find dataconnect.yaml in `d:\SEVANI\dataconnect`
 {"metadata":{"emulator":{"name":"dataconnect"},"message":"E0331 23:17:47.598739   20728 watch.go:40] Failed to load config from \"d:\\\\SEVANI\\\\dataconnect\": could not find dataconnect.yaml in `d:\\SEVANI\\dataconnect`\n"}}
[debug] [2026-03-31T16:17:57.598Z] E0331 23:17:57.599043   20728 watch.go:116] watchAllDir unable to walk dir `d:\SEVANI\dataconnect`: GetFileAttributesEx d:\SEVANI\dataconnect: The system cannot find the file specified.
E0331 23:17:57.599043   20728 watch.go:40] Failed to load config from "d:\\SEVANI\\dataconnect": could not find dataconnect.yaml in `d:\SEVANI\dataconnect`
 {"metadata":{"emulator":{"name":"dataconnect"},"message":"E0331 23:17:57.599043   20728 watch.go:116] watchAllDir unable to walk dir `d:\\SEVANI\\dataconnect`: GetFileAttributesEx d:\\SEVANI\\dataconnect: The system cannot find the file specified.\nE0331 23:17:57.599043   20728 watch.go:40] Failed to load config from \"d:\\\\SEVANI\\\\dataconnect\": could not find dataconnect.yaml in `d:\\SEVANI\\dataconnect`\n"}}
[debug] [2026-03-31T16:18:07.599Z] E0331 23:18:07.598990   20728 watch.go:40] Failed to load config from "d:\\SEVANI\\dataconnect": could not find dataconnect.yaml in `d:\SEVANI\dataconnect`
 {"metadata":{"emulator":{"name":"dataconnect"},"message":"E0331 23:18:07.598990   20728 watch.go:40] Failed to load config from \"d:\\\\SEVANI\\\\dataconnect\": could not find dataconnect.yaml in `d:\\SEVANI\\dataconnect`\n"}}
[debug] [2026-03-31T16:18:17.598Z] E0331 23:18:17.598790   20728 watch.go:40] Failed to load config from "d:\\SEVANI\\dataconnect": could not find dataconnect.yaml in `d:\SEVANI\dataconnect`
 {"metadata":{"emulator":{"name":"dataconnect"},"message":"E0331 23:18:17.598790   20728 watch.go:40] Failed to load config from \"d:\\\\SEVANI\\\\dataconnect\": could not find dataconnect.yaml in `d:\\SEVANI\\dataconnect`\n"}}
[debug] [2026-03-31T16:18:27.598Z] E0331 23:18:27.599006   20728 watch.go:40] Failed to load config from "d:\\SEVANI\\dataconnect": could not find dataconnect.yaml in `d:\SEVANI\dataconnect`
 {"metadata":{"emulator":{"name":"dataconnect"},"message":"E0331 23:18:27.599006   20728 watch.go:40] Failed to load config from \"d:\\\\SEVANI\\\\dataconnect\": could not find dataconnect.yaml in `d:\\SEVANI\\dataconnect`\n"}}
[debug] [2026-03-31T16:18:37.598Z] E0331 23:18:37.599103   20728 watch.go:40] Failed to load config from "d:\\SEVANI\\dataconnect": could not find dataconnect.yaml in `d:\SEVANI\dataconnect`
 {"metadata":{"emulator":{"name":"dataconnect"},"message":"E0331 23:18:37.599103   20728 watch.go:40] Failed to load config from \"d:\\\\SEVANI\\\\dataconnect\": could not find dataconnect.yaml in `d:\\SEVANI\\dataconnect`\n"}}
[debug] [2026-03-31T16:18:47.598Z] E0331 23:18:47.598920   20728 watch.go:40] Failed to load config from "d:\\SEVANI\\dataconnect": could not find dataconnect.yaml in `d:\SEVANI\dataconnect`
 {"metadata":{"emulator":{"name":"dataconnect"},"message":"E0331 23:18:47.598920   20728 watch.go:40] Failed to load config from \"d:\\\\SEVANI\\\\dataconnect\": could not find dataconnect.yaml in `d:\\SEVANI\\dataconnect`\n"}}
[debug] [2026-03-31T16:18:57.598Z] E0331 23:18:57.598406   20728 watch.go:116] watchAllDir unable to walk dir `d:\SEVANI\dataconnect`: GetFileAttributesEx d:\SEVANI\dataconnect: The system cannot find the file specified.
E0331 23:18:57.598406   20728 watch.go:40] Failed to load config from "d:\\SEVANI\\dataconnect": could not find dataconnect.yaml in `d:\SEVANI\dataconnect`
 {"metadata":{"emulator":{"name":"dataconnect"},"message":"E0331 23:18:57.598406   20728 watch.go:116] watchAllDir unable to walk dir `d:\\SEVANI\\dataconnect`: GetFileAttributesEx d:\\SEVANI\\dataconnect: The system cannot find the file specified.\nE0331 23:18:57.598406   20728 watch.go:40] Failed to load config from \"d:\\\\SEVANI\\\\dataconnect\": could not find dataconnect.yaml in `d:\\SEVANI\\dataconnect`\n"}}
[debug] [2026-03-31T16:19:07.598Z] E0331 23:19:07.599003   20728 watch.go:40] Failed to load config from "d:\\SEVANI\\dataconnect": could not find dataconnect.yaml in `d:\SEVANI\dataconnect`
 {"metadata":{"emulator":{"name":"dataconnect"},"message":"E0331 23:19:07.599003   20728 watch.go:40] Failed to load config from \"d:\\\\SEVANI\\\\dataconnect\": could not find dataconnect.yaml in `d:\\SEVANI\\dataconnect`\n"}}
[debug] [2026-03-31T16:19:17.598Z] E0331 23:19:17.599216   20728 watch.go:40] Failed to load config from "d:\\SEVANI\\dataconnect": could not find dataconnect.yaml in `d:\SEVANI\dataconnect`
 {"metadata":{"emulator":{"name":"dataconnect"},"message":"E0331 23:19:17.599216   20728 watch.go:40] Failed to load config from \"d:\\\\SEVANI\\\\dataconnect\": could not find dataconnect.yaml in `d:\\SEVANI\\dataconnect`\n"}}
[debug] [2026-03-31T16:19:27.598Z] E0331 23:19:27.598582   20728 watch.go:40] Failed to load config from "d:\\SEVANI\\dataconnect": could not find dataconnect.yaml in `d:\SEVANI\dataconnect`
 {"metadata":{"emulator":{"name":"dataconnect"},"message":"E0331 23:19:27.598582   20728 watch.go:40] Failed to load config from \"d:\\\\SEVANI\\\\dataconnect\": could not find dataconnect.yaml in `d:\\SEVANI\\dataconnect`\n"}}
[debug] [2026-03-31T16:19:37.599Z] E0331 23:19:37.598823   20728 watch.go:40] Failed to load config from "d:\\SEVANI\\dataconnect": could not find dataconnect.yaml in `d:\SEVANI\dataconnect`
 {"metadata":{"emulator":{"name":"dataconnect"},"message":"E0331 23:19:37.598823   20728 watch.go:40] Failed to load config from \"d:\\\\SEVANI\\\\dataconnect\": could not find dataconnect.yaml in `d:\\SEVANI\\dataconnect`\n"}}
[debug] [2026-03-31T16:19:47.599Z] E0331 23:19:47.599247   20728 watch.go:40] Failed to load config from "d:\\SEVANI\\dataconnect": could not find dataconnect.yaml in `d:\SEVANI\dataconnect`
 {"metadata":{"emulator":{"name":"dataconnect"},"message":"E0331 23:19:47.599247   20728 watch.go:40] Failed to load config from \"d:\\\\SEVANI\\\\dataconnect\": could not find dataconnect.yaml in `d:\\SEVANI\\dataconnect`\n"}}
[debug] [2026-03-31T16:19:57.598Z] E0331 23:19:57.598848   20728 watch.go:116] watchAllDir unable to walk dir `d:\SEVANI\dataconnect`: GetFileAttributesEx d:\SEVANI\dataconnect: The system cannot find the file specified.
E0331 23:19:57.598848   20728 watch.go:40] Failed to load config from "d:\\SEVANI\\dataconnect": could not find dataconnect.yaml in `d:\SEVANI\dataconnect`
 {"metadata":{"emulator":{"name":"dataconnect"},"message":"E0331 23:19:57.598848   20728 watch.go:116] watchAllDir unable to walk dir `d:\\SEVANI\\dataconnect`: GetFileAttributesEx d:\\SEVANI\\dataconnect: The system cannot find the file specified.\nE0331 23:19:57.598848   20728 watch.go:40] Failed to load config from \"d:\\\\SEVANI\\\\dataconnect\": could not find dataconnect.yaml in `d:\\SEVANI\\dataconnect`\n"}}
[debug] [2026-03-31T16:20:07.598Z] E0331 23:20:07.598917   20728 watch.go:40] Failed to load config from "d:\\SEVANI\\dataconnect": could not find dataconnect.yaml in `d:\SEVANI\dataconnect`
 {"metadata":{"emulator":{"name":"dataconnect"},"message":"E0331 23:20:07.598917   20728 watch.go:40] Failed to load config from \"d:\\\\SEVANI\\\\dataconnect\": could not find dataconnect.yaml in `d:\\SEVANI\\dataconnect`\n"}}
[debug] [2026-03-31T16:20:17.599Z] E0331 23:20:17.598660   20728 watch.go:40] Failed to load config from "d:\\SEVANI\\dataconnect": could not find dataconnect.yaml in `d:\SEVANI\dataconnect`
 {"metadata":{"emulator":{"name":"dataconnect"},"message":"E0331 23:20:17.598660   20728 watch.go:40] Failed to load config from \"d:\\\\SEVANI\\\\dataconnect\": could not find dataconnect.yaml in `d:\\SEVANI\\dataconnect`\n"}}
[debug] [2026-03-31T16:20:27.600Z] E0331 23:20:27.600552   20728 watch.go:40] Failed to load config from "d:\\SEVANI\\dataconnect": could not find dataconnect.yaml in `d:\SEVANI\dataconnect`
 {"metadata":{"emulator":{"name":"dataconnect"},"message":"E0331 23:20:27.600552   20728 watch.go:40] Failed to load config from \"d:\\\\SEVANI\\\\dataconnect\": could not find dataconnect.yaml in `d:\\SEVANI\\dataconnect`\n"}}
[debug] [2026-03-31T16:20:37.598Z] E0331 23:20:37.598680   20728 watch.go:40] Failed to load config from "d:\\SEVANI\\dataconnect": could not find dataconnect.yaml in `d:\SEVANI\dataconnect`
 {"metadata":{"emulator":{"name":"dataconnect"},"message":"E0331 23:20:37.598680   20728 watch.go:40] Failed to load config from \"d:\\\\SEVANI\\\\dataconnect\": could not find dataconnect.yaml in `d:\\SEVANI\\dataconnect`\n"}}
[debug] [2026-03-31T16:20:47.598Z] E0331 23:20:47.598577   20728 watch.go:40] Failed to load config from "d:\\SEVANI\\dataconnect": could not find dataconnect.yaml in `d:\SEVANI\dataconnect`
 {"metadata":{"emulator":{"name":"dataconnect"},"message":"E0331 23:20:47.598577   20728 watch.go:40] Failed to load config from \"d:\\\\SEVANI\\\\dataconnect\": could not find dataconnect.yaml in `d:\\SEVANI\\dataconnect`\n"}}
[debug] [2026-03-31T16:20:57.599Z] E0331 23:20:57.599420   20728 watch.go:116] watchAllDir unable to walk dir `d:\SEVANI\dataconnect`: GetFileAttributesEx d:\SEVANI\dataconnect: The system cannot find the file specified.
E0331 23:20:57.599420   20728 watch.go:40] Failed to load config from "d:\\SEVANI\\dataconnect": could not find dataconnect.yaml in `d:\SEVANI\dataconnect`
 {"metadata":{"emulator":{"name":"dataconnect"},"message":"E0331 23:20:57.599420   20728 watch.go:116] watchAllDir unable to walk dir `d:\\SEVANI\\dataconnect`: GetFileAttributesEx d:\\SEVANI\\dataconnect: The system cannot find the file specified.\nE0331 23:20:57.599420   20728 watch.go:40] Failed to load config from \"d:\\\\SEVANI\\\\dataconnect\": could not find dataconnect.yaml in `d:\\SEVANI\\dataconnect`\n"}}
[debug] [2026-03-31T16:21:07.600Z] E0331 23:21:07.599205   20728 watch.go:40] Failed to load config from "d:\\SEVANI\\dataconnect": could not find dataconnect.yaml in `d:\SEVANI\dataconnect`
 {"metadata":{"emulator":{"name":"dataconnect"},"message":"E0331 23:21:07.599205   20728 watch.go:40] Failed to load config from \"d:\\\\SEVANI\\\\dataconnect\": could not find dataconnect.yaml in `d:\\SEVANI\\dataconnect`\n"}}
[debug] [2026-03-31T16:21:17.598Z] E0331 23:21:17.598416   20728 watch.go:40] Failed to load config from "d:\\SEVANI\\dataconnect": could not find dataconnect.yaml in `d:\SEVANI\dataconnect`
 {"metadata":{"emulator":{"name":"dataconnect"},"message":"E0331 23:21:17.598416   20728 watch.go:40] Failed to load config from \"d:\\\\SEVANI\\\\dataconnect\": could not find dataconnect.yaml in `d:\\SEVANI\\dataconnect`\n"}}
[debug] [2026-03-31T16:21:27.598Z] E0331 23:21:27.598435   20728 watch.go:40] Failed to load config from "d:\\SEVANI\\dataconnect": could not find dataconnect.yaml in `d:\SEVANI\dataconnect`
 {"metadata":{"emulator":{"name":"dataconnect"},"message":"E0331 23:21:27.598435   20728 watch.go:40] Failed to load config from \"d:\\\\SEVANI\\\\dataconnect\": could not find dataconnect.yaml in `d:\\SEVANI\\dataconnect`\n"}}
[debug] [2026-03-31T16:21:37.599Z] E0331 23:21:37.599454   20728 watch.go:40] Failed to load config from "d:\\SEVANI\\dataconnect": could not find dataconnect.yaml in `d:\SEVANI\dataconnect`
 {"metadata":{"emulator":{"name":"dataconnect"},"message":"E0331 23:21:37.599454   20728 watch.go:40] Failed to load config from \"d:\\\\SEVANI\\\\dataconnect\": could not find dataconnect.yaml in `d:\\SEVANI\\dataconnect`\n"}}
[debug] [2026-03-31T16:21:47.600Z] E0331 23:21:47.600909   20728 watch.go:40] Failed to load config from "d:\\SEVANI\\dataconnect": could not find dataconnect.yaml in `d:\SEVANI\dataconnect`
 {"metadata":{"emulator":{"name":"dataconnect"},"message":"E0331 23:21:47.600909   20728 watch.go:40] Failed to load config from \"d:\\\\SEVANI\\\\dataconnect\": could not find dataconnect.yaml in `d:\\SEVANI\\dataconnect`\n"}}
[debug] [2026-03-31T16:21:57.599Z] E0331 23:21:57.599195   20728 watch.go:116] watchAllDir unable to walk dir `d:\SEVANI\dataconnect`: GetFileAttributesEx d:\SEVANI\dataconnect: The system cannot find the file specified.
E0331 23:21:57.599195   20728 watch.go:40] Failed to load config from "d:\\SEVANI\\dataconnect": could not find dataconnect.yaml in `d:\SEVANI\dataconnect`
 {"metadata":{"emulator":{"name":"dataconnect"},"message":"E0331 23:21:57.599195   20728 watch.go:116] watchAllDir unable to walk dir `d:\\SEVANI\\dataconnect`: GetFileAttributesEx d:\\SEVANI\\dataconnect: The system cannot find the file specified.\nE0331 23:21:57.599195   20728 watch.go:40] Failed to load config from \"d:\\\\SEVANI\\\\dataconnect\": could not find dataconnect.yaml in `d:\\SEVANI\\dataconnect`\n"}}
[debug] [2026-03-31T16:22:07.599Z] E0331 23:22:07.599302   20728 watch.go:40] Failed to load config from "d:\\SEVANI\\dataconnect": could not find dataconnect.yaml in `d:\SEVANI\dataconnect`
 {"metadata":{"emulator":{"name":"dataconnect"},"message":"E0331 23:22:07.599302   20728 watch.go:40] Failed to load config from \"d:\\\\SEVANI\\\\dataconnect\": could not find dataconnect.yaml in `d:\\SEVANI\\dataconnect`\n"}}
[debug] [2026-03-31T16:22:17.599Z] E0331 23:22:17.599134   20728 watch.go:40] Failed to load config from "d:\\SEVANI\\dataconnect": could not find dataconnect.yaml in `d:\SEVANI\dataconnect`
 {"metadata":{"emulator":{"name":"dataconnect"},"message":"E0331 23:22:17.599134   20728 watch.go:40] Failed to load config from \"d:\\\\SEVANI\\\\dataconnect\": could not find dataconnect.yaml in `d:\\SEVANI\\dataconnect`\n"}}
[debug] [2026-03-31T16:22:27.598Z] E0331 23:22:27.598789   20728 watch.go:40] Failed to load config from "d:\\SEVANI\\dataconnect": could not find dataconnect.yaml in `d:\SEVANI\dataconnect`
 {"metadata":{"emulator":{"name":"dataconnect"},"message":"E0331 23:22:27.598789   20728 watch.go:40] Failed to load config from \"d:\\\\SEVANI\\\\dataconnect\": could not find dataconnect.yaml in `d:\\SEVANI\\dataconnect`\n"}}
[debug] [2026-03-31T16:22:37.598Z] E0331 23:22:37.598560   20728 watch.go:40] Failed to load config from "d:\\SEVANI\\dataconnect": could not find dataconnect.yaml in `d:\SEVANI\dataconnect`
 {"metadata":{"emulator":{"name":"dataconnect"},"message":"E0331 23:22:37.598560   20728 watch.go:40] Failed to load config from \"d:\\\\SEVANI\\\\dataconnect\": could not find dataconnect.yaml in `d:\\SEVANI\\dataconnect`\n"}}
[debug] [2026-03-31T16:22:47.599Z] E0331 23:22:47.598648   20728 watch.go:40] Failed to load config from "d:\\SEVANI\\dataconnect": could not find dataconnect.yaml in `d:\SEVANI\dataconnect`
 {"metadata":{"emulator":{"name":"dataconnect"},"message":"E0331 23:22:47.598648   20728 watch.go:40] Failed to load config from \"d:\\\\SEVANI\\\\dataconnect\": could not find dataconnect.yaml in `d:\\SEVANI\\dataconnect`\n"}}
[debug] [2026-03-31T16:22:57.599Z] E0331 23:22:57.599187   20728 watch.go:116] watchAllDir unable to walk dir `d:\SEVANI\dataconnect`: GetFileAttributesEx d:\SEVANI\dataconnect: The system cannot find the file specified.
E0331 23:22:57.599187   20728 watch.go:40] Failed to load config from "d:\\SEVANI\\dataconnect": could not find dataconnect.yaml in `d:\SEVANI\dataconnect`
 {"metadata":{"emulator":{"name":"dataconnect"},"message":"E0331 23:22:57.599187   20728 watch.go:116] watchAllDir unable to walk dir `d:\\SEVANI\\dataconnect`: GetFileAttributesEx d:\\SEVANI\\dataconnect: The system cannot find the file specified.\nE0331 23:22:57.599187   20728 watch.go:40] Failed to load config from \"d:\\\\SEVANI\\\\dataconnect\": could not find dataconnect.yaml in `d:\\SEVANI\\dataconnect`\n"}}
[debug] [2026-03-31T16:23:07.600Z] E0331 23:23:07.600119   20728 watch.go:40] Failed to load config from "d:\\SEVANI\\dataconnect": could not find dataconnect.yaml in `d:\SEVANI\dataconnect`
 {"metadata":{"emulator":{"name":"dataconnect"},"message":"E0331 23:23:07.600119   20728 watch.go:40] Failed to load config from \"d:\\\\SEVANI\\\\dataconnect\": could not find dataconnect.yaml in `d:\\SEVANI\\dataconnect`\n"}}
[debug] [2026-03-31T16:23:17.601Z] E0331 23:23:17.600847   20728 watch.go:40] Failed to load config from "d:\\SEVANI\\dataconnect": could not find dataconnect.yaml in `d:\SEVANI\dataconnect`
 {"metadata":{"emulator":{"name":"dataconnect"},"message":"E0331 23:23:17.600847   20728 watch.go:40] Failed to load config from \"d:\\\\SEVANI\\\\dataconnect\": could not find dataconnect.yaml in `d:\\SEVANI\\dataconnect`\n"}}
[debug] [2026-03-31T16:23:27.599Z] E0331 23:23:27.599162   20728 watch.go:40] Failed to load config from "d:\\SEVANI\\dataconnect": could not find dataconnect.yaml in `d:\SEVANI\dataconnect`
 {"metadata":{"emulator":{"name":"dataconnect"},"message":"E0331 23:23:27.599162   20728 watch.go:40] Failed to load config from \"d:\\\\SEVANI\\\\dataconnect\": could not find dataconnect.yaml in `d:\\SEVANI\\dataconnect`\n"}}
[debug] [2026-03-31T16:23:37.598Z] E0331 23:23:37.598768   20728 watch.go:40] Failed to load config from "d:\\SEVANI\\dataconnect": could not find dataconnect.yaml in `d:\SEVANI\dataconnect`
 {"metadata":{"emulator":{"name":"dataconnect"},"message":"E0331 23:23:37.598768   20728 watch.go:40] Failed to load config from \"d:\\\\SEVANI\\\\dataconnect\": could not find dataconnect.yaml in `d:\\SEVANI\\dataconnect`\n"}}
[debug] [2026-03-31T16:23:47.598Z] E0331 23:23:47.598599   20728 watch.go:40] Failed to load config from "d:\\SEVANI\\dataconnect": could not find dataconnect.yaml in `d:\SEVANI\dataconnect`
 {"metadata":{"emulator":{"name":"dataconnect"},"message":"E0331 23:23:47.598599   20728 watch.go:40] Failed to load config from \"d:\\\\SEVANI\\\\dataconnect\": could not find dataconnect.yaml in `d:\\SEVANI\\dataconnect`\n"}}
[debug] [2026-03-31T16:23:57.598Z] E0331 23:23:57.598962   20728 watch.go:40] Failed to load config from "d:\\SEVANI\\dataconnect": could not find dataconnect.yaml in `d:\SEVANI\dataconnect`
E0331 23:23:57.598962   20728 watch.go:116] watchAllDir unable to walk dir `d:\SEVANI\dataconnect`: GetFileAttributesEx d:\SEVANI\dataconnect: The system cannot find the file specified.
 {"metadata":{"emulator":{"name":"dataconnect"},"message":"E0331 23:23:57.598962   20728 watch.go:40] Failed to load config from \"d:\\\\SEVANI\\\\dataconnect\": could not find dataconnect.yaml in `d:\\SEVANI\\dataconnect`\nE0331 23:23:57.598962   20728 watch.go:116] watchAllDir unable to walk dir `d:\\SEVANI\\dataconnect`: GetFileAttributesEx d:\\SEVANI\\dataconnect: The system cannot find the file specified.\n"}}
[debug] [2026-03-31T16:24:07.598Z] E0331 23:24:07.598570   20728 watch.go:40] Failed to load config from "d:\\SEVANI\\dataconnect": could not find dataconnect.yaml in `d:\SEVANI\dataconnect`
 {"metadata":{"emulator":{"name":"dataconnect"},"message":"E0331 23:24:07.598570   20728 watch.go:40] Failed to load config from \"d:\\\\SEVANI\\\\dataconnect\": could not find dataconnect.yaml in `d:\\SEVANI\\dataconnect`\n"}}
[debug] [2026-03-31T16:24:17.598Z] E0331 23:24:17.598557   20728 watch.go:40] Failed to load config from "d:\\SEVANI\\dataconnect": could not find dataconnect.yaml in `d:\SEVANI\dataconnect`
 {"metadata":{"emulator":{"name":"dataconnect"},"message":"E0331 23:24:17.598557   20728 watch.go:40] Failed to load config from \"d:\\\\SEVANI\\\\dataconnect\": could not find dataconnect.yaml in `d:\\SEVANI\\dataconnect`\n"}}
[debug] [2026-03-31T16:24:27.598Z] E0331 23:24:27.598700   20728 watch.go:40] Failed to load config from "d:\\SEVANI\\dataconnect": could not find dataconnect.yaml in `d:\SEVANI\dataconnect`
 {"metadata":{"emulator":{"name":"dataconnect"},"message":"E0331 23:24:27.598700   20728 watch.go:40] Failed to load config from \"d:\\\\SEVANI\\\\dataconnect\": could not find dataconnect.yaml in `d:\\SEVANI\\dataconnect`\n"}}
[debug] [2026-03-31T16:24:37.598Z] E0331 23:24:37.598668   20728 watch.go:40] Failed to load config from "d:\\SEVANI\\dataconnect": could not find dataconnect.yaml in `d:\SEVANI\dataconnect`
 {"metadata":{"emulator":{"name":"dataconnect"},"message":"E0331 23:24:37.598668   20728 watch.go:40] Failed to load config from \"d:\\\\SEVANI\\\\dataconnect\": could not find dataconnect.yaml in `d:\\SEVANI\\dataconnect`\n"}}
[debug] [2026-03-31T16:24:47.598Z] E0331 23:24:47.598437   20728 watch.go:40] Failed to load config from "d:\\SEVANI\\dataconnect": could not find dataconnect.yaml in `d:\SEVANI\dataconnect`
 {"metadata":{"emulator":{"name":"dataconnect"},"message":"E0331 23:24:47.598437   20728 watch.go:40] Failed to load config from \"d:\\\\SEVANI\\\\dataconnect\": could not find dataconnect.yaml in `d:\\SEVANI\\dataconnect`\n"}}
[debug] [2026-03-31T16:24:57.598Z] E0331 23:24:57.598692   20728 watch.go:116] watchAllDir unable to walk dir `d:\SEVANI\dataconnect`: GetFileAttributesEx d:\SEVANI\dataconnect: The system cannot find the file specified.
 {"metadata":{"emulator":{"name":"dataconnect"},"message":"E0331 23:24:57.598692   20728 watch.go:116] watchAllDir unable to walk dir `d:\\SEVANI\\dataconnect`: GetFileAttributesEx d:\\SEVANI\\dataconnect: The system cannot find the file specified.\n"}}
[debug] [2026-03-31T16:24:57.600Z] E0331 23:24:57.600223   20728 watch.go:40] Failed to load config from "d:\\SEVANI\\dataconnect": could not find dataconnect.yaml in `d:\SEVANI\dataconnect`
 {"metadata":{"emulator":{"name":"dataconnect"},"message":"E0331 23:24:57.600223   20728 watch.go:40] Failed to load config from \"d:\\\\SEVANI\\\\dataconnect\": could not find dataconnect.yaml in `d:\\SEVANI\\dataconnect`\n"}}
[debug] [2026-03-31T16:25:07.599Z] E0331 23:25:07.598636   20728 watch.go:40] Failed to load config from "d:\\SEVANI\\dataconnect": could not find dataconnect.yaml in `d:\SEVANI\dataconnect`
 {"metadata":{"emulator":{"name":"dataconnect"},"message":"E0331 23:25:07.598636   20728 watch.go:40] Failed to load config from \"d:\\\\SEVANI\\\\dataconnect\": could not find dataconnect.yaml in `d:\\SEVANI\\dataconnect`\n"}}
[debug] [2026-03-31T16:25:17.600Z] E0331 23:25:17.598983   20728 watch.go:40] Failed to load config from "d:\\SEVANI\\dataconnect": could not find dataconnect.yaml in `d:\SEVANI\dataconnect`
 {"metadata":{"emulator":{"name":"dataconnect"},"message":"E0331 23:25:17.598983   20728 watch.go:40] Failed to load config from \"d:\\\\SEVANI\\\\dataconnect\": could not find dataconnect.yaml in `d:\\SEVANI\\dataconnect`\n"}}
[debug] [2026-03-31T16:25:27.600Z] E0331 23:25:27.600502   20728 watch.go:40] Failed to load config from "d:\\SEVANI\\dataconnect": could not find dataconnect.yaml in `d:\SEVANI\dataconnect`
 {"metadata":{"emulator":{"name":"dataconnect"},"message":"E0331 23:25:27.600502   20728 watch.go:40] Failed to load config from \"d:\\\\SEVANI\\\\dataconnect\": could not find dataconnect.yaml in `d:\\SEVANI\\dataconnect`\n"}}
[debug] [2026-03-31T16:25:37.599Z] E0331 23:25:37.599349   20728 watch.go:40] Failed to load config from "d:\\SEVANI\\dataconnect": could not find dataconnect.yaml in `d:\SEVANI\dataconnect`
 {"metadata":{"emulator":{"name":"dataconnect"},"message":"E0331 23:25:37.599349   20728 watch.go:40] Failed to load config from \"d:\\\\SEVANI\\\\dataconnect\": could not find dataconnect.yaml in `d:\\SEVANI\\dataconnect`\n"}}
[debug] [2026-03-31T16:25:47.598Z] E0331 23:25:47.599088   20728 watch.go:40] Failed to load config from "d:\\SEVANI\\dataconnect": could not find dataconnect.yaml in `d:\SEVANI\dataconnect`
 {"metadata":{"emulator":{"name":"dataconnect"},"message":"E0331 23:25:47.599088   20728 watch.go:40] Failed to load config from \"d:\\\\SEVANI\\\\dataconnect\": could not find dataconnect.yaml in `d:\\SEVANI\\dataconnect`\n"}}
[debug] [2026-03-31T16:25:57.598Z] E0331 23:25:57.598516   20728 watch.go:116] watchAllDir unable to walk dir `d:\SEVANI\dataconnect`: GetFileAttributesEx d:\SEVANI\dataconnect: The system cannot find the file specified.
E0331 23:25:57.598516   20728 watch.go:40] Failed to load config from "d:\\SEVANI\\dataconnect": could not find dataconnect.yaml in `d:\SEVANI\dataconnect`
 {"metadata":{"emulator":{"name":"dataconnect"},"message":"E0331 23:25:57.598516   20728 watch.go:116] watchAllDir unable to walk dir `d:\\SEVANI\\dataconnect`: GetFileAttributesEx d:\\SEVANI\\dataconnect: The system cannot find the file specified.\nE0331 23:25:57.598516   20728 watch.go:40] Failed to load config from \"d:\\\\SEVANI\\\\dataconnect\": could not find dataconnect.yaml in `d:\\SEVANI\\dataconnect`\n"}}
[debug] [2026-03-31T16:26:07.598Z] E0331 23:26:07.598747   20728 watch.go:40] Failed to load config from "d:\\SEVANI\\dataconnect": could not find dataconnect.yaml in `d:\SEVANI\dataconnect`
 {"metadata":{"emulator":{"name":"dataconnect"},"message":"E0331 23:26:07.598747   20728 watch.go:40] Failed to load config from \"d:\\\\SEVANI\\\\dataconnect\": could not find dataconnect.yaml in `d:\\SEVANI\\dataconnect`\n"}}
[debug] [2026-03-31T16:26:17.599Z] E0331 23:26:17.599065   20728 watch.go:40] Failed to load config from "d:\\SEVANI\\dataconnect": could not find dataconnect.yaml in `d:\SEVANI\dataconnect`
 {"metadata":{"emulator":{"name":"dataconnect"},"message":"E0331 23:26:17.599065   20728 watch.go:40] Failed to load config from \"d:\\\\SEVANI\\\\dataconnect\": could not find dataconnect.yaml in `d:\\SEVANI\\dataconnect`\n"}}
[debug] [2026-03-31T16:26:27.599Z] E0331 23:26:27.599238   20728 watch.go:40] Failed to load config from "d:\\SEVANI\\dataconnect": could not find dataconnect.yaml in `d:\SEVANI\dataconnect`
 {"metadata":{"emulator":{"name":"dataconnect"},"message":"E0331 23:26:27.599238   20728 watch.go:40] Failed to load config from \"d:\\\\SEVANI\\\\dataconnect\": could not find dataconnect.yaml in `d:\\SEVANI\\dataconnect`\n"}}
[debug] [2026-03-31T16:26:37.599Z] E0331 23:26:37.599421   20728 watch.go:40] Failed to load config from "d:\\SEVANI\\dataconnect": could not find dataconnect.yaml in `d:\SEVANI\dataconnect`
 {"metadata":{"emulator":{"name":"dataconnect"},"message":"E0331 23:26:37.599421   20728 watch.go:40] Failed to load config from \"d:\\\\SEVANI\\\\dataconnect\": could not find dataconnect.yaml in `d:\\SEVANI\\dataconnect`\n"}}
[debug] [2026-03-31T16:26:47.599Z] E0331 23:26:47.598956   20728 watch.go:40] Failed to load config from "d:\\SEVANI\\dataconnect": could not find dataconnect.yaml in `d:\SEVANI\dataconnect`
 {"metadata":{"emulator":{"name":"dataconnect"},"message":"E0331 23:26:47.598956   20728 watch.go:40] Failed to load config from \"d:\\\\SEVANI\\\\dataconnect\": could not find dataconnect.yaml in `d:\\SEVANI\\dataconnect`\n"}}
[debug] [2026-03-31T16:26:57.600Z] E0331 23:26:57.599568   20728 watch.go:116] watchAllDir unable to walk dir `d:\SEVANI\dataconnect`: GetFileAttributesEx d:\SEVANI\dataconnect: The system cannot find the file specified.
 {"metadata":{"emulator":{"name":"dataconnect"},"message":"E0331 23:26:57.599568   20728 watch.go:116] watchAllDir unable to walk dir `d:\\SEVANI\\dataconnect`: GetFileAttributesEx d:\\SEVANI\\dataconnect: The system cannot find the file specified.\n"}}
[debug] [2026-03-31T16:26:57.603Z] E0331 23:26:57.602596   20728 watch.go:40] Failed to load config from "d:\\SEVANI\\dataconnect": could not find dataconnect.yaml in `d:\SEVANI\dataconnect`
 {"metadata":{"emulator":{"name":"dataconnect"},"message":"E0331 23:26:57.602596   20728 watch.go:40] Failed to load config from \"d:\\\\SEVANI\\\\dataconnect\": could not find dataconnect.yaml in `d:\\SEVANI\\dataconnect`\n"}}
[debug] [2026-03-31T16:27:07.599Z] E0331 23:27:07.599131   20728 watch.go:40] Failed to load config from "d:\\SEVANI\\dataconnect": could not find dataconnect.yaml in `d:\SEVANI\dataconnect`
 {"metadata":{"emulator":{"name":"dataconnect"},"message":"E0331 23:27:07.599131   20728 watch.go:40] Failed to load config from \"d:\\\\SEVANI\\\\dataconnect\": could not find dataconnect.yaml in `d:\\SEVANI\\dataconnect`\n"}}
[debug] [2026-03-31T16:27:17.599Z] E0331 23:27:17.598679   20728 watch.go:40] Failed to load config from "d:\\SEVANI\\dataconnect": could not find dataconnect.yaml in `d:\SEVANI\dataconnect`
 {"metadata":{"emulator":{"name":"dataconnect"},"message":"E0331 23:27:17.598679   20728 watch.go:40] Failed to load config from \"d:\\\\SEVANI\\\\dataconnect\": could not find dataconnect.yaml in `d:\\SEVANI\\dataconnect`\n"}}
[debug] [2026-03-31T16:27:27.601Z] E0331 23:27:27.600473   20728 watch.go:40] Failed to load config from "d:\\SEVANI\\dataconnect": could not find dataconnect.yaml in `d:\SEVANI\dataconnect`
 {"metadata":{"emulator":{"name":"dataconnect"},"message":"E0331 23:27:27.600473   20728 watch.go:40] Failed to load config from \"d:\\\\SEVANI\\\\dataconnect\": could not find dataconnect.yaml in `d:\\SEVANI\\dataconnect`\n"}}
[debug] [2026-03-31T16:27:37.598Z] E0331 23:27:37.598484   20728 watch.go:40] Failed to load config from "d:\\SEVANI\\dataconnect": could not find dataconnect.yaml in `d:\SEVANI\dataconnect`
 {"metadata":{"emulator":{"name":"dataconnect"},"message":"E0331 23:27:37.598484   20728 watch.go:40] Failed to load config from \"d:\\\\SEVANI\\\\dataconnect\": could not find dataconnect.yaml in `d:\\SEVANI\\dataconnect`\n"}}
[debug] [2026-03-31T16:27:47.599Z] E0331 23:27:47.599137   20728 watch.go:40] Failed to load config from "d:\\SEVANI\\dataconnect": could not find dataconnect.yaml in `d:\SEVANI\dataconnect`
 {"metadata":{"emulator":{"name":"dataconnect"},"message":"E0331 23:27:47.599137   20728 watch.go:40] Failed to load config from \"d:\\\\SEVANI\\\\dataconnect\": could not find dataconnect.yaml in `d:\\SEVANI\\dataconnect`\n"}}
[debug] [2026-03-31T16:27:57.599Z] E0331 23:27:57.598684   20728 watch.go:116] watchAllDir unable to walk dir `d:\SEVANI\dataconnect`: GetFileAttributesEx d:\SEVANI\dataconnect: The system cannot find the file specified.
 {"metadata":{"emulator":{"name":"dataconnect"},"message":"E0331 23:27:57.598684   20728 watch.go:116] watchAllDir unable to walk dir `d:\\SEVANI\\dataconnect`: GetFileAttributesEx d:\\SEVANI\\dataconnect: The system cannot find the file specified.\n"}}
[debug] [2026-03-31T16:27:57.600Z] E0331 23:27:57.599307   20728 watch.go:40] Failed to load config from "d:\\SEVANI\\dataconnect": could not find dataconnect.yaml in `d:\SEVANI\dataconnect`
 {"metadata":{"emulator":{"name":"dataconnect"},"message":"E0331 23:27:57.599307   20728 watch.go:40] Failed to load config from \"d:\\\\SEVANI\\\\dataconnect\": could not find dataconnect.yaml in `d:\\SEVANI\\dataconnect`\n"}}
[debug] [2026-03-31T16:28:07.599Z] E0331 23:28:07.598509   20728 watch.go:40] Failed to load config from "d:\\SEVANI\\dataconnect": could not find dataconnect.yaml in `d:\SEVANI\dataconnect`
 {"metadata":{"emulator":{"name":"dataconnect"},"message":"E0331 23:28:07.598509   20728 watch.go:40] Failed to load config from \"d:\\\\SEVANI\\\\dataconnect\": could not find dataconnect.yaml in `d:\\SEVANI\\dataconnect`\n"}}
[debug] [2026-03-31T16:28:17.600Z] E0331 23:28:17.599629   20728 watch.go:40] Failed to load config from "d:\\SEVANI\\dataconnect": could not find dataconnect.yaml in `d:\SEVANI\dataconnect`
 {"metadata":{"emulator":{"name":"dataconnect"},"message":"E0331 23:28:17.599629   20728 watch.go:40] Failed to load config from \"d:\\\\SEVANI\\\\dataconnect\": could not find dataconnect.yaml in `d:\\SEVANI\\dataconnect`\n"}}
[debug] [2026-03-31T16:28:27.600Z] E0331 23:28:27.599058   20728 watch.go:40] Failed to load config from "d:\\SEVANI\\dataconnect": could not find dataconnect.yaml in `d:\SEVANI\dataconnect`
 {"metadata":{"emulator":{"name":"dataconnect"},"message":"E0331 23:28:27.599058   20728 watch.go:40] Failed to load config from \"d:\\\\SEVANI\\\\dataconnect\": could not find dataconnect.yaml in `d:\\SEVANI\\dataconnect`\n"}}
[debug] [2026-03-31T16:28:37.600Z] E0331 23:28:37.600110   20728 watch.go:40] Failed to load config from "d:\\SEVANI\\dataconnect": could not find dataconnect.yaml in `d:\SEVANI\dataconnect`
 {"metadata":{"emulator":{"name":"dataconnect"},"message":"E0331 23:28:37.600110   20728 watch.go:40] Failed to load config from \"d:\\\\SEVANI\\\\dataconnect\": could not find dataconnect.yaml in `d:\\SEVANI\\dataconnect`\n"}}
[debug] [2026-03-31T16:28:47.599Z] E0331 23:28:47.599121   20728 watch.go:40] Failed to load config from "d:\\SEVANI\\dataconnect": could not find dataconnect.yaml in `d:\SEVANI\dataconnect`
 {"metadata":{"emulator":{"name":"dataconnect"},"message":"E0331 23:28:47.599121   20728 watch.go:40] Failed to load config from \"d:\\\\SEVANI\\\\dataconnect\": could not find dataconnect.yaml in `d:\\SEVANI\\dataconnect`\n"}}
[debug] [2026-03-31T16:28:57.599Z] E0331 23:28:57.598813   20728 watch.go:116] watchAllDir unable to walk dir `d:\SEVANI\dataconnect`: GetFileAttributesEx d:\SEVANI\dataconnect: The system cannot find the file specified.
E0331 23:28:57.598813   20728 watch.go:40] Failed to load config from "d:\\SEVANI\\dataconnect": could not find dataconnect.yaml in `d:\SEVANI\dataconnect`
 {"metadata":{"emulator":{"name":"dataconnect"},"message":"E0331 23:28:57.598813   20728 watch.go:116] watchAllDir unable to walk dir `d:\\SEVANI\\dataconnect`: GetFileAttributesEx d:\\SEVANI\\dataconnect: The system cannot find the file specified.\nE0331 23:28:57.598813   20728 watch.go:40] Failed to load config from \"d:\\\\SEVANI\\\\dataconnect\": could not find dataconnect.yaml in `d:\\SEVANI\\dataconnect`\n"}}
[debug] [2026-03-31T16:29:07.600Z] E0331 23:29:07.600359   20728 watch.go:40] Failed to load config from "d:\\SEVANI\\dataconnect": could not find dataconnect.yaml in `d:\SEVANI\dataconnect`
 {"metadata":{"emulator":{"name":"dataconnect"},"message":"E0331 23:29:07.600359   20728 watch.go:40] Failed to load config from \"d:\\\\SEVANI\\\\dataconnect\": could not find dataconnect.yaml in `d:\\SEVANI\\dataconnect`\n"}}
[debug] [2026-03-31T16:29:17.598Z] E0331 23:29:17.598751   20728 watch.go:40] Failed to load config from "d:\\SEVANI\\dataconnect": could not find dataconnect.yaml in `d:\SEVANI\dataconnect`
 {"metadata":{"emulator":{"name":"dataconnect"},"message":"E0331 23:29:17.598751   20728 watch.go:40] Failed to load config from \"d:\\\\SEVANI\\\\dataconnect\": could not find dataconnect.yaml in `d:\\SEVANI\\dataconnect`\n"}}
[debug] [2026-03-31T16:29:27.599Z] E0331 23:29:27.599014   20728 watch.go:40] Failed to load config from "d:\\SEVANI\\dataconnect": could not find dataconnect.yaml in `d:\SEVANI\dataconnect`
 {"metadata":{"emulator":{"name":"dataconnect"},"message":"E0331 23:29:27.599014   20728 watch.go:40] Failed to load config from \"d:\\\\SEVANI\\\\dataconnect\": could not find dataconnect.yaml in `d:\\SEVANI\\dataconnect`\n"}}
[debug] [2026-03-31T16:29:37.600Z] E0331 23:29:37.600155   20728 watch.go:40] Failed to load config from "d:\\SEVANI\\dataconnect": could not find dataconnect.yaml in `d:\SEVANI\dataconnect`
 {"metadata":{"emulator":{"name":"dataconnect"},"message":"E0331 23:29:37.600155   20728 watch.go:40] Failed to load config from \"d:\\\\SEVANI\\\\dataconnect\": could not find dataconnect.yaml in `d:\\SEVANI\\dataconnect`\n"}}
[debug] [2026-03-31T16:29:47.598Z] E0331 23:29:47.598464   20728 watch.go:40] Failed to load config from "d:\\SEVANI\\dataconnect": could not find dataconnect.yaml in `d:\SEVANI\dataconnect`
 {"metadata":{"emulator":{"name":"dataconnect"},"message":"E0331 23:29:47.598464   20728 watch.go:40] Failed to load config from \"d:\\\\SEVANI\\\\dataconnect\": could not find dataconnect.yaml in `d:\\SEVANI\\dataconnect`\n"}}
[debug] [2026-03-31T16:29:57.598Z] E0331 23:29:57.598880   20728 watch.go:116] watchAllDir unable to walk dir `d:\SEVANI\dataconnect`: GetFileAttributesEx d:\SEVANI\dataconnect: The system cannot find the file specified.
E0331 23:29:57.598880   20728 watch.go:40] Failed to load config from "d:\\SEVANI\\dataconnect": could not find dataconnect.yaml in `d:\SEVANI\dataconnect`
 {"metadata":{"emulator":{"name":"dataconnect"},"message":"E0331 23:29:57.598880   20728 watch.go:116] watchAllDir unable to walk dir `d:\\SEVANI\\dataconnect`: GetFileAttributesEx d:\\SEVANI\\dataconnect: The system cannot find the file specified.\nE0331 23:29:57.598880   20728 watch.go:40] Failed to load config from \"d:\\\\SEVANI\\\\dataconnect\": could not find dataconnect.yaml in `d:\\SEVANI\\dataconnect`\n"}}
[debug] [2026-03-31T16:30:07.600Z] E0331 23:30:07.600261   20728 watch.go:40] Failed to load config from "d:\\SEVANI\\dataconnect": could not find dataconnect.yaml in `d:\SEVANI\dataconnect`
 {"metadata":{"emulator":{"name":"dataconnect"},"message":"E0331 23:30:07.600261   20728 watch.go:40] Failed to load config from \"d:\\\\SEVANI\\\\dataconnect\": could not find dataconnect.yaml in `d:\\SEVANI\\dataconnect`\n"}}
[debug] [2026-03-31T16:30:17.599Z] E0331 23:30:17.598881   20728 watch.go:40] Failed to load config from "d:\\SEVANI\\dataconnect": could not find dataconnect.yaml in `d:\SEVANI\dataconnect`
 {"metadata":{"emulator":{"name":"dataconnect"},"message":"E0331 23:30:17.598881   20728 watch.go:40] Failed to load config from \"d:\\\\SEVANI\\\\dataconnect\": could not find dataconnect.yaml in `d:\\SEVANI\\dataconnect`\n"}}
[debug] [2026-03-31T16:30:27.598Z] E0331 23:30:27.598483   20728 watch.go:40] Failed to load config from "d:\\SEVANI\\dataconnect": could not find dataconnect.yaml in `d:\SEVANI\dataconnect`
 {"metadata":{"emulator":{"name":"dataconnect"},"message":"E0331 23:30:27.598483   20728 watch.go:40] Failed to load config from \"d:\\\\SEVANI\\\\dataconnect\": could not find dataconnect.yaml in `d:\\SEVANI\\dataconnect`\n"}}
[debug] [2026-03-31T16:30:37.600Z] E0331 23:30:37.599651   20728 watch.go:40] Failed to load config from "d:\\SEVANI\\dataconnect": could not find dataconnect.yaml in `d:\SEVANI\dataconnect`
 {"metadata":{"emulator":{"name":"dataconnect"},"message":"E0331 23:30:37.599651   20728 watch.go:40] Failed to load config from \"d:\\\\SEVANI\\\\dataconnect\": could not find dataconnect.yaml in `d:\\SEVANI\\dataconnect`\n"}}
[debug] [2026-03-31T16:30:47.599Z] E0331 23:30:47.598491   20728 watch.go:40] Failed to load config from "d:\\SEVANI\\dataconnect": could not find dataconnect.yaml in `d:\SEVANI\dataconnect`
 {"metadata":{"emulator":{"name":"dataconnect"},"message":"E0331 23:30:47.598491   20728 watch.go:40] Failed to load config from \"d:\\\\SEVANI\\\\dataconnect\": could not find dataconnect.yaml in `d:\\SEVANI\\dataconnect`\n"}}
[debug] [2026-03-31T16:30:57.598Z] E0331 23:30:57.598760   20728 watch.go:116] watchAllDir unable to walk dir `d:\SEVANI\dataconnect`: GetFileAttributesEx d:\SEVANI\dataconnect: The system cannot find the file specified.
 {"metadata":{"emulator":{"name":"dataconnect"},"message":"E0331 23:30:57.598760   20728 watch.go:116] watchAllDir unable to walk dir `d:\\SEVANI\\dataconnect`: GetFileAttributesEx d:\\SEVANI\\dataconnect: The system cannot find the file specified.\n"}}
[debug] [2026-03-31T16:30:57.600Z] E0331 23:30:57.599665   20728 watch.go:40] Failed to load config from "d:\\SEVANI\\dataconnect": could not find dataconnect.yaml in `d:\SEVANI\dataconnect`
 {"metadata":{"emulator":{"name":"dataconnect"},"message":"E0331 23:30:57.599665   20728 watch.go:40] Failed to load config from \"d:\\\\SEVANI\\\\dataconnect\": could not find dataconnect.yaml in `d:\\SEVANI\\dataconnect`\n"}}
[debug] [2026-03-31T16:31:07.599Z] E0331 23:31:07.599270   20728 watch.go:40] Failed to load config from "d:\\SEVANI\\dataconnect": could not find dataconnect.yaml in `d:\SEVANI\dataconnect`
 {"metadata":{"emulator":{"name":"dataconnect"},"message":"E0331 23:31:07.599270   20728 watch.go:40] Failed to load config from \"d:\\\\SEVANI\\\\dataconnect\": could not find dataconnect.yaml in `d:\\SEVANI\\dataconnect`\n"}}
[debug] [2026-03-31T16:31:17.600Z] E0331 23:31:17.600327   20728 watch.go:40] Failed to load config from "d:\\SEVANI\\dataconnect": could not find dataconnect.yaml in `d:\SEVANI\dataconnect`
 {"metadata":{"emulator":{"name":"dataconnect"},"message":"E0331 23:31:17.600327   20728 watch.go:40] Failed to load config from \"d:\\\\SEVANI\\\\dataconnect\": could not find dataconnect.yaml in `d:\\SEVANI\\dataconnect`\n"}}
[debug] [2026-03-31T16:31:27.598Z] E0331 23:31:27.598787   20728 watch.go:40] Failed to load config from "d:\\SEVANI\\dataconnect": could not find dataconnect.yaml in `d:\SEVANI\dataconnect`
 {"metadata":{"emulator":{"name":"dataconnect"},"message":"E0331 23:31:27.598787   20728 watch.go:40] Failed to load config from \"d:\\\\SEVANI\\\\dataconnect\": could not find dataconnect.yaml in `d:\\SEVANI\\dataconnect`\n"}}
[debug] [2026-03-31T16:31:37.599Z] E0331 23:31:37.600024   20728 watch.go:40] Failed to load config from "d:\\SEVANI\\dataconnect": could not find dataconnect.yaml in `d:\SEVANI\dataconnect`
 {"metadata":{"emulator":{"name":"dataconnect"},"message":"E0331 23:31:37.600024   20728 watch.go:40] Failed to load config from \"d:\\\\SEVANI\\\\dataconnect\": could not find dataconnect.yaml in `d:\\SEVANI\\dataconnect`\n"}}
[debug] [2026-03-31T16:31:47.600Z] E0331 23:31:47.601051   20728 watch.go:40] Failed to load config from "d:\\SEVANI\\dataconnect": could not find dataconnect.yaml in `d:\SEVANI\dataconnect`
 {"metadata":{"emulator":{"name":"dataconnect"},"message":"E0331 23:31:47.601051   20728 watch.go:40] Failed to load config from \"d:\\\\SEVANI\\\\dataconnect\": could not find dataconnect.yaml in `d:\\SEVANI\\dataconnect`\n"}}
[debug] [2026-03-31T16:31:57.599Z] E0331 23:31:57.598986   20728 watch.go:116] watchAllDir unable to walk dir `d:\SEVANI\dataconnect`: GetFileAttributesEx d:\SEVANI\dataconnect: The system cannot find the file specified.
 {"metadata":{"emulator":{"name":"dataconnect"},"message":"E0331 23:31:57.598986   20728 watch.go:116] watchAllDir unable to walk dir `d:\\SEVANI\\dataconnect`: GetFileAttributesEx d:\\SEVANI\\dataconnect: The system cannot find the file specified.\n"}}
[debug] [2026-03-31T16:31:57.601Z] E0331 23:31:57.599495   20728 watch.go:40] Failed to load config from "d:\\SEVANI\\dataconnect": could not find dataconnect.yaml in `d:\SEVANI\dataconnect`
 {"metadata":{"emulator":{"name":"dataconnect"},"message":"E0331 23:31:57.599495   20728 watch.go:40] Failed to load config from \"d:\\\\SEVANI\\\\dataconnect\": could not find dataconnect.yaml in `d:\\SEVANI\\dataconnect`\n"}}
[debug] [2026-03-31T16:32:07.598Z] E0331 23:32:07.598673   20728 watch.go:40] Failed to load config from "d:\\SEVANI\\dataconnect": could not find dataconnect.yaml in `d:\SEVANI\dataconnect`
 {"metadata":{"emulator":{"name":"dataconnect"},"message":"E0331 23:32:07.598673   20728 watch.go:40] Failed to load config from \"d:\\\\SEVANI\\\\dataconnect\": could not find dataconnect.yaml in `d:\\SEVANI\\dataconnect`\n"}}
[debug] [2026-03-31T16:32:17.598Z] E0331 23:32:17.598399   20728 watch.go:40] Failed to load config from "d:\\SEVANI\\dataconnect": could not find dataconnect.yaml in `d:\SEVANI\dataconnect`
 {"metadata":{"emulator":{"name":"dataconnect"},"message":"E0331 23:32:17.598399   20728 watch.go:40] Failed to load config from \"d:\\\\SEVANI\\\\dataconnect\": could not find dataconnect.yaml in `d:\\SEVANI\\dataconnect`\n"}}
[debug] [2026-03-31T16:32:27.598Z] E0331 23:32:27.598709   20728 watch.go:40] Failed to load config from "d:\\SEVANI\\dataconnect": could not find dataconnect.yaml in `d:\SEVANI\dataconnect`
 {"metadata":{"emulator":{"name":"dataconnect"},"message":"E0331 23:32:27.598709   20728 watch.go:40] Failed to load config from \"d:\\\\SEVANI\\\\dataconnect\": could not find dataconnect.yaml in `d:\\SEVANI\\dataconnect`\n"}}
[debug] [2026-03-31T16:32:37.599Z] E0331 23:32:37.598774   20728 watch.go:40] Failed to load config from "d:\\SEVANI\\dataconnect": could not find dataconnect.yaml in `d:\SEVANI\dataconnect`
 {"metadata":{"emulator":{"name":"dataconnect"},"message":"E0331 23:32:37.598774   20728 watch.go:40] Failed to load config from \"d:\\\\SEVANI\\\\dataconnect\": could not find dataconnect.yaml in `d:\\SEVANI\\dataconnect`\n"}}
[debug] [2026-03-31T16:32:47.599Z] E0331 23:32:47.599049   20728 watch.go:40] Failed to load config from "d:\\SEVANI\\dataconnect": could not find dataconnect.yaml in `d:\SEVANI\dataconnect`
 {"metadata":{"emulator":{"name":"dataconnect"},"message":"E0331 23:32:47.599049   20728 watch.go:40] Failed to load config from \"d:\\\\SEVANI\\\\dataconnect\": could not find dataconnect.yaml in `d:\\SEVANI\\dataconnect`\n"}}
[debug] [2026-03-31T16:32:57.598Z] E0331 23:32:57.598700   20728 watch.go:116] watchAllDir unable to walk dir `d:\SEVANI\dataconnect`: GetFileAttributesEx d:\SEVANI\dataconnect: The system cannot find the file specified.
E0331 23:32:57.598700   20728 watch.go:40] Failed to load config from "d:\\SEVANI\\dataconnect": could not find dataconnect.yaml in `d:\SEVANI\dataconnect`
 {"metadata":{"emulator":{"name":"dataconnect"},"message":"E0331 23:32:57.598700   20728 watch.go:116] watchAllDir unable to walk dir `d:\\SEVANI\\dataconnect`: GetFileAttributesEx d:\\SEVANI\\dataconnect: The system cannot find the file specified.\nE0331 23:32:57.598700   20728 watch.go:40] Failed to load config from \"d:\\\\SEVANI\\\\dataconnect\": could not find dataconnect.yaml in `d:\\SEVANI\\dataconnect`\n"}}
[debug] [2026-03-31T16:33:07.598Z] E0331 23:33:07.598444   20728 watch.go:40] Failed to load config from "d:\\SEVANI\\dataconnect": could not find dataconnect.yaml in `d:\SEVANI\dataconnect`
 {"metadata":{"emulator":{"name":"dataconnect"},"message":"E0331 23:33:07.598444   20728 watch.go:40] Failed to load config from \"d:\\\\SEVANI\\\\dataconnect\": could not find dataconnect.yaml in `d:\\SEVANI\\dataconnect`\n"}}
[debug] [2026-03-31T16:33:17.598Z] E0331 23:33:17.598688   20728 watch.go:40] Failed to load config from "d:\\SEVANI\\dataconnect": could not find dataconnect.yaml in `d:\SEVANI\dataconnect`
 {"metadata":{"emulator":{"name":"dataconnect"},"message":"E0331 23:33:17.598688   20728 watch.go:40] Failed to load config from \"d:\\\\SEVANI\\\\dataconnect\": could not find dataconnect.yaml in `d:\\SEVANI\\dataconnect`\n"}}
[debug] [2026-03-31T16:33:27.598Z] E0331 23:33:27.598840   20728 watch.go:40] Failed to load config from "d:\\SEVANI\\dataconnect": could not find dataconnect.yaml in `d:\SEVANI\dataconnect`
 {"metadata":{"emulator":{"name":"dataconnect"},"message":"E0331 23:33:27.598840   20728 watch.go:40] Failed to load config from \"d:\\\\SEVANI\\\\dataconnect\": could not find dataconnect.yaml in `d:\\SEVANI\\dataconnect`\n"}}
[debug] [2026-03-31T16:33:37.598Z] E0331 23:33:37.598830   20728 watch.go:40] Failed to load config from "d:\\SEVANI\\dataconnect": could not find dataconnect.yaml in `d:\SEVANI\dataconnect`
 {"metadata":{"emulator":{"name":"dataconnect"},"message":"E0331 23:33:37.598830   20728 watch.go:40] Failed to load config from \"d:\\\\SEVANI\\\\dataconnect\": could not find dataconnect.yaml in `d:\\SEVANI\\dataconnect`\n"}}
[debug] [2026-03-31T16:33:47.598Z] E0331 23:33:47.598638   20728 watch.go:40] Failed to load config from "d:\\SEVANI\\dataconnect": could not find dataconnect.yaml in `d:\SEVANI\dataconnect`
 {"metadata":{"emulator":{"name":"dataconnect"},"message":"E0331 23:33:47.598638   20728 watch.go:40] Failed to load config from \"d:\\\\SEVANI\\\\dataconnect\": could not find dataconnect.yaml in `d:\\SEVANI\\dataconnect`\n"}}
[debug] [2026-03-31T16:33:57.598Z] E0331 23:33:57.598467   20728 watch.go:116] watchAllDir unable to walk dir `d:\SEVANI\dataconnect`: GetFileAttributesEx d:\SEVANI\dataconnect: The system cannot find the file specified.
E0331 23:33:57.598467   20728 watch.go:40] Failed to load config from "d:\\SEVANI\\dataconnect": could not find dataconnect.yaml in `d:\SEVANI\dataconnect`
 {"metadata":{"emulator":{"name":"dataconnect"},"message":"E0331 23:33:57.598467   20728 watch.go:116] watchAllDir unable to walk dir `d:\\SEVANI\\dataconnect`: GetFileAttributesEx d:\\SEVANI\\dataconnect: The system cannot find the file specified.\nE0331 23:33:57.598467   20728 watch.go:40] Failed to load config from \"d:\\\\SEVANI\\\\dataconnect\": could not find dataconnect.yaml in `d:\\SEVANI\\dataconnect`\n"}}
[debug] [2026-03-31T16:34:07.598Z] E0331 23:34:07.598841   20728 watch.go:40] Failed to load config from "d:\\SEVANI\\dataconnect": could not find dataconnect.yaml in `d:\SEVANI\dataconnect`
 {"metadata":{"emulator":{"name":"dataconnect"},"message":"E0331 23:34:07.598841   20728 watch.go:40] Failed to load config from \"d:\\\\SEVANI\\\\dataconnect\": could not find dataconnect.yaml in `d:\\SEVANI\\dataconnect`\n"}}
[debug] [2026-03-31T16:34:17.598Z] E0331 23:34:17.598440   20728 watch.go:40] Failed to load config from "d:\\SEVANI\\dataconnect": could not find dataconnect.yaml in `d:\SEVANI\dataconnect`
 {"metadata":{"emulator":{"name":"dataconnect"},"message":"E0331 23:34:17.598440   20728 watch.go:40] Failed to load config from \"d:\\\\SEVANI\\\\dataconnect\": could not find dataconnect.yaml in `d:\\SEVANI\\dataconnect`\n"}}
[debug] [2026-03-31T16:34:27.598Z] E0331 23:34:27.598510   20728 watch.go:40] Failed to load config from "d:\\SEVANI\\dataconnect": could not find dataconnect.yaml in `d:\SEVANI\dataconnect`
 {"metadata":{"emulator":{"name":"dataconnect"},"message":"E0331 23:34:27.598510   20728 watch.go:40] Failed to load config from \"d:\\\\SEVANI\\\\dataconnect\": could not find dataconnect.yaml in `d:\\SEVANI\\dataconnect`\n"}}
[debug] [2026-03-31T16:34:37.598Z] E0331 23:34:37.598613   20728 watch.go:40] Failed to load config from "d:\\SEVANI\\dataconnect": could not find dataconnect.yaml in `d:\SEVANI\dataconnect`
 {"metadata":{"emulator":{"name":"dataconnect"},"message":"E0331 23:34:37.598613   20728 watch.go:40] Failed to load config from \"d:\\\\SEVANI\\\\dataconnect\": could not find dataconnect.yaml in `d:\\SEVANI\\dataconnect`\n"}}
[debug] [2026-03-31T16:34:47.598Z] E0331 23:34:47.598747   20728 watch.go:40] Failed to load config from "d:\\SEVANI\\dataconnect": could not find dataconnect.yaml in `d:\SEVANI\dataconnect`
 {"metadata":{"emulator":{"name":"dataconnect"},"message":"E0331 23:34:47.598747   20728 watch.go:40] Failed to load config from \"d:\\\\SEVANI\\\\dataconnect\": could not find dataconnect.yaml in `d:\\SEVANI\\dataconnect`\n"}}
[debug] [2026-03-31T16:34:57.598Z] E0331 23:34:57.598771   20728 watch.go:116] watchAllDir unable to walk dir `d:\SEVANI\dataconnect`: GetFileAttributesEx d:\SEVANI\dataconnect: The system cannot find the file specified.
E0331 23:34:57.598771   20728 watch.go:40] Failed to load config from "d:\\SEVANI\\dataconnect": could not find dataconnect.yaml in `d:\SEVANI\dataconnect`
 {"metadata":{"emulator":{"name":"dataconnect"},"message":"E0331 23:34:57.598771   20728 watch.go:116] watchAllDir unable to walk dir `d:\\SEVANI\\dataconnect`: GetFileAttributesEx d:\\SEVANI\\dataconnect: The system cannot find the file specified.\nE0331 23:34:57.598771   20728 watch.go:40] Failed to load config from \"d:\\\\SEVANI\\\\dataconnect\": could not find dataconnect.yaml in `d:\\SEVANI\\dataconnect`\n"}}
[debug] [2026-03-31T16:35:07.598Z] E0331 23:35:07.598623   20728 watch.go:40] Failed to load config from "d:\\SEVANI\\dataconnect": could not find dataconnect.yaml in `d:\SEVANI\dataconnect`
 {"metadata":{"emulator":{"name":"dataconnect"},"message":"E0331 23:35:07.598623   20728 watch.go:40] Failed to load config from \"d:\\\\SEVANI\\\\dataconnect\": could not find dataconnect.yaml in `d:\\SEVANI\\dataconnect`\n"}}
[debug] [2026-03-31T16:35:17.600Z] E0331 23:35:17.599803   20728 watch.go:40] Failed to load config from "d:\\SEVANI\\dataconnect": could not find dataconnect.yaml in `d:\SEVANI\dataconnect`
 {"metadata":{"emulator":{"name":"dataconnect"},"message":"E0331 23:35:17.599803   20728 watch.go:40] Failed to load config from \"d:\\\\SEVANI\\\\dataconnect\": could not find dataconnect.yaml in `d:\\SEVANI\\dataconnect`\n"}}
[debug] [2026-03-31T16:35:27.598Z] E0331 23:35:27.598604   20728 watch.go:40] Failed to load config from "d:\\SEVANI\\dataconnect": could not find dataconnect.yaml in `d:\SEVANI\dataconnect`
 {"metadata":{"emulator":{"name":"dataconnect"},"message":"E0331 23:35:27.598604   20728 watch.go:40] Failed to load config from \"d:\\\\SEVANI\\\\dataconnect\": could not find dataconnect.yaml in `d:\\SEVANI\\dataconnect`\n"}}
[debug] [2026-03-31T16:35:37.598Z] E0331 23:35:37.598435   20728 watch.go:40] Failed to load config from "d:\\SEVANI\\dataconnect": could not find dataconnect.yaml in `d:\SEVANI\dataconnect`
 {"metadata":{"emulator":{"name":"dataconnect"},"message":"E0331 23:35:37.598435   20728 watch.go:40] Failed to load config from \"d:\\\\SEVANI\\\\dataconnect\": could not find dataconnect.yaml in `d:\\SEVANI\\dataconnect`\n"}}
[debug] [2026-03-31T16:35:47.598Z] E0331 23:35:47.598674   20728 watch.go:40] Failed to load config from "d:\\SEVANI\\dataconnect": could not find dataconnect.yaml in `d:\SEVANI\dataconnect`
 {"metadata":{"emulator":{"name":"dataconnect"},"message":"E0331 23:35:47.598674   20728 watch.go:40] Failed to load config from \"d:\\\\SEVANI\\\\dataconnect\": could not find dataconnect.yaml in `d:\\SEVANI\\dataconnect`\n"}}
[debug] [2026-03-31T16:35:57.599Z] E0331 23:35:57.599188   20728 watch.go:116] watchAllDir unable to walk dir `d:\SEVANI\dataconnect`: GetFileAttributesEx d:\SEVANI\dataconnect: The system cannot find the file specified.
E0331 23:35:57.599188   20728 watch.go:40] Failed to load config from "d:\\SEVANI\\dataconnect": could not find dataconnect.yaml in `d:\SEVANI\dataconnect`
 {"metadata":{"emulator":{"name":"dataconnect"},"message":"E0331 23:35:57.599188   20728 watch.go:116] watchAllDir unable to walk dir `d:\\SEVANI\\dataconnect`: GetFileAttributesEx d:\\SEVANI\\dataconnect: The system cannot find the file specified.\nE0331 23:35:57.599188   20728 watch.go:40] Failed to load config from \"d:\\\\SEVANI\\\\dataconnect\": could not find dataconnect.yaml in `d:\\SEVANI\\dataconnect`\n"}}
[debug] [2026-03-31T16:36:07.598Z] E0331 23:36:07.598648   20728 watch.go:40] Failed to load config from "d:\\SEVANI\\dataconnect": could not find dataconnect.yaml in `d:\SEVANI\dataconnect`
 {"metadata":{"emulator":{"name":"dataconnect"},"message":"E0331 23:36:07.598648   20728 watch.go:40] Failed to load config from \"d:\\\\SEVANI\\\\dataconnect\": could not find dataconnect.yaml in `d:\\SEVANI\\dataconnect`\n"}}
[debug] [2026-03-31T16:36:17.598Z] E0331 23:36:17.598649   20728 watch.go:40] Failed to load config from "d:\\SEVANI\\dataconnect": could not find dataconnect.yaml in `d:\SEVANI\dataconnect`
 {"metadata":{"emulator":{"name":"dataconnect"},"message":"E0331 23:36:17.598649   20728 watch.go:40] Failed to load config from \"d:\\\\SEVANI\\\\dataconnect\": could not find dataconnect.yaml in `d:\\SEVANI\\dataconnect`\n"}}
[debug] [2026-03-31T16:36:27.598Z] E0331 23:36:27.598611   20728 watch.go:40] Failed to load config from "d:\\SEVANI\\dataconnect": could not find dataconnect.yaml in `d:\SEVANI\dataconnect`
 {"metadata":{"emulator":{"name":"dataconnect"},"message":"E0331 23:36:27.598611   20728 watch.go:40] Failed to load config from \"d:\\\\SEVANI\\\\dataconnect\": could not find dataconnect.yaml in `d:\\SEVANI\\dataconnect`\n"}}
[debug] [2026-03-31T16:36:37.598Z] E0331 23:36:37.598485   20728 watch.go:40] Failed to load config from "d:\\SEVANI\\dataconnect": could not find dataconnect.yaml in `d:\SEVANI\dataconnect`
 {"metadata":{"emulator":{"name":"dataconnect"},"message":"E0331 23:36:37.598485   20728 watch.go:40] Failed to load config from \"d:\\\\SEVANI\\\\dataconnect\": could not find dataconnect.yaml in `d:\\SEVANI\\dataconnect`\n"}}
[debug] [2026-03-31T16:36:47.598Z] E0331 23:36:47.598762   20728 watch.go:40] Failed to load config from "d:\\SEVANI\\dataconnect": could not find dataconnect.yaml in `d:\SEVANI\dataconnect`
 {"metadata":{"emulator":{"name":"dataconnect"},"message":"E0331 23:36:47.598762   20728 watch.go:40] Failed to load config from \"d:\\\\SEVANI\\\\dataconnect\": could not find dataconnect.yaml in `d:\\SEVANI\\dataconnect`\n"}}
[debug] [2026-03-31T16:36:57.598Z] E0331 23:36:57.599043   20728 watch.go:116] watchAllDir unable to walk dir `d:\SEVANI\dataconnect`: GetFileAttributesEx d:\SEVANI\dataconnect: The system cannot find the file specified.
E0331 23:36:57.599043   20728 watch.go:40] Failed to load config from "d:\\SEVANI\\dataconnect": could not find dataconnect.yaml in `d:\SEVANI\dataconnect`
 {"metadata":{"emulator":{"name":"dataconnect"},"message":"E0331 23:36:57.599043   20728 watch.go:116] watchAllDir unable to walk dir `d:\\SEVANI\\dataconnect`: GetFileAttributesEx d:\\SEVANI\\dataconnect: The system cannot find the file specified.\nE0331 23:36:57.599043   20728 watch.go:40] Failed to load config from \"d:\\\\SEVANI\\\\dataconnect\": could not find dataconnect.yaml in `d:\\SEVANI\\dataconnect`\n"}}
[debug] [2026-03-31T16:37:07.598Z] E0331 23:37:07.598398   20728 watch.go:40] Failed to load config from "d:\\SEVANI\\dataconnect": could not find dataconnect.yaml in `d:\SEVANI\dataconnect`
 {"metadata":{"emulator":{"name":"dataconnect"},"message":"E0331 23:37:07.598398   20728 watch.go:40] Failed to load config from \"d:\\\\SEVANI\\\\dataconnect\": could not find dataconnect.yaml in `d:\\SEVANI\\dataconnect`\n"}}
[debug] [2026-03-31T16:37:17.599Z] E0331 23:37:17.598692   20728 watch.go:40] Failed to load config from "d:\\SEVANI\\dataconnect": could not find dataconnect.yaml in `d:\SEVANI\dataconnect`
 {"metadata":{"emulator":{"name":"dataconnect"},"message":"E0331 23:37:17.598692   20728 watch.go:40] Failed to load config from \"d:\\\\SEVANI\\\\dataconnect\": could not find dataconnect.yaml in `d:\\SEVANI\\dataconnect`\n"}}
[debug] [2026-03-31T16:37:27.598Z] E0331 23:37:27.598440   20728 watch.go:40] Failed to load config from "d:\\SEVANI\\dataconnect": could not find dataconnect.yaml in `d:\SEVANI\dataconnect`
 {"metadata":{"emulator":{"name":"dataconnect"},"message":"E0331 23:37:27.598440   20728 watch.go:40] Failed to load config from \"d:\\\\SEVANI\\\\dataconnect\": could not find dataconnect.yaml in `d:\\SEVANI\\dataconnect`\n"}}
[debug] [2026-03-31T16:37:37.599Z] E0331 23:37:37.598641   20728 watch.go:40] Failed to load config from "d:\\SEVANI\\dataconnect": could not find dataconnect.yaml in `d:\SEVANI\dataconnect`
 {"metadata":{"emulator":{"name":"dataconnect"},"message":"E0331 23:37:37.598641   20728 watch.go:40] Failed to load config from \"d:\\\\SEVANI\\\\dataconnect\": could not find dataconnect.yaml in `d:\\SEVANI\\dataconnect`\n"}}
[debug] [2026-03-31T16:37:47.599Z] E0331 23:37:47.598716   20728 watch.go:40] Failed to load config from "d:\\SEVANI\\dataconnect": could not find dataconnect.yaml in `d:\SEVANI\dataconnect`
 {"metadata":{"emulator":{"name":"dataconnect"},"message":"E0331 23:37:47.598716   20728 watch.go:40] Failed to load config from \"d:\\\\SEVANI\\\\dataconnect\": could not find dataconnect.yaml in `d:\\SEVANI\\dataconnect`\n"}}
[debug] [2026-03-31T16:37:57.598Z] E0331 23:37:57.598549   20728 watch.go:116] watchAllDir unable to walk dir `d:\SEVANI\dataconnect`: GetFileAttributesEx d:\SEVANI\dataconnect: The system cannot find the file specified.
E0331 23:37:57.598549   20728 watch.go:40] Failed to load config from "d:\\SEVANI\\dataconnect": could not find dataconnect.yaml in `d:\SEVANI\dataconnect`
 {"metadata":{"emulator":{"name":"dataconnect"},"message":"E0331 23:37:57.598549   20728 watch.go:116] watchAllDir unable to walk dir `d:\\SEVANI\\dataconnect`: GetFileAttributesEx d:\\SEVANI\\dataconnect: The system cannot find the file specified.\nE0331 23:37:57.598549   20728 watch.go:40] Failed to load config from \"d:\\\\SEVANI\\\\dataconnect\": could not find dataconnect.yaml in `d:\\SEVANI\\dataconnect`\n"}}
[debug] [2026-03-31T16:38:07.598Z] E0331 23:38:07.598840   20728 watch.go:40] Failed to load config from "d:\\SEVANI\\dataconnect": could not find dataconnect.yaml in `d:\SEVANI\dataconnect`
 {"metadata":{"emulator":{"name":"dataconnect"},"message":"E0331 23:38:07.598840   20728 watch.go:40] Failed to load config from \"d:\\\\SEVANI\\\\dataconnect\": could not find dataconnect.yaml in `d:\\SEVANI\\dataconnect`\n"}}
[debug] [2026-03-31T16:38:17.598Z] E0331 23:38:17.598738   20728 watch.go:40] Failed to load config from "d:\\SEVANI\\dataconnect": could not find dataconnect.yaml in `d:\SEVANI\dataconnect`
 {"metadata":{"emulator":{"name":"dataconnect"},"message":"E0331 23:38:17.598738   20728 watch.go:40] Failed to load config from \"d:\\\\SEVANI\\\\dataconnect\": could not find dataconnect.yaml in `d:\\SEVANI\\dataconnect`\n"}}
[debug] [2026-03-31T16:38:27.598Z] E0331 23:38:27.598817   20728 watch.go:40] Failed to load config from "d:\\SEVANI\\dataconnect": could not find dataconnect.yaml in `d:\SEVANI\dataconnect`
 {"metadata":{"emulator":{"name":"dataconnect"},"message":"E0331 23:38:27.598817   20728 watch.go:40] Failed to load config from \"d:\\\\SEVANI\\\\dataconnect\": could not find dataconnect.yaml in `d:\\SEVANI\\dataconnect`\n"}}
[debug] [2026-03-31T16:38:37.598Z] E0331 23:38:37.598798   20728 watch.go:40] Failed to load config from "d:\\SEVANI\\dataconnect": could not find dataconnect.yaml in `d:\SEVANI\dataconnect`
 {"metadata":{"emulator":{"name":"dataconnect"},"message":"E0331 23:38:37.598798   20728 watch.go:40] Failed to load config from \"d:\\\\SEVANI\\\\dataconnect\": could not find dataconnect.yaml in `d:\\SEVANI\\dataconnect`\n"}}
[debug] [2026-03-31T16:38:47.599Z] E0331 23:38:47.599905   20728 watch.go:40] Failed to load config from "d:\\SEVANI\\dataconnect": could not find dataconnect.yaml in `d:\SEVANI\dataconnect`
 {"metadata":{"emulator":{"name":"dataconnect"},"message":"E0331 23:38:47.599905   20728 watch.go:40] Failed to load config from \"d:\\\\SEVANI\\\\dataconnect\": could not find dataconnect.yaml in `d:\\SEVANI\\dataconnect`\n"}}
[debug] [2026-03-31T16:38:57.597Z] E0331 23:38:57.598500   20728 watch.go:116] watchAllDir unable to walk dir `d:\SEVANI\dataconnect`: GetFileAttributesEx d:\SEVANI\dataconnect: The system cannot find the file specified.
E0331 23:38:57.598500   20728 watch.go:40] Failed to load config from "d:\\SEVANI\\dataconnect": could not find dataconnect.yaml in `d:\SEVANI\dataconnect`
 {"metadata":{"emulator":{"name":"dataconnect"},"message":"E0331 23:38:57.598500   20728 watch.go:116] watchAllDir unable to walk dir `d:\\SEVANI\\dataconnect`: GetFileAttributesEx d:\\SEVANI\\dataconnect: The system cannot find the file specified.\nE0331 23:38:57.598500   20728 watch.go:40] Failed to load config from \"d:\\\\SEVANI\\\\dataconnect\": could not find dataconnect.yaml in `d:\\SEVANI\\dataconnect`\n"}}
[debug] [2026-03-31T16:39:07.599Z] E0331 23:39:07.598879   20728 watch.go:40] Failed to load config from "d:\\SEVANI\\dataconnect": could not find dataconnect.yaml in `d:\SEVANI\dataconnect`
 {"metadata":{"emulator":{"name":"dataconnect"},"message":"E0331 23:39:07.598879   20728 watch.go:40] Failed to load config from \"d:\\\\SEVANI\\\\dataconnect\": could not find dataconnect.yaml in `d:\\SEVANI\\dataconnect`\n"}}
[debug] [2026-03-31T16:39:17.599Z] E0331 23:39:17.599143   20728 watch.go:40] Failed to load config from "d:\\SEVANI\\dataconnect": could not find dataconnect.yaml in `d:\SEVANI\dataconnect`
 {"metadata":{"emulator":{"name":"dataconnect"},"message":"E0331 23:39:17.599143   20728 watch.go:40] Failed to load config from \"d:\\\\SEVANI\\\\dataconnect\": could not find dataconnect.yaml in `d:\\SEVANI\\dataconnect`\n"}}
[debug] [2026-03-31T19:39:32.267Z] E0401 02:39:32.266875   20728 watch.go:116] watchAllDir unable to walk dir `d:\SEVANI\dataconnect`: GetFileAttributesEx d:\SEVANI\dataconnect: The system cannot find the file specified.
 {"metadata":{"emulator":{"name":"dataconnect"},"message":"E0401 02:39:32.266875   20728 watch.go:116] watchAllDir unable to walk dir `d:\\SEVANI\\dataconnect`: GetFileAttributesEx d:\\SEVANI\\dataconnect: The system cannot find the file specified.\n"}}
[debug] [2026-03-31T19:39:32.267Z] E0401 02:39:32.266875   20728 watch.go:40] Failed to load config from "d:\\SEVANI\\dataconnect": could not find dataconnect.yaml in `d:\SEVANI\dataconnect`
 {"metadata":{"emulator":{"name":"dataconnect"},"message":"E0401 02:39:32.266875   20728 watch.go:40] Failed to load config from \"d:\\\\SEVANI\\\\dataconnect\": could not find dataconnect.yaml in `d:\\SEVANI\\dataconnect`\n"}}
[debug] [2026-03-31T19:39:37.716Z] E0401 02:39:37.715901   20728 watch.go:40] Failed to load config from "d:\\SEVANI\\dataconnect": could not find dataconnect.yaml in `d:\SEVANI\dataconnect`
 {"metadata":{"emulator":{"name":"dataconnect"},"message":"E0401 02:39:37.715901   20728 watch.go:40] Failed to load config from \"d:\\\\SEVANI\\\\dataconnect\": could not find dataconnect.yaml in `d:\\SEVANI\\dataconnect`\n"}}
[debug] [2026-04-01T01:41:58.961Z] E0401 08:41:57.119663   20728 watch.go:40] Failed to load config from "d:\\SEVANI\\dataconnect": could not find dataconnect.yaml in `d:\SEVANI\dataconnect`
E0401 08:41:57.194981   20728 watch.go:116] watchAllDir unable to walk dir `d:\SEVANI\dataconnect`: GetFileAttributesEx d:\SEVANI\dataconnect: The system cannot find the file specified.
E0401 08:41:57.632560   20728 watch.go:116] watchAllDir unable to walk dir `d:\SEVANI\dataconnect`: GetFileAttributesEx d:\SEVANI\dataconnect: The system cannot find the file specified.
E0401 08:41:57.633216   20728 watch.go:40] Failed to load config from "d:\\SEVANI\\dataconnect": could not find dataconnect.yaml in `d:\SEVANI\dataconnect`
 {"metadata":{"emulator":{"name":"dataconnect"},"message":"E0401 08:41:57.119663   20728 watch.go:40] Failed to load config from \"d:\\\\SEVANI\\\\dataconnect\": could not find dataconnect.yaml in `d:\\SEVANI\\dataconnect`\nE0401 08:41:57.194981   20728 watch.go:116] watchAllDir unable to walk dir `d:\\SEVANI\\dataconnect`: GetFileAttributesEx d:\\SEVANI\\dataconnect: The system cannot find the file specified.\nE0401 08:41:57.632560   20728 watch.go:116] watchAllDir unable to walk dir `d:\\SEVANI\\dataconnect`: GetFileAttributesEx d:\\SEVANI\\dataconnect: The system cannot find the file specified.\nE0401 08:41:57.633216   20728 watch.go:40] Failed to load config from \"d:\\\\SEVANI\\\\dataconnect\": could not find dataconnect.yaml in `d:\\SEVANI\\dataconnect`\n"}}
[debug] [2026-04-01T01:42:07.630Z] E0401 08:42:07.614976   20728 watch.go:40] Failed to load config from "d:\\SEVANI\\dataconnect": could not find dataconnect.yaml in `d:\SEVANI\dataconnect`
 {"metadata":{"emulator":{"name":"dataconnect"},"message":"E0401 08:42:07.614976   20728 watch.go:40] Failed to load config from \"d:\\\\SEVANI\\\\dataconnect\": could not find dataconnect.yaml in `d:\\SEVANI\\dataconnect`\n"}}
[debug] [2026-04-01T01:42:17.600Z] E0401 08:42:17.600411   20728 watch.go:40] Failed to load config from "d:\\SEVANI\\dataconnect": could not find dataconnect.yaml in `d:\SEVANI\dataconnect`
 {"metadata":{"emulator":{"name":"dataconnect"},"message":"E0401 08:42:17.600411   20728 watch.go:40] Failed to load config from \"d:\\\\SEVANI\\\\dataconnect\": could not find dataconnect.yaml in `d:\\SEVANI\\dataconnect`\n"}}
[debug] [2026-04-01T01:42:27.599Z] E0401 08:42:27.599151   20728 watch.go:40] Failed to load config from "d:\\SEVANI\\dataconnect": could not find dataconnect.yaml in `d:\SEVANI\dataconnect`
 {"metadata":{"emulator":{"name":"dataconnect"},"message":"E0401 08:42:27.599151   20728 watch.go:40] Failed to load config from \"d:\\\\SEVANI\\\\dataconnect\": could not find dataconnect.yaml in `d:\\SEVANI\\dataconnect`\n"}}
[debug] [2026-04-01T01:42:37.599Z] E0401 08:42:37.599478   20728 watch.go:40] Failed to load config from "d:\\SEVANI\\dataconnect": could not find dataconnect.yaml in `d:\SEVANI\dataconnect`
 {"metadata":{"emulator":{"name":"dataconnect"},"message":"E0401 08:42:37.599478   20728 watch.go:40] Failed to load config from \"d:\\\\SEVANI\\\\dataconnect\": could not find dataconnect.yaml in `d:\\SEVANI\\dataconnect`\n"}}
[debug] [2026-04-01T01:42:47.603Z] E0401 08:42:51.241875   20728 watch.go:40] Failed to load config from "d:\\SEVANI\\dataconnect": could not find dataconnect.yaml in `d:\SEVANI\dataconnect`
 {"metadata":{"emulator":{"name":"dataconnect"},"message":"E0401 08:42:51.241875   20728 watch.go:40] Failed to load config from \"d:\\\\SEVANI\\\\dataconnect\": could not find dataconnect.yaml in `d:\\SEVANI\\dataconnect`\n"}}
[debug] [2026-04-01T01:43:01.240Z] E0401 08:43:01.239250   20728 watch.go:116] watchAllDir unable to walk dir `d:\SEVANI\dataconnect`: GetFileAttributesEx d:\SEVANI\dataconnect: The system cannot find the file specified.
 {"metadata":{"emulator":{"name":"dataconnect"},"message":"E0401 08:43:01.239250   20728 watch.go:116] watchAllDir unable to walk dir `d:\\SEVANI\\dataconnect`: GetFileAttributesEx d:\\SEVANI\\dataconnect: The system cannot find the file specified.\n"}}
[debug] [2026-04-01T01:43:01.241Z] E0401 08:43:01.241260   20728 watch.go:40] Failed to load config from "d:\\SEVANI\\dataconnect": could not find dataconnect.yaml in `d:\SEVANI\dataconnect`
 {"metadata":{"emulator":{"name":"dataconnect"},"message":"E0401 08:43:01.241260   20728 watch.go:40] Failed to load config from \"d:\\\\SEVANI\\\\dataconnect\": could not find dataconnect.yaml in `d:\\SEVANI\\dataconnect`\n"}}
[debug] [2026-04-01T01:43:11.238Z] E0401 08:43:11.238071   20728 watch.go:40] Failed to load config from "d:\\SEVANI\\dataconnect": could not find dataconnect.yaml in `d:\SEVANI\dataconnect`
 {"metadata":{"emulator":{"name":"dataconnect"},"message":"E0401 08:43:11.238071   20728 watch.go:40] Failed to load config from \"d:\\\\SEVANI\\\\dataconnect\": could not find dataconnect.yaml in `d:\\SEVANI\\dataconnect`\n"}}
[debug] [2026-04-01T01:43:21.242Z] E0401 08:43:21.241525   20728 watch.go:40] Failed to load config from "d:\\SEVANI\\dataconnect": could not find dataconnect.yaml in `d:\SEVANI\dataconnect`
 {"metadata":{"emulator":{"name":"dataconnect"},"message":"E0401 08:43:21.241525   20728 watch.go:40] Failed to load config from \"d:\\\\SEVANI\\\\dataconnect\": could not find dataconnect.yaml in `d:\\SEVANI\\dataconnect`\n"}}
[debug] [2026-04-01T01:43:31.240Z] E0401 08:43:31.240522   20728 watch.go:40] Failed to load config from "d:\\SEVANI\\dataconnect": could not find dataconnect.yaml in `d:\SEVANI\dataconnect`
 {"metadata":{"emulator":{"name":"dataconnect"},"message":"E0401 08:43:31.240522   20728 watch.go:40] Failed to load config from \"d:\\\\SEVANI\\\\dataconnect\": could not find dataconnect.yaml in `d:\\SEVANI\\dataconnect`\n"}}
[debug] [2026-04-01T01:43:41.329Z] E0401 08:43:41.329093   20728 watch.go:40] Failed to load config from "d:\\SEVANI\\dataconnect": could not find dataconnect.yaml in `d:\SEVANI\dataconnect`
 {"metadata":{"emulator":{"name":"dataconnect"},"message":"E0401 08:43:41.329093   20728 watch.go:40] Failed to load config from \"d:\\\\SEVANI\\\\dataconnect\": could not find dataconnect.yaml in `d:\\SEVANI\\dataconnect`\n"}}
[debug] [2026-04-01T01:43:51.246Z] E0401 08:43:51.246128   20728 watch.go:40] Failed to load config from "d:\\SEVANI\\dataconnect": could not find dataconnect.yaml in `d:\SEVANI\dataconnect`
 {"metadata":{"emulator":{"name":"dataconnect"},"message":"E0401 08:43:51.246128   20728 watch.go:40] Failed to load config from \"d:\\\\SEVANI\\\\dataconnect\": could not find dataconnect.yaml in `d:\\SEVANI\\dataconnect`\n"}}
[debug] [2026-04-01T01:44:01.238Z] E0401 08:44:01.238070   20728 watch.go:116] watchAllDir unable to walk dir `d:\SEVANI\dataconnect`: GetFileAttributesEx d:\SEVANI\dataconnect: The system cannot find the file specified.
 {"metadata":{"emulator":{"name":"dataconnect"},"message":"E0401 08:44:01.238070   20728 watch.go:116] watchAllDir unable to walk dir `d:\\SEVANI\\dataconnect`: GetFileAttributesEx d:\\SEVANI\\dataconnect: The system cannot find the file specified.\n"}}
[debug] [2026-04-01T01:44:01.239Z] E0401 08:44:01.238868   20728 watch.go:40] Failed to load config from "d:\\SEVANI\\dataconnect": could not find dataconnect.yaml in `d:\SEVANI\dataconnect`
 {"metadata":{"emulator":{"name":"dataconnect"},"message":"E0401 08:44:01.238868   20728 watch.go:40] Failed to load config from \"d:\\\\SEVANI\\\\dataconnect\": could not find dataconnect.yaml in `d:\\SEVANI\\dataconnect`\n"}}
[debug] [2026-04-01T01:44:11.238Z] E0401 08:44:11.237866   20728 watch.go:40] Failed to load config from "d:\\SEVANI\\dataconnect": could not find dataconnect.yaml in `d:\SEVANI\dataconnect`
 {"metadata":{"emulator":{"name":"dataconnect"},"message":"E0401 08:44:11.237866   20728 watch.go:40] Failed to load config from \"d:\\\\SEVANI\\\\dataconnect\": could not find dataconnect.yaml in `d:\\SEVANI\\dataconnect`\n"}}
[debug] [2026-04-01T01:44:21.238Z] E0401 08:44:21.237864   20728 watch.go:40] Failed to load config from "d:\\SEVANI\\dataconnect": could not find dataconnect.yaml in `d:\SEVANI\dataconnect`
 {"metadata":{"emulator":{"name":"dataconnect"},"message":"E0401 08:44:21.237864   20728 watch.go:40] Failed to load config from \"d:\\\\SEVANI\\\\dataconnect\": could not find dataconnect.yaml in `d:\\SEVANI\\dataconnect`\n"}}
[debug] [2026-04-01T01:44:31.239Z] E0401 08:44:31.238951   20728 watch.go:40] Failed to load config from "d:\\SEVANI\\dataconnect": could not find dataconnect.yaml in `d:\SEVANI\dataconnect`
 {"metadata":{"emulator":{"name":"dataconnect"},"message":"E0401 08:44:31.238951   20728 watch.go:40] Failed to load config from \"d:\\\\SEVANI\\\\dataconnect\": could not find dataconnect.yaml in `d:\\SEVANI\\dataconnect`\n"}}
[debug] [2026-04-01T01:44:41.238Z] E0401 08:44:41.238079   20728 watch.go:40] Failed to load config from "d:\\SEVANI\\dataconnect": could not find dataconnect.yaml in `d:\SEVANI\dataconnect`
 {"metadata":{"emulator":{"name":"dataconnect"},"message":"E0401 08:44:41.238079   20728 watch.go:40] Failed to load config from \"d:\\\\SEVANI\\\\dataconnect\": could not find dataconnect.yaml in `d:\\SEVANI\\dataconnect`\n"}}
[debug] [2026-04-01T01:44:51.239Z] E0401 08:44:51.238387   20728 watch.go:40] Failed to load config from "d:\\SEVANI\\dataconnect": could not find dataconnect.yaml in `d:\SEVANI\dataconnect`
 {"metadata":{"emulator":{"name":"dataconnect"},"message":"E0401 08:44:51.238387   20728 watch.go:40] Failed to load config from \"d:\\\\SEVANI\\\\dataconnect\": could not find dataconnect.yaml in `d:\\SEVANI\\dataconnect`\n"}}
[debug] [2026-04-01T01:45:01.242Z] E0401 08:45:01.241147   20728 watch.go:116] watchAllDir unable to walk dir `d:\SEVANI\dataconnect`: GetFileAttributesEx d:\SEVANI\dataconnect: The system cannot find the file specified.
 {"metadata":{"emulator":{"name":"dataconnect"},"message":"E0401 08:45:01.241147   20728 watch.go:116] watchAllDir unable to walk dir `d:\\SEVANI\\dataconnect`: GetFileAttributesEx d:\\SEVANI\\dataconnect: The system cannot find the file specified.\n"}}
[debug] [2026-04-01T01:45:01.247Z] E0401 08:45:01.243486   20728 watch.go:40] Failed to load config from "d:\\SEVANI\\dataconnect": could not find dataconnect.yaml in `d:\SEVANI\dataconnect`
 {"metadata":{"emulator":{"name":"dataconnect"},"message":"E0401 08:45:01.243486   20728 watch.go:40] Failed to load config from \"d:\\\\SEVANI\\\\dataconnect\": could not find dataconnect.yaml in `d:\\SEVANI\\dataconnect`\n"}}
[debug] [2026-04-01T01:45:11.239Z] E0401 08:45:11.238817   20728 watch.go:40] Failed to load config from "d:\\SEVANI\\dataconnect": could not find dataconnect.yaml in `d:\SEVANI\dataconnect`
 {"metadata":{"emulator":{"name":"dataconnect"},"message":"E0401 08:45:11.238817   20728 watch.go:40] Failed to load config from \"d:\\\\SEVANI\\\\dataconnect\": could not find dataconnect.yaml in `d:\\SEVANI\\dataconnect`\n"}}
[debug] [2026-04-01T01:45:21.242Z] E0401 08:45:21.241477   20728 watch.go:40] Failed to load config from "d:\\SEVANI\\dataconnect": could not find dataconnect.yaml in `d:\SEVANI\dataconnect`
 {"metadata":{"emulator":{"name":"dataconnect"},"message":"E0401 08:45:21.241477   20728 watch.go:40] Failed to load config from \"d:\\\\SEVANI\\\\dataconnect\": could not find dataconnect.yaml in `d:\\SEVANI\\dataconnect`\n"}}
[debug] [2026-04-01T01:45:31.239Z] E0401 08:45:31.238458   20728 watch.go:40] Failed to load config from "d:\\SEVANI\\dataconnect": could not find dataconnect.yaml in `d:\SEVANI\dataconnect`
 {"metadata":{"emulator":{"name":"dataconnect"},"message":"E0401 08:45:31.238458   20728 watch.go:40] Failed to load config from \"d:\\\\SEVANI\\\\dataconnect\": could not find dataconnect.yaml in `d:\\SEVANI\\dataconnect`\n"}}
[debug] [2026-04-01T01:45:41.239Z] E0401 08:45:41.238496   20728 watch.go:40] Failed to load config from "d:\\SEVANI\\dataconnect": could not find dataconnect.yaml in `d:\SEVANI\dataconnect`
 {"metadata":{"emulator":{"name":"dataconnect"},"message":"E0401 08:45:41.238496   20728 watch.go:40] Failed to load config from \"d:\\\\SEVANI\\\\dataconnect\": could not find dataconnect.yaml in `d:\\SEVANI\\dataconnect`\n"}}
[debug] [2026-04-01T01:45:51.238Z] E0401 08:45:51.238041   20728 watch.go:40] Failed to load config from "d:\\SEVANI\\dataconnect": could not find dataconnect.yaml in `d:\SEVANI\dataconnect`
 {"metadata":{"emulator":{"name":"dataconnect"},"message":"E0401 08:45:51.238041   20728 watch.go:40] Failed to load config from \"d:\\\\SEVANI\\\\dataconnect\": could not find dataconnect.yaml in `d:\\SEVANI\\dataconnect`\n"}}
[debug] [2026-04-01T01:46:01.242Z] E0401 08:46:01.241450   20728 watch.go:40] Failed to load config from "d:\\SEVANI\\dataconnect": could not find dataconnect.yaml in `d:\SEVANI\dataconnect`
E0401 08:46:01.241450   20728 watch.go:116] watchAllDir unable to walk dir `d:\SEVANI\dataconnect`: GetFileAttributesEx d:\SEVANI\dataconnect: The system cannot find the file specified.
 {"metadata":{"emulator":{"name":"dataconnect"},"message":"E0401 08:46:01.241450   20728 watch.go:40] Failed to load config from \"d:\\\\SEVANI\\\\dataconnect\": could not find dataconnect.yaml in `d:\\SEVANI\\dataconnect`\nE0401 08:46:01.241450   20728 watch.go:116] watchAllDir unable to walk dir `d:\\SEVANI\\dataconnect`: GetFileAttributesEx d:\\SEVANI\\dataconnect: The system cannot find the file specified.\n"}}
[debug] [2026-04-01T01:46:11.238Z] E0401 08:46:11.237727   20728 watch.go:40] Failed to load config from "d:\\SEVANI\\dataconnect": could not find dataconnect.yaml in `d:\SEVANI\dataconnect`
 {"metadata":{"emulator":{"name":"dataconnect"},"message":"E0401 08:46:11.237727   20728 watch.go:40] Failed to load config from \"d:\\\\SEVANI\\\\dataconnect\": could not find dataconnect.yaml in `d:\\SEVANI\\dataconnect`\n"}}
[debug] [2026-04-01T01:46:21.239Z] E0401 08:46:21.238285   20728 watch.go:40] Failed to load config from "d:\\SEVANI\\dataconnect": could not find dataconnect.yaml in `d:\SEVANI\dataconnect`
 {"metadata":{"emulator":{"name":"dataconnect"},"message":"E0401 08:46:21.238285   20728 watch.go:40] Failed to load config from \"d:\\\\SEVANI\\\\dataconnect\": could not find dataconnect.yaml in `d:\\SEVANI\\dataconnect`\n"}}
[debug] [2026-04-01T01:46:31.239Z] E0401 08:46:31.238483   20728 watch.go:40] Failed to load config from "d:\\SEVANI\\dataconnect": could not find dataconnect.yaml in `d:\SEVANI\dataconnect`
 {"metadata":{"emulator":{"name":"dataconnect"},"message":"E0401 08:46:31.238483   20728 watch.go:40] Failed to load config from \"d:\\\\SEVANI\\\\dataconnect\": could not find dataconnect.yaml in `d:\\SEVANI\\dataconnect`\n"}}
[debug] [2026-04-01T01:46:41.238Z] E0401 08:46:41.237965   20728 watch.go:40] Failed to load config from "d:\\SEVANI\\dataconnect": could not find dataconnect.yaml in `d:\SEVANI\dataconnect`
 {"metadata":{"emulator":{"name":"dataconnect"},"message":"E0401 08:46:41.237965   20728 watch.go:40] Failed to load config from \"d:\\\\SEVANI\\\\dataconnect\": could not find dataconnect.yaml in `d:\\SEVANI\\dataconnect`\n"}}
[debug] [2026-04-01T01:46:51.238Z] E0401 08:46:51.238094   20728 watch.go:40] Failed to load config from "d:\\SEVANI\\dataconnect": could not find dataconnect.yaml in `d:\SEVANI\dataconnect`
 {"metadata":{"emulator":{"name":"dataconnect"},"message":"E0401 08:46:51.238094   20728 watch.go:40] Failed to load config from \"d:\\\\SEVANI\\\\dataconnect\": could not find dataconnect.yaml in `d:\\SEVANI\\dataconnect`\n"}}
[debug] [2026-04-01T01:47:01.239Z] E0401 08:47:01.238427   20728 watch.go:116] watchAllDir unable to walk dir `d:\SEVANI\dataconnect`: GetFileAttributesEx d:\SEVANI\dataconnect: The system cannot find the file specified.
 {"metadata":{"emulator":{"name":"dataconnect"},"message":"E0401 08:47:01.238427   20728 watch.go:116] watchAllDir unable to walk dir `d:\\SEVANI\\dataconnect`: GetFileAttributesEx d:\\SEVANI\\dataconnect: The system cannot find the file specified.\n"}}
[debug] [2026-04-01T01:47:01.241Z] E0401 08:47:01.241016   20728 watch.go:40] Failed to load config from "d:\\SEVANI\\dataconnect": could not find dataconnect.yaml in `d:\SEVANI\dataconnect`
 {"metadata":{"emulator":{"name":"dataconnect"},"message":"E0401 08:47:01.241016   20728 watch.go:40] Failed to load config from \"d:\\\\SEVANI\\\\dataconnect\": could not find dataconnect.yaml in `d:\\SEVANI\\dataconnect`\n"}}
[debug] [2026-04-01T01:47:11.238Z] E0401 08:47:11.238272   20728 watch.go:40] Failed to load config from "d:\\SEVANI\\dataconnect": could not find dataconnect.yaml in `d:\SEVANI\dataconnect`
 {"metadata":{"emulator":{"name":"dataconnect"},"message":"E0401 08:47:11.238272   20728 watch.go:40] Failed to load config from \"d:\\\\SEVANI\\\\dataconnect\": could not find dataconnect.yaml in `d:\\SEVANI\\dataconnect`\n"}}
[debug] [2026-04-01T01:47:21.239Z] E0401 08:47:21.238440   20728 watch.go:40] Failed to load config from "d:\\SEVANI\\dataconnect": could not find dataconnect.yaml in `d:\SEVANI\dataconnect`
 {"metadata":{"emulator":{"name":"dataconnect"},"message":"E0401 08:47:21.238440   20728 watch.go:40] Failed to load config from \"d:\\\\SEVANI\\\\dataconnect\": could not find dataconnect.yaml in `d:\\SEVANI\\dataconnect`\n"}}
[debug] [2026-04-01T01:47:31.239Z] E0401 08:47:31.238191   20728 watch.go:40] Failed to load config from "d:\\SEVANI\\dataconnect": could not find dataconnect.yaml in `d:\SEVANI\dataconnect`
 {"metadata":{"emulator":{"name":"dataconnect"},"message":"E0401 08:47:31.238191   20728 watch.go:40] Failed to load config from \"d:\\\\SEVANI\\\\dataconnect\": could not find dataconnect.yaml in `d:\\SEVANI\\dataconnect`\n"}}
[debug] [2026-04-01T01:47:41.238Z] E0401 08:47:41.238048   20728 watch.go:40] Failed to load config from "d:\\SEVANI\\dataconnect": could not find dataconnect.yaml in `d:\SEVANI\dataconnect`
 {"metadata":{"emulator":{"name":"dataconnect"},"message":"E0401 08:47:41.238048   20728 watch.go:40] Failed to load config from \"d:\\\\SEVANI\\\\dataconnect\": could not find dataconnect.yaml in `d:\\SEVANI\\dataconnect`\n"}}
[debug] [2026-04-01T01:47:51.239Z] E0401 08:47:51.239224   20728 watch.go:40] Failed to load config from "d:\\SEVANI\\dataconnect": could not find dataconnect.yaml in `d:\SEVANI\dataconnect`
 {"metadata":{"emulator":{"name":"dataconnect"},"message":"E0401 08:47:51.239224   20728 watch.go:40] Failed to load config from \"d:\\\\SEVANI\\\\dataconnect\": could not find dataconnect.yaml in `d:\\SEVANI\\dataconnect`\n"}}
[debug] [2026-04-01T01:48:01.238Z] E0401 08:48:01.238132   20728 watch.go:116] watchAllDir unable to walk dir `d:\SEVANI\dataconnect`: GetFileAttributesEx d:\SEVANI\dataconnect: The system cannot find the file specified.
 {"metadata":{"emulator":{"name":"dataconnect"},"message":"E0401 08:48:01.238132   20728 watch.go:116] watchAllDir unable to walk dir `d:\\SEVANI\\dataconnect`: GetFileAttributesEx d:\\SEVANI\\dataconnect: The system cannot find the file specified.\n"}}
[debug] [2026-04-01T01:48:01.240Z] E0401 08:48:01.238643   20728 watch.go:40] Failed to load config from "d:\\SEVANI\\dataconnect": could not find dataconnect.yaml in `d:\SEVANI\dataconnect`
 {"metadata":{"emulator":{"name":"dataconnect"},"message":"E0401 08:48:01.238643   20728 watch.go:40] Failed to load config from \"d:\\\\SEVANI\\\\dataconnect\": could not find dataconnect.yaml in `d:\\SEVANI\\dataconnect`\n"}}
[debug] [2026-04-01T01:48:11.243Z] E0401 08:48:11.243953   20728 watch.go:40] Failed to load config from "d:\\SEVANI\\dataconnect": could not find dataconnect.yaml in `d:\SEVANI\dataconnect`
 {"metadata":{"emulator":{"name":"dataconnect"},"message":"E0401 08:48:11.243953   20728 watch.go:40] Failed to load config from \"d:\\\\SEVANI\\\\dataconnect\": could not find dataconnect.yaml in `d:\\SEVANI\\dataconnect`\n"}}
[debug] [2026-04-01T01:48:21.248Z] E0401 08:48:21.247637   20728 watch.go:40] Failed to load config from "d:\\SEVANI\\dataconnect": could not find dataconnect.yaml in `d:\SEVANI\dataconnect`
 {"metadata":{"emulator":{"name":"dataconnect"},"message":"E0401 08:48:21.247637   20728 watch.go:40] Failed to load config from \"d:\\\\SEVANI\\\\dataconnect\": could not find dataconnect.yaml in `d:\\SEVANI\\dataconnect`\n"}}
[debug] [2026-04-01T01:48:31.240Z] E0401 08:48:31.240587   20728 watch.go:40] Failed to load config from "d:\\SEVANI\\dataconnect": could not find dataconnect.yaml in `d:\SEVANI\dataconnect`
 {"metadata":{"emulator":{"name":"dataconnect"},"message":"E0401 08:48:31.240587   20728 watch.go:40] Failed to load config from \"d:\\\\SEVANI\\\\dataconnect\": could not find dataconnect.yaml in `d:\\SEVANI\\dataconnect`\n"}}
[debug] [2026-04-01T01:48:41.239Z] E0401 08:48:41.239186   20728 watch.go:40] Failed to load config from "d:\\SEVANI\\dataconnect": could not find dataconnect.yaml in `d:\SEVANI\dataconnect`
 {"metadata":{"emulator":{"name":"dataconnect"},"message":"E0401 08:48:41.239186   20728 watch.go:40] Failed to load config from \"d:\\\\SEVANI\\\\dataconnect\": could not find dataconnect.yaml in `d:\\SEVANI\\dataconnect`\n"}}
[debug] [2026-04-01T01:48:51.238Z] E0401 08:48:51.238481   20728 watch.go:40] Failed to load config from "d:\\SEVANI\\dataconnect": could not find dataconnect.yaml in `d:\SEVANI\dataconnect`
 {"metadata":{"emulator":{"name":"dataconnect"},"message":"E0401 08:48:51.238481   20728 watch.go:40] Failed to load config from \"d:\\\\SEVANI\\\\dataconnect\": could not find dataconnect.yaml in `d:\\SEVANI\\dataconnect`\n"}}
[debug] [2026-04-01T01:49:01.238Z] E0401 08:49:01.238372   20728 watch.go:116] watchAllDir unable to walk dir `d:\SEVANI\dataconnect`: GetFileAttributesEx d:\SEVANI\dataconnect: The system cannot find the file specified.
E0401 08:49:01.238372   20728 watch.go:40] Failed to load config from "d:\\SEVANI\\dataconnect": could not find dataconnect.yaml in `d:\SEVANI\dataconnect`
 {"metadata":{"emulator":{"name":"dataconnect"},"message":"E0401 08:49:01.238372   20728 watch.go:116] watchAllDir unable to walk dir `d:\\SEVANI\\dataconnect`: GetFileAttributesEx d:\\SEVANI\\dataconnect: The system cannot find the file specified.\nE0401 08:49:01.238372   20728 watch.go:40] Failed to load config from \"d:\\\\SEVANI\\\\dataconnect\": could not find dataconnect.yaml in `d:\\SEVANI\\dataconnect`\n"}}
[debug] [2026-04-01T01:49:11.239Z] E0401 08:49:11.239047   20728 watch.go:40] Failed to load config from "d:\\SEVANI\\dataconnect": could not find dataconnect.yaml in `d:\SEVANI\dataconnect`
 {"metadata":{"emulator":{"name":"dataconnect"},"message":"E0401 08:49:11.239047   20728 watch.go:40] Failed to load config from \"d:\\\\SEVANI\\\\dataconnect\": could not find dataconnect.yaml in `d:\\SEVANI\\dataconnect`\n"}}
[debug] [2026-04-01T01:49:21.238Z] E0401 08:49:21.237867   20728 watch.go:40] Failed to load config from "d:\\SEVANI\\dataconnect": could not find dataconnect.yaml in `d:\SEVANI\dataconnect`
 {"metadata":{"emulator":{"name":"dataconnect"},"message":"E0401 08:49:21.237867   20728 watch.go:40] Failed to load config from \"d:\\\\SEVANI\\\\dataconnect\": could not find dataconnect.yaml in `d:\\SEVANI\\dataconnect`\n"}}
[debug] [2026-04-01T01:49:31.238Z] E0401 08:49:31.238248   20728 watch.go:40] Failed to load config from "d:\\SEVANI\\dataconnect": could not find dataconnect.yaml in `d:\SEVANI\dataconnect`
 {"metadata":{"emulator":{"name":"dataconnect"},"message":"E0401 08:49:31.238248   20728 watch.go:40] Failed to load config from \"d:\\\\SEVANI\\\\dataconnect\": could not find dataconnect.yaml in `d:\\SEVANI\\dataconnect`\n"}}
[debug] [2026-04-01T01:49:41.239Z] E0401 08:49:41.238227   20728 watch.go:40] Failed to load config from "d:\\SEVANI\\dataconnect": could not find dataconnect.yaml in `d:\SEVANI\dataconnect`
 {"metadata":{"emulator":{"name":"dataconnect"},"message":"E0401 08:49:41.238227   20728 watch.go:40] Failed to load config from \"d:\\\\SEVANI\\\\dataconnect\": could not find dataconnect.yaml in `d:\\SEVANI\\dataconnect`\n"}}
[debug] [2026-04-01T01:49:51.238Z] E0401 08:49:51.238566   20728 watch.go:40] Failed to load config from "d:\\SEVANI\\dataconnect": could not find dataconnect.yaml in `d:\SEVANI\dataconnect`
 {"metadata":{"emulator":{"name":"dataconnect"},"message":"E0401 08:49:51.238566   20728 watch.go:40] Failed to load config from \"d:\\\\SEVANI\\\\dataconnect\": could not find dataconnect.yaml in `d:\\SEVANI\\dataconnect`\n"}}
[debug] [2026-04-01T01:50:01.237Z] E0401 08:50:01.237752   20728 watch.go:116] watchAllDir unable to walk dir `d:\SEVANI\dataconnect`: GetFileAttributesEx d:\SEVANI\dataconnect: The system cannot find the file specified.
E0401 08:50:01.237752   20728 watch.go:40] Failed to load config from "d:\\SEVANI\\dataconnect": could not find dataconnect.yaml in `d:\SEVANI\dataconnect`
 {"metadata":{"emulator":{"name":"dataconnect"},"message":"E0401 08:50:01.237752   20728 watch.go:116] watchAllDir unable to walk dir `d:\\SEVANI\\dataconnect`: GetFileAttributesEx d:\\SEVANI\\dataconnect: The system cannot find the file specified.\nE0401 08:50:01.237752   20728 watch.go:40] Failed to load config from \"d:\\\\SEVANI\\\\dataconnect\": could not find dataconnect.yaml in `d:\\SEVANI\\dataconnect`\n"}}
[debug] [2026-04-01T01:50:11.238Z] E0401 08:50:11.237856   20728 watch.go:40] Failed to load config from "d:\\SEVANI\\dataconnect": could not find dataconnect.yaml in `d:\SEVANI\dataconnect`
 {"metadata":{"emulator":{"name":"dataconnect"},"message":"E0401 08:50:11.237856   20728 watch.go:40] Failed to load config from \"d:\\\\SEVANI\\\\dataconnect\": could not find dataconnect.yaml in `d:\\SEVANI\\dataconnect`\n"}}
[debug] [2026-04-01T01:50:21.238Z] E0401 08:50:21.237993   20728 watch.go:40] Failed to load config from "d:\\SEVANI\\dataconnect": could not find dataconnect.yaml in `d:\SEVANI\dataconnect`
 {"metadata":{"emulator":{"name":"dataconnect"},"message":"E0401 08:50:21.237993   20728 watch.go:40] Failed to load config from \"d:\\\\SEVANI\\\\dataconnect\": could not find dataconnect.yaml in `d:\\SEVANI\\dataconnect`\n"}}
[debug] [2026-04-01T01:50:31.238Z] E0401 08:50:31.238343   20728 watch.go:40] Failed to load config from "d:\\SEVANI\\dataconnect": could not find dataconnect.yaml in `d:\SEVANI\dataconnect`
 {"metadata":{"emulator":{"name":"dataconnect"},"message":"E0401 08:50:31.238343   20728 watch.go:40] Failed to load config from \"d:\\\\SEVANI\\\\dataconnect\": could not find dataconnect.yaml in `d:\\SEVANI\\dataconnect`\n"}}
[debug] [2026-04-01T01:50:41.238Z] E0401 08:50:41.238500   20728 watch.go:40] Failed to load config from "d:\\SEVANI\\dataconnect": could not find dataconnect.yaml in `d:\SEVANI\dataconnect`
 {"metadata":{"emulator":{"name":"dataconnect"},"message":"E0401 08:50:41.238500   20728 watch.go:40] Failed to load config from \"d:\\\\SEVANI\\\\dataconnect\": could not find dataconnect.yaml in `d:\\SEVANI\\dataconnect`\n"}}
[debug] [2026-04-01T01:50:51.238Z] E0401 08:50:51.238324   20728 watch.go:40] Failed to load config from "d:\\SEVANI\\dataconnect": could not find dataconnect.yaml in `d:\SEVANI\dataconnect`
 {"metadata":{"emulator":{"name":"dataconnect"},"message":"E0401 08:50:51.238324   20728 watch.go:40] Failed to load config from \"d:\\\\SEVANI\\\\dataconnect\": could not find dataconnect.yaml in `d:\\SEVANI\\dataconnect`\n"}}
[debug] [2026-04-01T01:51:01.238Z] E0401 08:51:01.238228   20728 watch.go:116] watchAllDir unable to walk dir `d:\SEVANI\dataconnect`: GetFileAttributesEx d:\SEVANI\dataconnect: The system cannot find the file specified.
E0401 08:51:01.238228   20728 watch.go:40] Failed to load config from "d:\\SEVANI\\dataconnect": could not find dataconnect.yaml in `d:\SEVANI\dataconnect`
 {"metadata":{"emulator":{"name":"dataconnect"},"message":"E0401 08:51:01.238228   20728 watch.go:116] watchAllDir unable to walk dir `d:\\SEVANI\\dataconnect`: GetFileAttributesEx d:\\SEVANI\\dataconnect: The system cannot find the file specified.\nE0401 08:51:01.238228   20728 watch.go:40] Failed to load config from \"d:\\\\SEVANI\\\\dataconnect\": could not find dataconnect.yaml in `d:\\SEVANI\\dataconnect`\n"}}
[debug] [2026-04-01T01:51:11.238Z] E0401 08:51:11.238311   20728 watch.go:40] Failed to load config from "d:\\SEVANI\\dataconnect": could not find dataconnect.yaml in `d:\SEVANI\dataconnect`
 {"metadata":{"emulator":{"name":"dataconnect"},"message":"E0401 08:51:11.238311   20728 watch.go:40] Failed to load config from \"d:\\\\SEVANI\\\\dataconnect\": could not find dataconnect.yaml in `d:\\SEVANI\\dataconnect`\n"}}
[debug] [2026-04-01T01:51:21.239Z] E0401 08:51:21.238451   20728 watch.go:40] Failed to load config from "d:\\SEVANI\\dataconnect": could not find dataconnect.yaml in `d:\SEVANI\dataconnect`
 {"metadata":{"emulator":{"name":"dataconnect"},"message":"E0401 08:51:21.238451   20728 watch.go:40] Failed to load config from \"d:\\\\SEVANI\\\\dataconnect\": could not find dataconnect.yaml in `d:\\SEVANI\\dataconnect`\n"}}
[debug] [2026-04-01T01:51:31.239Z] E0401 08:51:31.238254   20728 watch.go:40] Failed to load config from "d:\\SEVANI\\dataconnect": could not find dataconnect.yaml in `d:\SEVANI\dataconnect`
 {"metadata":{"emulator":{"name":"dataconnect"},"message":"E0401 08:51:31.238254   20728 watch.go:40] Failed to load config from \"d:\\\\SEVANI\\\\dataconnect\": could not find dataconnect.yaml in `d:\\SEVANI\\dataconnect`\n"}}
[debug] [2026-04-01T01:51:41.238Z] E0401 08:51:41.238128   20728 watch.go:40] Failed to load config from "d:\\SEVANI\\dataconnect": could not find dataconnect.yaml in `d:\SEVANI\dataconnect`
 {"metadata":{"emulator":{"name":"dataconnect"},"message":"E0401 08:51:41.238128   20728 watch.go:40] Failed to load config from \"d:\\\\SEVANI\\\\dataconnect\": could not find dataconnect.yaml in `d:\\SEVANI\\dataconnect`\n"}}
[debug] [2026-04-01T01:51:51.239Z] E0401 08:51:51.238391   20728 watch.go:40] Failed to load config from "d:\\SEVANI\\dataconnect": could not find dataconnect.yaml in `d:\SEVANI\dataconnect`
 {"metadata":{"emulator":{"name":"dataconnect"},"message":"E0401 08:51:51.238391   20728 watch.go:40] Failed to load config from \"d:\\\\SEVANI\\\\dataconnect\": could not find dataconnect.yaml in `d:\\SEVANI\\dataconnect`\n"}}
[debug] [2026-04-01T01:52:01.238Z] E0401 08:52:01.238090   20728 watch.go:116] watchAllDir unable to walk dir `d:\SEVANI\dataconnect`: GetFileAttributesEx d:\SEVANI\dataconnect: The system cannot find the file specified.
E0401 08:52:01.238090   20728 watch.go:40] Failed to load config from "d:\\SEVANI\\dataconnect": could not find dataconnect.yaml in `d:\SEVANI\dataconnect`
 {"metadata":{"emulator":{"name":"dataconnect"},"message":"E0401 08:52:01.238090   20728 watch.go:116] watchAllDir unable to walk dir `d:\\SEVANI\\dataconnect`: GetFileAttributesEx d:\\SEVANI\\dataconnect: The system cannot find the file specified.\nE0401 08:52:01.238090   20728 watch.go:40] Failed to load config from \"d:\\\\SEVANI\\\\dataconnect\": could not find dataconnect.yaml in `d:\\SEVANI\\dataconnect`\n"}}
[debug] [2026-04-01T01:52:11.238Z] E0401 08:52:11.238264   20728 watch.go:40] Failed to load config from "d:\\SEVANI\\dataconnect": could not find dataconnect.yaml in `d:\SEVANI\dataconnect`
 {"metadata":{"emulator":{"name":"dataconnect"},"message":"E0401 08:52:11.238264   20728 watch.go:40] Failed to load config from \"d:\\\\SEVANI\\\\dataconnect\": could not find dataconnect.yaml in `d:\\SEVANI\\dataconnect`\n"}}
[debug] [2026-04-01T01:52:21.238Z] E0401 08:52:21.238594   20728 watch.go:40] Failed to load config from "d:\\SEVANI\\dataconnect": could not find dataconnect.yaml in `d:\SEVANI\dataconnect`
 {"metadata":{"emulator":{"name":"dataconnect"},"message":"E0401 08:52:21.238594   20728 watch.go:40] Failed to load config from \"d:\\\\SEVANI\\\\dataconnect\": could not find dataconnect.yaml in `d:\\SEVANI\\dataconnect`\n"}}
[debug] [2026-04-01T01:52:31.238Z] E0401 08:52:31.238004   20728 watch.go:40] Failed to load config from "d:\\SEVANI\\dataconnect": could not find dataconnect.yaml in `d:\SEVANI\dataconnect`
 {"metadata":{"emulator":{"name":"dataconnect"},"message":"E0401 08:52:31.238004   20728 watch.go:40] Failed to load config from \"d:\\\\SEVANI\\\\dataconnect\": could not find dataconnect.yaml in `d:\\SEVANI\\dataconnect`\n"}}
[debug] [2026-04-01T01:52:41.238Z] E0401 08:52:41.238054   20728 watch.go:40] Failed to load config from "d:\\SEVANI\\dataconnect": could not find dataconnect.yaml in `d:\SEVANI\dataconnect`
 {"metadata":{"emulator":{"name":"dataconnect"},"message":"E0401 08:52:41.238054   20728 watch.go:40] Failed to load config from \"d:\\\\SEVANI\\\\dataconnect\": could not find dataconnect.yaml in `d:\\SEVANI\\dataconnect`\n"}}
[debug] [2026-04-01T01:52:51.239Z] E0401 08:52:51.239467   20728 watch.go:40] Failed to load config from "d:\\SEVANI\\dataconnect": could not find dataconnect.yaml in `d:\SEVANI\dataconnect`
 {"metadata":{"emulator":{"name":"dataconnect"},"message":"E0401 08:52:51.239467   20728 watch.go:40] Failed to load config from \"d:\\\\SEVANI\\\\dataconnect\": could not find dataconnect.yaml in `d:\\SEVANI\\dataconnect`\n"}}
[debug] [2026-04-01T01:53:01.238Z] E0401 08:53:01.237954   20728 watch.go:116] watchAllDir unable to walk dir `d:\SEVANI\dataconnect`: GetFileAttributesEx d:\SEVANI\dataconnect: The system cannot find the file specified.
 {"metadata":{"emulator":{"name":"dataconnect"},"message":"E0401 08:53:01.237954   20728 watch.go:116] watchAllDir unable to walk dir `d:\\SEVANI\\dataconnect`: GetFileAttributesEx d:\\SEVANI\\dataconnect: The system cannot find the file specified.\n"}}
[debug] [2026-04-01T01:53:01.240Z] E0401 08:53:01.239325   20728 watch.go:40] Failed to load config from "d:\\SEVANI\\dataconnect": could not find dataconnect.yaml in `d:\SEVANI\dataconnect`
 {"metadata":{"emulator":{"name":"dataconnect"},"message":"E0401 08:53:01.239325   20728 watch.go:40] Failed to load config from \"d:\\\\SEVANI\\\\dataconnect\": could not find dataconnect.yaml in `d:\\SEVANI\\dataconnect`\n"}}
[debug] [2026-04-01T01:53:11.238Z] E0401 08:53:11.238462   20728 watch.go:40] Failed to load config from "d:\\SEVANI\\dataconnect": could not find dataconnect.yaml in `d:\SEVANI\dataconnect`
 {"metadata":{"emulator":{"name":"dataconnect"},"message":"E0401 08:53:11.238462   20728 watch.go:40] Failed to load config from \"d:\\\\SEVANI\\\\dataconnect\": could not find dataconnect.yaml in `d:\\SEVANI\\dataconnect`\n"}}
[debug] [2026-04-01T01:53:21.239Z] E0401 08:53:21.239867   20728 watch.go:40] Failed to load config from "d:\\SEVANI\\dataconnect": could not find dataconnect.yaml in `d:\SEVANI\dataconnect`
 {"metadata":{"emulator":{"name":"dataconnect"},"message":"E0401 08:53:21.239867   20728 watch.go:40] Failed to load config from \"d:\\\\SEVANI\\\\dataconnect\": could not find dataconnect.yaml in `d:\\SEVANI\\dataconnect`\n"}}
[debug] [2026-04-01T01:53:31.238Z] E0401 08:53:31.238719   20728 watch.go:40] Failed to load config from "d:\\SEVANI\\dataconnect": could not find dataconnect.yaml in `d:\SEVANI\dataconnect`
 {"metadata":{"emulator":{"name":"dataconnect"},"message":"E0401 08:53:31.238719   20728 watch.go:40] Failed to load config from \"d:\\\\SEVANI\\\\dataconnect\": could not find dataconnect.yaml in `d:\\SEVANI\\dataconnect`\n"}}
[debug] [2026-04-01T01:53:41.253Z] E0401 08:53:41.252801   20728 watch.go:40] Failed to load config from "d:\\SEVANI\\dataconnect": could not find dataconnect.yaml in `d:\SEVANI\dataconnect`
 {"metadata":{"emulator":{"name":"dataconnect"},"message":"E0401 08:53:41.252801   20728 watch.go:40] Failed to load config from \"d:\\\\SEVANI\\\\dataconnect\": could not find dataconnect.yaml in `d:\\SEVANI\\dataconnect`\n"}}
[debug] [2026-04-01T01:53:51.238Z] E0401 08:53:51.239074   20728 watch.go:40] Failed to load config from "d:\\SEVANI\\dataconnect": could not find dataconnect.yaml in `d:\SEVANI\dataconnect`
 {"metadata":{"emulator":{"name":"dataconnect"},"message":"E0401 08:53:51.239074   20728 watch.go:40] Failed to load config from \"d:\\\\SEVANI\\\\dataconnect\": could not find dataconnect.yaml in `d:\\SEVANI\\dataconnect`\n"}}
[debug] [2026-04-01T01:54:01.238Z] E0401 08:54:01.238679   20728 watch.go:116] watchAllDir unable to walk dir `d:\SEVANI\dataconnect`: GetFileAttributesEx d:\SEVANI\dataconnect: The system cannot find the file specified.
E0401 08:54:01.238679   20728 watch.go:40] Failed to load config from "d:\\SEVANI\\dataconnect": could not find dataconnect.yaml in `d:\SEVANI\dataconnect`
 {"metadata":{"emulator":{"name":"dataconnect"},"message":"E0401 08:54:01.238679   20728 watch.go:116] watchAllDir unable to walk dir `d:\\SEVANI\\dataconnect`: GetFileAttributesEx d:\\SEVANI\\dataconnect: The system cannot find the file specified.\nE0401 08:54:01.238679   20728 watch.go:40] Failed to load config from \"d:\\\\SEVANI\\\\dataconnect\": could not find dataconnect.yaml in `d:\\SEVANI\\dataconnect`\n"}}
[debug] [2026-04-01T01:54:11.238Z] E0401 08:54:11.238452   20728 watch.go:40] Failed to load config from "d:\\SEVANI\\dataconnect": could not find dataconnect.yaml in `d:\SEVANI\dataconnect`
 {"metadata":{"emulator":{"name":"dataconnect"},"message":"E0401 08:54:11.238452   20728 watch.go:40] Failed to load config from \"d:\\\\SEVANI\\\\dataconnect\": could not find dataconnect.yaml in `d:\\SEVANI\\dataconnect`\n"}}
[debug] [2026-04-01T01:54:21.238Z] E0401 08:54:21.238770   20728 watch.go:40] Failed to load config from "d:\\SEVANI\\dataconnect": could not find dataconnect.yaml in `d:\SEVANI\dataconnect`
 {"metadata":{"emulator":{"name":"dataconnect"},"message":"E0401 08:54:21.238770   20728 watch.go:40] Failed to load config from \"d:\\\\SEVANI\\\\dataconnect\": could not find dataconnect.yaml in `d:\\SEVANI\\dataconnect`\n"}}
[debug] [2026-04-01T01:54:31.237Z] E0401 08:54:31.238151   20728 watch.go:40] Failed to load config from "d:\\SEVANI\\dataconnect": could not find dataconnect.yaml in `d:\SEVANI\dataconnect`
 {"metadata":{"emulator":{"name":"dataconnect"},"message":"E0401 08:54:31.238151   20728 watch.go:40] Failed to load config from \"d:\\\\SEVANI\\\\dataconnect\": could not find dataconnect.yaml in `d:\\SEVANI\\dataconnect`\n"}}
[debug] [2026-04-01T01:54:41.239Z] E0401 08:54:41.239758   20728 watch.go:40] Failed to load config from "d:\\SEVANI\\dataconnect": could not find dataconnect.yaml in `d:\SEVANI\dataconnect`
 {"metadata":{"emulator":{"name":"dataconnect"},"message":"E0401 08:54:41.239758   20728 watch.go:40] Failed to load config from \"d:\\\\SEVANI\\\\dataconnect\": could not find dataconnect.yaml in `d:\\SEVANI\\dataconnect`\n"}}
[debug] [2026-04-01T01:54:51.238Z] E0401 08:54:51.238198   20728 watch.go:40] Failed to load config from "d:\\SEVANI\\dataconnect": could not find dataconnect.yaml in `d:\SEVANI\dataconnect`
 {"metadata":{"emulator":{"name":"dataconnect"},"message":"E0401 08:54:51.238198   20728 watch.go:40] Failed to load config from \"d:\\\\SEVANI\\\\dataconnect\": could not find dataconnect.yaml in `d:\\SEVANI\\dataconnect`\n"}}
[debug] [2026-04-01T01:55:01.237Z] E0401 08:55:01.238058   20728 watch.go:116] watchAllDir unable to walk dir `d:\SEVANI\dataconnect`: GetFileAttributesEx d:\SEVANI\dataconnect: The system cannot find the file specified.
 {"metadata":{"emulator":{"name":"dataconnect"},"message":"E0401 08:55:01.238058   20728 watch.go:116] watchAllDir unable to walk dir `d:\\SEVANI\\dataconnect`: GetFileAttributesEx d:\\SEVANI\\dataconnect: The system cannot find the file specified.\n"}}
[debug] [2026-04-01T01:55:01.239Z] E0401 08:55:01.239076   20728 watch.go:40] Failed to load config from "d:\\SEVANI\\dataconnect": could not find dataconnect.yaml in `d:\SEVANI\dataconnect`
 {"metadata":{"emulator":{"name":"dataconnect"},"message":"E0401 08:55:01.239076   20728 watch.go:40] Failed to load config from \"d:\\\\SEVANI\\\\dataconnect\": could not find dataconnect.yaml in `d:\\SEVANI\\dataconnect`\n"}}
[debug] [2026-04-01T01:55:11.238Z] E0401 08:55:11.238340   20728 watch.go:40] Failed to load config from "d:\\SEVANI\\dataconnect": could not find dataconnect.yaml in `d:\SEVANI\dataconnect`
 {"metadata":{"emulator":{"name":"dataconnect"},"message":"E0401 08:55:11.238340   20728 watch.go:40] Failed to load config from \"d:\\\\SEVANI\\\\dataconnect\": could not find dataconnect.yaml in `d:\\SEVANI\\dataconnect`\n"}}
[debug] [2026-04-01T01:55:21.238Z] E0401 08:55:21.238384   20728 watch.go:40] Failed to load config from "d:\\SEVANI\\dataconnect": could not find dataconnect.yaml in `d:\SEVANI\dataconnect`
 {"metadata":{"emulator":{"name":"dataconnect"},"message":"E0401 08:55:21.238384   20728 watch.go:40] Failed to load config from \"d:\\\\SEVANI\\\\dataconnect\": could not find dataconnect.yaml in `d:\\SEVANI\\dataconnect`\n"}}
[debug] [2026-04-01T01:55:31.238Z] E0401 08:55:31.238463   20728 watch.go:40] Failed to load config from "d:\\SEVANI\\dataconnect": could not find dataconnect.yaml in `d:\SEVANI\dataconnect`
 {"metadata":{"emulator":{"name":"dataconnect"},"message":"E0401 08:55:31.238463   20728 watch.go:40] Failed to load config from \"d:\\\\SEVANI\\\\dataconnect\": could not find dataconnect.yaml in `d:\\SEVANI\\dataconnect`\n"}}
[debug] [2026-04-01T01:55:41.241Z] E0401 08:55:41.242099   20728 watch.go:40] Failed to load config from "d:\\SEVANI\\dataconnect": could not find dataconnect.yaml in `d:\SEVANI\dataconnect`
 {"metadata":{"emulator":{"name":"dataconnect"},"message":"E0401 08:55:41.242099   20728 watch.go:40] Failed to load config from \"d:\\\\SEVANI\\\\dataconnect\": could not find dataconnect.yaml in `d:\\SEVANI\\dataconnect`\n"}}
[debug] [2026-04-01T01:55:51.239Z] E0401 08:55:51.238722   20728 watch.go:40] Failed to load config from "d:\\SEVANI\\dataconnect": could not find dataconnect.yaml in `d:\SEVANI\dataconnect`
 {"metadata":{"emulator":{"name":"dataconnect"},"message":"E0401 08:55:51.238722   20728 watch.go:40] Failed to load config from \"d:\\\\SEVANI\\\\dataconnect\": could not find dataconnect.yaml in `d:\\SEVANI\\dataconnect`\n"}}
[debug] [2026-04-01T01:56:01.237Z] E0401 08:56:01.237921   20728 watch.go:116] watchAllDir unable to walk dir `d:\SEVANI\dataconnect`: GetFileAttributesEx d:\SEVANI\dataconnect: The system cannot find the file specified.
E0401 08:56:01.237921   20728 watch.go:40] Failed to load config from "d:\\SEVANI\\dataconnect": could not find dataconnect.yaml in `d:\SEVANI\dataconnect`
 {"metadata":{"emulator":{"name":"dataconnect"},"message":"E0401 08:56:01.237921   20728 watch.go:116] watchAllDir unable to walk dir `d:\\SEVANI\\dataconnect`: GetFileAttributesEx d:\\SEVANI\\dataconnect: The system cannot find the file specified.\nE0401 08:56:01.237921   20728 watch.go:40] Failed to load config from \"d:\\\\SEVANI\\\\dataconnect\": could not find dataconnect.yaml in `d:\\SEVANI\\dataconnect`\n"}}
[debug] [2026-04-01T01:56:11.239Z] E0401 08:56:11.239039   20728 watch.go:40] Failed to load config from "d:\\SEVANI\\dataconnect": could not find dataconnect.yaml in `d:\SEVANI\dataconnect`
 {"metadata":{"emulator":{"name":"dataconnect"},"message":"E0401 08:56:11.239039   20728 watch.go:40] Failed to load config from \"d:\\\\SEVANI\\\\dataconnect\": could not find dataconnect.yaml in `d:\\SEVANI\\dataconnect`\n"}}
[debug] [2026-04-01T01:56:21.237Z] E0401 08:56:21.237929   20728 watch.go:40] Failed to load config from "d:\\SEVANI\\dataconnect": could not find dataconnect.yaml in `d:\SEVANI\dataconnect`
 {"metadata":{"emulator":{"name":"dataconnect"},"message":"E0401 08:56:21.237929   20728 watch.go:40] Failed to load config from \"d:\\\\SEVANI\\\\dataconnect\": could not find dataconnect.yaml in `d:\\SEVANI\\dataconnect`\n"}}
[debug] [2026-04-01T01:56:31.238Z] E0401 08:56:31.238209   20728 watch.go:40] Failed to load config from "d:\\SEVANI\\dataconnect": could not find dataconnect.yaml in `d:\SEVANI\dataconnect`
 {"metadata":{"emulator":{"name":"dataconnect"},"message":"E0401 08:56:31.238209   20728 watch.go:40] Failed to load config from \"d:\\\\SEVANI\\\\dataconnect\": could not find dataconnect.yaml in `d:\\SEVANI\\dataconnect`\n"}}
[debug] [2026-04-01T01:56:41.238Z] E0401 08:56:41.238482   20728 watch.go:40] Failed to load config from "d:\\SEVANI\\dataconnect": could not find dataconnect.yaml in `d:\SEVANI\dataconnect`
 {"metadata":{"emulator":{"name":"dataconnect"},"message":"E0401 08:56:41.238482   20728 watch.go:40] Failed to load config from \"d:\\\\SEVANI\\\\dataconnect\": could not find dataconnect.yaml in `d:\\SEVANI\\dataconnect`\n"}}
[debug] [2026-04-01T01:56:51.238Z] E0401 08:56:51.238113   20728 watch.go:40] Failed to load config from "d:\\SEVANI\\dataconnect": could not find dataconnect.yaml in `d:\SEVANI\dataconnect`
 {"metadata":{"emulator":{"name":"dataconnect"},"message":"E0401 08:56:51.238113   20728 watch.go:40] Failed to load config from \"d:\\\\SEVANI\\\\dataconnect\": could not find dataconnect.yaml in `d:\\SEVANI\\dataconnect`\n"}}
[debug] [2026-04-01T01:57:01.239Z] E0401 08:57:01.239401   20728 watch.go:116] watchAllDir unable to walk dir `d:\SEVANI\dataconnect`: GetFileAttributesEx d:\SEVANI\dataconnect: The system cannot find the file specified.
 {"metadata":{"emulator":{"name":"dataconnect"},"message":"E0401 08:57:01.239401   20728 watch.go:116] watchAllDir unable to walk dir `d:\\SEVANI\\dataconnect`: GetFileAttributesEx d:\\SEVANI\\dataconnect: The system cannot find the file specified.\n"}}
[debug] [2026-04-01T01:57:01.240Z] E0401 08:57:01.239401   20728 watch.go:40] Failed to load config from "d:\\SEVANI\\dataconnect": could not find dataconnect.yaml in `d:\SEVANI\dataconnect`
 {"metadata":{"emulator":{"name":"dataconnect"},"message":"E0401 08:57:01.239401   20728 watch.go:40] Failed to load config from \"d:\\\\SEVANI\\\\dataconnect\": could not find dataconnect.yaml in `d:\\SEVANI\\dataconnect`\n"}}
[debug] [2026-04-01T01:57:11.239Z] E0401 08:57:11.238212   20728 watch.go:40] Failed to load config from "d:\\SEVANI\\dataconnect": could not find dataconnect.yaml in `d:\SEVANI\dataconnect`
 {"metadata":{"emulator":{"name":"dataconnect"},"message":"E0401 08:57:11.238212   20728 watch.go:40] Failed to load config from \"d:\\\\SEVANI\\\\dataconnect\": could not find dataconnect.yaml in `d:\\SEVANI\\dataconnect`\n"}}
[debug] [2026-04-01T01:57:21.240Z] E0401 08:57:21.238672   20728 watch.go:40] Failed to load config from "d:\\SEVANI\\dataconnect": could not find dataconnect.yaml in `d:\SEVANI\dataconnect`
 {"metadata":{"emulator":{"name":"dataconnect"},"message":"E0401 08:57:21.238672   20728 watch.go:40] Failed to load config from \"d:\\\\SEVANI\\\\dataconnect\": could not find dataconnect.yaml in `d:\\SEVANI\\dataconnect`\n"}}
[debug] [2026-04-01T01:57:31.238Z] E0401 08:57:31.238157   20728 watch.go:40] Failed to load config from "d:\\SEVANI\\dataconnect": could not find dataconnect.yaml in `d:\SEVANI\dataconnect`
 {"metadata":{"emulator":{"name":"dataconnect"},"message":"E0401 08:57:31.238157   20728 watch.go:40] Failed to load config from \"d:\\\\SEVANI\\\\dataconnect\": could not find dataconnect.yaml in `d:\\SEVANI\\dataconnect`\n"}}
[debug] [2026-04-01T01:57:41.239Z] E0401 08:57:41.238766   20728 watch.go:40] Failed to load config from "d:\\SEVANI\\dataconnect": could not find dataconnect.yaml in `d:\SEVANI\dataconnect`
 {"metadata":{"emulator":{"name":"dataconnect"},"message":"E0401 08:57:41.238766   20728 watch.go:40] Failed to load config from \"d:\\\\SEVANI\\\\dataconnect\": could not find dataconnect.yaml in `d:\\SEVANI\\dataconnect`\n"}}
[debug] [2026-04-01T01:57:51.237Z] E0401 08:57:51.238275   20728 watch.go:40] Failed to load config from "d:\\SEVANI\\dataconnect": could not find dataconnect.yaml in `d:\SEVANI\dataconnect`
 {"metadata":{"emulator":{"name":"dataconnect"},"message":"E0401 08:57:51.238275   20728 watch.go:40] Failed to load config from \"d:\\\\SEVANI\\\\dataconnect\": could not find dataconnect.yaml in `d:\\SEVANI\\dataconnect`\n"}}
[debug] [2026-04-01T01:58:01.237Z] E0401 08:58:01.238038   20728 watch.go:116] watchAllDir unable to walk dir `d:\SEVANI\dataconnect`: GetFileAttributesEx d:\SEVANI\dataconnect: The system cannot find the file specified.
E0401 08:58:01.238038   20728 watch.go:40] Failed to load config from "d:\\SEVANI\\dataconnect": could not find dataconnect.yaml in `d:\SEVANI\dataconnect`
 {"metadata":{"emulator":{"name":"dataconnect"},"message":"E0401 08:58:01.238038   20728 watch.go:116] watchAllDir unable to walk dir `d:\\SEVANI\\dataconnect`: GetFileAttributesEx d:\\SEVANI\\dataconnect: The system cannot find the file specified.\nE0401 08:58:01.238038   20728 watch.go:40] Failed to load config from \"d:\\\\SEVANI\\\\dataconnect\": could not find dataconnect.yaml in `d:\\SEVANI\\dataconnect`\n"}}
[debug] [2026-04-01T01:58:11.237Z] E0401 08:58:11.237788   20728 watch.go:40] Failed to load config from "d:\\SEVANI\\dataconnect": could not find dataconnect.yaml in `d:\SEVANI\dataconnect`
 {"metadata":{"emulator":{"name":"dataconnect"},"message":"E0401 08:58:11.237788   20728 watch.go:40] Failed to load config from \"d:\\\\SEVANI\\\\dataconnect\": could not find dataconnect.yaml in `d:\\SEVANI\\dataconnect`\n"}}
[debug] [2026-04-01T01:58:21.239Z] E0401 08:58:21.239916   20728 watch.go:40] Failed to load config from "d:\\SEVANI\\dataconnect": could not find dataconnect.yaml in `d:\SEVANI\dataconnect`
 {"metadata":{"emulator":{"name":"dataconnect"},"message":"E0401 08:58:21.239916   20728 watch.go:40] Failed to load config from \"d:\\\\SEVANI\\\\dataconnect\": could not find dataconnect.yaml in `d:\\SEVANI\\dataconnect`\n"}}
[debug] [2026-04-01T01:58:31.239Z] E0401 08:58:31.239247   20728 watch.go:40] Failed to load config from "d:\\SEVANI\\dataconnect": could not find dataconnect.yaml in `d:\SEVANI\dataconnect`
 {"metadata":{"emulator":{"name":"dataconnect"},"message":"E0401 08:58:31.239247   20728 watch.go:40] Failed to load config from \"d:\\\\SEVANI\\\\dataconnect\": could not find dataconnect.yaml in `d:\\SEVANI\\dataconnect`\n"}}
[debug] [2026-04-01T01:58:41.239Z] E0401 08:58:41.237915   20728 watch.go:40] Failed to load config from "d:\\SEVANI\\dataconnect": could not find dataconnect.yaml in `d:\SEVANI\dataconnect`
 {"metadata":{"emulator":{"name":"dataconnect"},"message":"E0401 08:58:41.237915   20728 watch.go:40] Failed to load config from \"d:\\\\SEVANI\\\\dataconnect\": could not find dataconnect.yaml in `d:\\SEVANI\\dataconnect`\n"}}
[debug] [2026-04-01T01:58:51.499Z] E0401 08:58:51.326522   20728 watch.go:40] Failed to load config from "d:\\SEVANI\\dataconnect": could not find dataconnect.yaml in `d:\SEVANI\dataconnect`
 {"metadata":{"emulator":{"name":"dataconnect"},"message":"E0401 08:58:51.326522   20728 watch.go:40] Failed to load config from \"d:\\\\SEVANI\\\\dataconnect\": could not find dataconnect.yaml in `d:\\SEVANI\\dataconnect`\n"}}
[debug] [2026-04-01T01:59:01.245Z] E0401 08:59:01.241968   20728 watch.go:116] watchAllDir unable to walk dir `d:\SEVANI\dataconnect`: GetFileAttributesEx d:\SEVANI\dataconnect: The system cannot find the file specified.
 {"metadata":{"emulator":{"name":"dataconnect"},"message":"E0401 08:59:01.241968   20728 watch.go:116] watchAllDir unable to walk dir `d:\\SEVANI\\dataconnect`: GetFileAttributesEx d:\\SEVANI\\dataconnect: The system cannot find the file specified.\n"}}
[debug] [2026-04-01T01:59:01.246Z] E0401 08:59:01.247158   20728 watch.go:40] Failed to load config from "d:\\SEVANI\\dataconnect": could not find dataconnect.yaml in `d:\SEVANI\dataconnect`
 {"metadata":{"emulator":{"name":"dataconnect"},"message":"E0401 08:59:01.247158   20728 watch.go:40] Failed to load config from \"d:\\\\SEVANI\\\\dataconnect\": could not find dataconnect.yaml in `d:\\SEVANI\\dataconnect`\n"}}
[debug] [2026-04-01T01:59:11.238Z] E0401 08:59:11.238154   20728 watch.go:40] Failed to load config from "d:\\SEVANI\\dataconnect": could not find dataconnect.yaml in `d:\SEVANI\dataconnect`
 {"metadata":{"emulator":{"name":"dataconnect"},"message":"E0401 08:59:11.238154   20728 watch.go:40] Failed to load config from \"d:\\\\SEVANI\\\\dataconnect\": could not find dataconnect.yaml in `d:\\SEVANI\\dataconnect`\n"}}
[debug] [2026-04-01T01:59:21.238Z] E0401 08:59:21.238255   20728 watch.go:40] Failed to load config from "d:\\SEVANI\\dataconnect": could not find dataconnect.yaml in `d:\SEVANI\dataconnect`
 {"metadata":{"emulator":{"name":"dataconnect"},"message":"E0401 08:59:21.238255   20728 watch.go:40] Failed to load config from \"d:\\\\SEVANI\\\\dataconnect\": could not find dataconnect.yaml in `d:\\SEVANI\\dataconnect`\n"}}
[debug] [2026-04-01T01:59:31.239Z] E0401 08:59:31.238761   20728 watch.go:40] Failed to load config from "d:\\SEVANI\\dataconnect": could not find dataconnect.yaml in `d:\SEVANI\dataconnect`
 {"metadata":{"emulator":{"name":"dataconnect"},"message":"E0401 08:59:31.238761   20728 watch.go:40] Failed to load config from \"d:\\\\SEVANI\\\\dataconnect\": could not find dataconnect.yaml in `d:\\SEVANI\\dataconnect`\n"}}
[debug] [2026-04-01T01:59:41.238Z] E0401 08:59:41.238180   20728 watch.go:40] Failed to load config from "d:\\SEVANI\\dataconnect": could not find dataconnect.yaml in `d:\SEVANI\dataconnect`
 {"metadata":{"emulator":{"name":"dataconnect"},"message":"E0401 08:59:41.238180   20728 watch.go:40] Failed to load config from \"d:\\\\SEVANI\\\\dataconnect\": could not find dataconnect.yaml in `d:\\SEVANI\\dataconnect`\n"}}
[debug] [2026-04-01T01:59:51.238Z] E0401 08:59:51.237884   20728 watch.go:40] Failed to load config from "d:\\SEVANI\\dataconnect": could not find dataconnect.yaml in `d:\SEVANI\dataconnect`
 {"metadata":{"emulator":{"name":"dataconnect"},"message":"E0401 08:59:51.237884   20728 watch.go:40] Failed to load config from \"d:\\\\SEVANI\\\\dataconnect\": could not find dataconnect.yaml in `d:\\SEVANI\\dataconnect`\n"}}
[debug] [2026-04-01T02:00:01.518Z] E0401 09:00:01.517936   20728 watch.go:116] watchAllDir unable to walk dir `d:\SEVANI\dataconnect`: GetFileAttributesEx d:\SEVANI\dataconnect: The system cannot find the file specified.
E0401 09:00:01.518446   20728 watch.go:40] Failed to load config from "d:\\SEVANI\\dataconnect": could not find dataconnect.yaml in `d:\SEVANI\dataconnect`
 {"metadata":{"emulator":{"name":"dataconnect"},"message":"E0401 09:00:01.517936   20728 watch.go:116] watchAllDir unable to walk dir `d:\\SEVANI\\dataconnect`: GetFileAttributesEx d:\\SEVANI\\dataconnect: The system cannot find the file specified.\nE0401 09:00:01.518446   20728 watch.go:40] Failed to load config from \"d:\\\\SEVANI\\\\dataconnect\": could not find dataconnect.yaml in `d:\\SEVANI\\dataconnect`\n"}}
[debug] [2026-04-01T02:00:11.366Z] E0401 09:00:11.355812   20728 watch.go:40] Failed to load config from "d:\\SEVANI\\dataconnect": could not find dataconnect.yaml in `d:\SEVANI\dataconnect`
 {"metadata":{"emulator":{"name":"dataconnect"},"message":"E0401 09:00:11.355812   20728 watch.go:40] Failed to load config from \"d:\\\\SEVANI\\\\dataconnect\": could not find dataconnect.yaml in `d:\\SEVANI\\dataconnect`\n"}}
[debug] [2026-04-01T02:00:21.238Z] E0401 09:00:21.238229   20728 watch.go:40] Failed to load config from "d:\\SEVANI\\dataconnect": could not find dataconnect.yaml in `d:\SEVANI\dataconnect`
 {"metadata":{"emulator":{"name":"dataconnect"},"message":"E0401 09:00:21.238229   20728 watch.go:40] Failed to load config from \"d:\\\\SEVANI\\\\dataconnect\": could not find dataconnect.yaml in `d:\\SEVANI\\dataconnect`\n"}}
[debug] [2026-04-01T02:00:31.238Z] E0401 09:00:31.238185   20728 watch.go:40] Failed to load config from "d:\\SEVANI\\dataconnect": could not find dataconnect.yaml in `d:\SEVANI\dataconnect`
 {"metadata":{"emulator":{"name":"dataconnect"},"message":"E0401 09:00:31.238185   20728 watch.go:40] Failed to load config from \"d:\\\\SEVANI\\\\dataconnect\": could not find dataconnect.yaml in `d:\\SEVANI\\dataconnect`\n"}}
[debug] [2026-04-01T02:00:41.237Z] E0401 09:00:41.238168   20728 watch.go:40] Failed to load config from "d:\\SEVANI\\dataconnect": could not find dataconnect.yaml in `d:\SEVANI\dataconnect`
 {"metadata":{"emulator":{"name":"dataconnect"},"message":"E0401 09:00:41.238168   20728 watch.go:40] Failed to load config from \"d:\\\\SEVANI\\\\dataconnect\": could not find dataconnect.yaml in `d:\\SEVANI\\dataconnect`\n"}}
[debug] [2026-04-01T02:00:51.237Z] E0401 09:00:51.237943   20728 watch.go:40] Failed to load config from "d:\\SEVANI\\dataconnect": could not find dataconnect.yaml in `d:\SEVANI\dataconnect`
 {"metadata":{"emulator":{"name":"dataconnect"},"message":"E0401 09:00:51.237943   20728 watch.go:40] Failed to load config from \"d:\\\\SEVANI\\\\dataconnect\": could not find dataconnect.yaml in `d:\\SEVANI\\dataconnect`\n"}}
[debug] [2026-04-01T02:01:01.237Z] E0401 09:01:01.238202   20728 watch.go:116] watchAllDir unable to walk dir `d:\SEVANI\dataconnect`: GetFileAttributesEx d:\SEVANI\dataconnect: The system cannot find the file specified.
E0401 09:01:01.238202   20728 watch.go:40] Failed to load config from "d:\\SEVANI\\dataconnect": could not find dataconnect.yaml in `d:\SEVANI\dataconnect`
 {"metadata":{"emulator":{"name":"dataconnect"},"message":"E0401 09:01:01.238202   20728 watch.go:116] watchAllDir unable to walk dir `d:\\SEVANI\\dataconnect`: GetFileAttributesEx d:\\SEVANI\\dataconnect: The system cannot find the file specified.\nE0401 09:01:01.238202   20728 watch.go:40] Failed to load config from \"d:\\\\SEVANI\\\\dataconnect\": could not find dataconnect.yaml in `d:\\SEVANI\\dataconnect`\n"}}
[debug] [2026-04-01T02:01:11.238Z] E0401 09:01:11.238885   20728 watch.go:40] Failed to load config from "d:\\SEVANI\\dataconnect": could not find dataconnect.yaml in `d:\SEVANI\dataconnect`
 {"metadata":{"emulator":{"name":"dataconnect"},"message":"E0401 09:01:11.238885   20728 watch.go:40] Failed to load config from \"d:\\\\SEVANI\\\\dataconnect\": could not find dataconnect.yaml in `d:\\SEVANI\\dataconnect`\n"}}
[debug] [2026-04-01T02:01:21.238Z] E0401 09:01:21.238718   20728 watch.go:40] Failed to load config from "d:\\SEVANI\\dataconnect": could not find dataconnect.yaml in `d:\SEVANI\dataconnect`
 {"metadata":{"emulator":{"name":"dataconnect"},"message":"E0401 09:01:21.238718   20728 watch.go:40] Failed to load config from \"d:\\\\SEVANI\\\\dataconnect\": could not find dataconnect.yaml in `d:\\SEVANI\\dataconnect`\n"}}
[debug] [2026-04-01T02:01:31.260Z] E0401 09:01:31.259553   20728 watch.go:40] Failed to load config from "d:\\SEVANI\\dataconnect": could not find dataconnect.yaml in `d:\SEVANI\dataconnect`
 {"metadata":{"emulator":{"name":"dataconnect"},"message":"E0401 09:01:31.259553   20728 watch.go:40] Failed to load config from \"d:\\\\SEVANI\\\\dataconnect\": could not find dataconnect.yaml in `d:\\SEVANI\\dataconnect`\n"}}
[debug] [2026-04-01T02:01:41.239Z] E0401 09:01:41.238990   20728 watch.go:40] Failed to load config from "d:\\SEVANI\\dataconnect": could not find dataconnect.yaml in `d:\SEVANI\dataconnect`
 {"metadata":{"emulator":{"name":"dataconnect"},"message":"E0401 09:01:41.238990   20728 watch.go:40] Failed to load config from \"d:\\\\SEVANI\\\\dataconnect\": could not find dataconnect.yaml in `d:\\SEVANI\\dataconnect`\n"}}
[debug] [2026-04-01T02:01:51.238Z] E0401 09:01:51.238592   20728 watch.go:40] Failed to load config from "d:\\SEVANI\\dataconnect": could not find dataconnect.yaml in `d:\SEVANI\dataconnect`
 {"metadata":{"emulator":{"name":"dataconnect"},"message":"E0401 09:01:51.238592   20728 watch.go:40] Failed to load config from \"d:\\\\SEVANI\\\\dataconnect\": could not find dataconnect.yaml in `d:\\SEVANI\\dataconnect`\n"}}
[debug] [2026-04-01T02:02:01.238Z] E0401 09:02:01.237991   20728 watch.go:116] watchAllDir unable to walk dir `d:\SEVANI\dataconnect`: GetFileAttributesEx d:\SEVANI\dataconnect: The system cannot find the file specified.
E0401 09:02:01.237991   20728 watch.go:40] Failed to load config from "d:\\SEVANI\\dataconnect": could not find dataconnect.yaml in `d:\SEVANI\dataconnect`
 {"metadata":{"emulator":{"name":"dataconnect"},"message":"E0401 09:02:01.237991   20728 watch.go:116] watchAllDir unable to walk dir `d:\\SEVANI\\dataconnect`: GetFileAttributesEx d:\\SEVANI\\dataconnect: The system cannot find the file specified.\nE0401 09:02:01.237991   20728 watch.go:40] Failed to load config from \"d:\\\\SEVANI\\\\dataconnect\": could not find dataconnect.yaml in `d:\\SEVANI\\dataconnect`\n"}}
[debug] [2026-04-01T02:02:11.238Z] E0401 09:02:11.238292   20728 watch.go:40] Failed to load config from "d:\\SEVANI\\dataconnect": could not find dataconnect.yaml in `d:\SEVANI\dataconnect`
 {"metadata":{"emulator":{"name":"dataconnect"},"message":"E0401 09:02:11.238292   20728 watch.go:40] Failed to load config from \"d:\\\\SEVANI\\\\dataconnect\": could not find dataconnect.yaml in `d:\\SEVANI\\dataconnect`\n"}}
[debug] [2026-04-01T02:02:21.238Z] E0401 09:02:21.238268   20728 watch.go:40] Failed to load config from "d:\\SEVANI\\dataconnect": could not find dataconnect.yaml in `d:\SEVANI\dataconnect`
 {"metadata":{"emulator":{"name":"dataconnect"},"message":"E0401 09:02:21.238268   20728 watch.go:40] Failed to load config from \"d:\\\\SEVANI\\\\dataconnect\": could not find dataconnect.yaml in `d:\\SEVANI\\dataconnect`\n"}}
[debug] [2026-04-01T02:02:31.238Z] E0401 09:02:31.238330   20728 watch.go:40] Failed to load config from "d:\\SEVANI\\dataconnect": could not find dataconnect.yaml in `d:\SEVANI\dataconnect`
 {"metadata":{"emulator":{"name":"dataconnect"},"message":"E0401 09:02:31.238330   20728 watch.go:40] Failed to load config from \"d:\\\\SEVANI\\\\dataconnect\": could not find dataconnect.yaml in `d:\\SEVANI\\dataconnect`\n"}}
[debug] [2026-04-01T02:02:41.238Z] E0401 09:02:41.238407   20728 watch.go:40] Failed to load config from "d:\\SEVANI\\dataconnect": could not find dataconnect.yaml in `d:\SEVANI\dataconnect`
 {"metadata":{"emulator":{"name":"dataconnect"},"message":"E0401 09:02:41.238407   20728 watch.go:40] Failed to load config from \"d:\\\\SEVANI\\\\dataconnect\": could not find dataconnect.yaml in `d:\\SEVANI\\dataconnect`\n"}}
[debug] [2026-04-01T02:02:51.238Z] E0401 09:02:51.238380   20728 watch.go:40] Failed to load config from "d:\\SEVANI\\dataconnect": could not find dataconnect.yaml in `d:\SEVANI\dataconnect`
 {"metadata":{"emulator":{"name":"dataconnect"},"message":"E0401 09:02:51.238380   20728 watch.go:40] Failed to load config from \"d:\\\\SEVANI\\\\dataconnect\": could not find dataconnect.yaml in `d:\\SEVANI\\dataconnect`\n"}}
[debug] [2026-04-01T02:03:01.238Z] E0401 09:03:01.238251   20728 watch.go:116] watchAllDir unable to walk dir `d:\SEVANI\dataconnect`: GetFileAttributesEx d:\SEVANI\dataconnect: The system cannot find the file specified.
E0401 09:03:01.238251   20728 watch.go:40] Failed to load config from "d:\\SEVANI\\dataconnect": could not find dataconnect.yaml in `d:\SEVANI\dataconnect`
 {"metadata":{"emulator":{"name":"dataconnect"},"message":"E0401 09:03:01.238251   20728 watch.go:116] watchAllDir unable to walk dir `d:\\SEVANI\\dataconnect`: GetFileAttributesEx d:\\SEVANI\\dataconnect: The system cannot find the file specified.\nE0401 09:03:01.238251   20728 watch.go:40] Failed to load config from \"d:\\\\SEVANI\\\\dataconnect\": could not find dataconnect.yaml in `d:\\SEVANI\\dataconnect`\n"}}
[debug] [2026-04-01T02:03:11.238Z] E0401 09:03:11.238835   20728 watch.go:40] Failed to load config from "d:\\SEVANI\\dataconnect": could not find dataconnect.yaml in `d:\SEVANI\dataconnect`
 {"metadata":{"emulator":{"name":"dataconnect"},"message":"E0401 09:03:11.238835   20728 watch.go:40] Failed to load config from \"d:\\\\SEVANI\\\\dataconnect\": could not find dataconnect.yaml in `d:\\SEVANI\\dataconnect`\n"}}
[debug] [2026-04-01T02:03:21.238Z] E0401 09:03:21.238491   20728 watch.go:40] Failed to load config from "d:\\SEVANI\\dataconnect": could not find dataconnect.yaml in `d:\SEVANI\dataconnect`
 {"metadata":{"emulator":{"name":"dataconnect"},"message":"E0401 09:03:21.238491   20728 watch.go:40] Failed to load config from \"d:\\\\SEVANI\\\\dataconnect\": could not find dataconnect.yaml in `d:\\SEVANI\\dataconnect`\n"}}
[debug] [2026-04-01T02:03:31.238Z] E0401 09:03:31.238666   20728 watch.go:40] Failed to load config from "d:\\SEVANI\\dataconnect": could not find dataconnect.yaml in `d:\SEVANI\dataconnect`
 {"metadata":{"emulator":{"name":"dataconnect"},"message":"E0401 09:03:31.238666   20728 watch.go:40] Failed to load config from \"d:\\\\SEVANI\\\\dataconnect\": could not find dataconnect.yaml in `d:\\SEVANI\\dataconnect`\n"}}
[debug] [2026-04-01T02:03:41.238Z] E0401 09:03:41.238457   20728 watch.go:40] Failed to load config from "d:\\SEVANI\\dataconnect": could not find dataconnect.yaml in `d:\SEVANI\dataconnect`
 {"metadata":{"emulator":{"name":"dataconnect"},"message":"E0401 09:03:41.238457   20728 watch.go:40] Failed to load config from \"d:\\\\SEVANI\\\\dataconnect\": could not find dataconnect.yaml in `d:\\SEVANI\\dataconnect`\n"}}
[debug] [2026-04-01T02:03:51.238Z] E0401 09:03:51.238128   20728 watch.go:40] Failed to load config from "d:\\SEVANI\\dataconnect": could not find dataconnect.yaml in `d:\SEVANI\dataconnect`
 {"metadata":{"emulator":{"name":"dataconnect"},"message":"E0401 09:03:51.238128   20728 watch.go:40] Failed to load config from \"d:\\\\SEVANI\\\\dataconnect\": could not find dataconnect.yaml in `d:\\SEVANI\\dataconnect`\n"}}
[debug] [2026-04-01T02:04:01.238Z] E0401 09:04:01.238383   20728 watch.go:116] watchAllDir unable to walk dir `d:\SEVANI\dataconnect`: GetFileAttributesEx d:\SEVANI\dataconnect: The system cannot find the file specified.
 {"metadata":{"emulator":{"name":"dataconnect"},"message":"E0401 09:04:01.238383   20728 watch.go:116] watchAllDir unable to walk dir `d:\\SEVANI\\dataconnect`: GetFileAttributesEx d:\\SEVANI\\dataconnect: The system cannot find the file specified.\n"}}
[debug] [2026-04-01T02:04:01.239Z] E0401 09:04:01.238383   20728 watch.go:40] Failed to load config from "d:\\SEVANI\\dataconnect": could not find dataconnect.yaml in `d:\SEVANI\dataconnect`
 {"metadata":{"emulator":{"name":"dataconnect"},"message":"E0401 09:04:01.238383   20728 watch.go:40] Failed to load config from \"d:\\\\SEVANI\\\\dataconnect\": could not find dataconnect.yaml in `d:\\SEVANI\\dataconnect`\n"}}
[debug] [2026-04-01T02:04:11.239Z] E0401 09:04:11.238891   20728 watch.go:40] Failed to load config from "d:\\SEVANI\\dataconnect": could not find dataconnect.yaml in `d:\SEVANI\dataconnect`
 {"metadata":{"emulator":{"name":"dataconnect"},"message":"E0401 09:04:11.238891   20728 watch.go:40] Failed to load config from \"d:\\\\SEVANI\\\\dataconnect\": could not find dataconnect.yaml in `d:\\SEVANI\\dataconnect`\n"}}
[debug] [2026-04-01T02:04:21.238Z] E0401 09:04:21.238505   20728 watch.go:40] Failed to load config from "d:\\SEVANI\\dataconnect": could not find dataconnect.yaml in `d:\SEVANI\dataconnect`
 {"metadata":{"emulator":{"name":"dataconnect"},"message":"E0401 09:04:21.238505   20728 watch.go:40] Failed to load config from \"d:\\\\SEVANI\\\\dataconnect\": could not find dataconnect.yaml in `d:\\SEVANI\\dataconnect`\n"}}
[debug] [2026-04-01T02:04:31.239Z] E0401 09:04:31.238980   20728 watch.go:40] Failed to load config from "d:\\SEVANI\\dataconnect": could not find dataconnect.yaml in `d:\SEVANI\dataconnect`
 {"metadata":{"emulator":{"name":"dataconnect"},"message":"E0401 09:04:31.238980   20728 watch.go:40] Failed to load config from \"d:\\\\SEVANI\\\\dataconnect\": could not find dataconnect.yaml in `d:\\SEVANI\\dataconnect`\n"}}
[debug] [2026-04-01T02:04:41.237Z] E0401 09:04:41.237903   20728 watch.go:40] Failed to load config from "d:\\SEVANI\\dataconnect": could not find dataconnect.yaml in `d:\SEVANI\dataconnect`
 {"metadata":{"emulator":{"name":"dataconnect"},"message":"E0401 09:04:41.237903   20728 watch.go:40] Failed to load config from \"d:\\\\SEVANI\\\\dataconnect\": could not find dataconnect.yaml in `d:\\SEVANI\\dataconnect`\n"}}
[debug] [2026-04-01T02:04:51.238Z] E0401 09:04:51.237944   20728 watch.go:40] Failed to load config from "d:\\SEVANI\\dataconnect": could not find dataconnect.yaml in `d:\SEVANI\dataconnect`
 {"metadata":{"emulator":{"name":"dataconnect"},"message":"E0401 09:04:51.237944   20728 watch.go:40] Failed to load config from \"d:\\\\SEVANI\\\\dataconnect\": could not find dataconnect.yaml in `d:\\SEVANI\\dataconnect`\n"}}
[debug] [2026-04-01T02:05:01.238Z] E0401 09:05:01.238386   20728 watch.go:116] watchAllDir unable to walk dir `d:\SEVANI\dataconnect`: GetFileAttributesEx d:\SEVANI\dataconnect: The system cannot find the file specified.
E0401 09:05:01.238386   20728 watch.go:40] Failed to load config from "d:\\SEVANI\\dataconnect": could not find dataconnect.yaml in `d:\SEVANI\dataconnect`
 {"metadata":{"emulator":{"name":"dataconnect"},"message":"E0401 09:05:01.238386   20728 watch.go:116] watchAllDir unable to walk dir `d:\\SEVANI\\dataconnect`: GetFileAttributesEx d:\\SEVANI\\dataconnect: The system cannot find the file specified.\nE0401 09:05:01.238386   20728 watch.go:40] Failed to load config from \"d:\\\\SEVANI\\\\dataconnect\": could not find dataconnect.yaml in `d:\\SEVANI\\dataconnect`\n"}}
[debug] [2026-04-01T02:05:11.238Z] E0401 09:05:11.238074   20728 watch.go:40] Failed to load config from "d:\\SEVANI\\dataconnect": could not find dataconnect.yaml in `d:\SEVANI\dataconnect`
 {"metadata":{"emulator":{"name":"dataconnect"},"message":"E0401 09:05:11.238074   20728 watch.go:40] Failed to load config from \"d:\\\\SEVANI\\\\dataconnect\": could not find dataconnect.yaml in `d:\\SEVANI\\dataconnect`\n"}}
[debug] [2026-04-01T02:05:21.239Z] E0401 09:05:21.239198   20728 watch.go:40] Failed to load config from "d:\\SEVANI\\dataconnect": could not find dataconnect.yaml in `d:\SEVANI\dataconnect`
 {"metadata":{"emulator":{"name":"dataconnect"},"message":"E0401 09:05:21.239198   20728 watch.go:40] Failed to load config from \"d:\\\\SEVANI\\\\dataconnect\": could not find dataconnect.yaml in `d:\\SEVANI\\dataconnect`\n"}}
[debug] [2026-04-01T02:05:31.239Z] E0401 09:05:31.238496   20728 watch.go:40] Failed to load config from "d:\\SEVANI\\dataconnect": could not find dataconnect.yaml in `d:\SEVANI\dataconnect`
 {"metadata":{"emulator":{"name":"dataconnect"},"message":"E0401 09:05:31.238496   20728 watch.go:40] Failed to load config from \"d:\\\\SEVANI\\\\dataconnect\": could not find dataconnect.yaml in `d:\\SEVANI\\dataconnect`\n"}}
[debug] [2026-04-01T02:05:41.238Z] E0401 09:05:41.238557   20728 watch.go:40] Failed to load config from "d:\\SEVANI\\dataconnect": could not find dataconnect.yaml in `d:\SEVANI\dataconnect`
 {"metadata":{"emulator":{"name":"dataconnect"},"message":"E0401 09:05:41.238557   20728 watch.go:40] Failed to load config from \"d:\\\\SEVANI\\\\dataconnect\": could not find dataconnect.yaml in `d:\\SEVANI\\dataconnect`\n"}}
[debug] [2026-04-01T02:05:51.239Z] E0401 09:05:51.238601   20728 watch.go:40] Failed to load config from "d:\\SEVANI\\dataconnect": could not find dataconnect.yaml in `d:\SEVANI\dataconnect`
 {"metadata":{"emulator":{"name":"dataconnect"},"message":"E0401 09:05:51.238601   20728 watch.go:40] Failed to load config from \"d:\\\\SEVANI\\\\dataconnect\": could not find dataconnect.yaml in `d:\\SEVANI\\dataconnect`\n"}}
[debug] [2026-04-01T02:06:01.238Z] E0401 09:06:01.238395   20728 watch.go:116] watchAllDir unable to walk dir `d:\SEVANI\dataconnect`: GetFileAttributesEx d:\SEVANI\dataconnect: The system cannot find the file specified.
E0401 09:06:01.238395   20728 watch.go:40] Failed to load config from "d:\\SEVANI\\dataconnect": could not find dataconnect.yaml in `d:\SEVANI\dataconnect`
 {"metadata":{"emulator":{"name":"dataconnect"},"message":"E0401 09:06:01.238395   20728 watch.go:116] watchAllDir unable to walk dir `d:\\SEVANI\\dataconnect`: GetFileAttributesEx d:\\SEVANI\\dataconnect: The system cannot find the file specified.\nE0401 09:06:01.238395   20728 watch.go:40] Failed to load config from \"d:\\\\SEVANI\\\\dataconnect\": could not find dataconnect.yaml in `d:\\SEVANI\\dataconnect`\n"}}
[debug] [2026-04-01T02:06:11.238Z] E0401 09:06:11.238435   20728 watch.go:40] Failed to load config from "d:\\SEVANI\\dataconnect": could not find dataconnect.yaml in `d:\SEVANI\dataconnect`
 {"metadata":{"emulator":{"name":"dataconnect"},"message":"E0401 09:06:11.238435   20728 watch.go:40] Failed to load config from \"d:\\\\SEVANI\\\\dataconnect\": could not find dataconnect.yaml in `d:\\SEVANI\\dataconnect`\n"}}
[debug] [2026-04-01T02:06:21.238Z] E0401 09:06:21.238067   20728 watch.go:40] Failed to load config from "d:\\SEVANI\\dataconnect": could not find dataconnect.yaml in `d:\SEVANI\dataconnect`
 {"metadata":{"emulator":{"name":"dataconnect"},"message":"E0401 09:06:21.238067   20728 watch.go:40] Failed to load config from \"d:\\\\SEVANI\\\\dataconnect\": could not find dataconnect.yaml in `d:\\SEVANI\\dataconnect`\n"}}
[debug] [2026-04-01T02:06:31.243Z] E0401 09:06:31.243238   20728 watch.go:40] Failed to load config from "d:\\SEVANI\\dataconnect": could not find dataconnect.yaml in `d:\SEVANI\dataconnect`
 {"metadata":{"emulator":{"name":"dataconnect"},"message":"E0401 09:06:31.243238   20728 watch.go:40] Failed to load config from \"d:\\\\SEVANI\\\\dataconnect\": could not find dataconnect.yaml in `d:\\SEVANI\\dataconnect`\n"}}
[debug] [2026-04-01T02:06:41.238Z] E0401 09:06:41.238599   20728 watch.go:40] Failed to load config from "d:\\SEVANI\\dataconnect": could not find dataconnect.yaml in `d:\SEVANI\dataconnect`
 {"metadata":{"emulator":{"name":"dataconnect"},"message":"E0401 09:06:41.238599   20728 watch.go:40] Failed to load config from \"d:\\\\SEVANI\\\\dataconnect\": could not find dataconnect.yaml in `d:\\SEVANI\\dataconnect`\n"}}
[debug] [2026-04-01T02:06:51.239Z] E0401 09:06:51.238456   20728 watch.go:40] Failed to load config from "d:\\SEVANI\\dataconnect": could not find dataconnect.yaml in `d:\SEVANI\dataconnect`
 {"metadata":{"emulator":{"name":"dataconnect"},"message":"E0401 09:06:51.238456   20728 watch.go:40] Failed to load config from \"d:\\\\SEVANI\\\\dataconnect\": could not find dataconnect.yaml in `d:\\SEVANI\\dataconnect`\n"}}
[debug] [2026-04-01T02:07:01.239Z] E0401 09:07:01.238758   20728 watch.go:116] watchAllDir unable to walk dir `d:\SEVANI\dataconnect`: GetFileAttributesEx d:\SEVANI\dataconnect: The system cannot find the file specified.
 {"metadata":{"emulator":{"name":"dataconnect"},"message":"E0401 09:07:01.238758   20728 watch.go:116] watchAllDir unable to walk dir `d:\\SEVANI\\dataconnect`: GetFileAttributesEx d:\\SEVANI\\dataconnect: The system cannot find the file specified.\n"}}
[debug] [2026-04-01T02:07:01.244Z] E0401 09:07:01.244086   20728 watch.go:40] Failed to load config from "d:\\SEVANI\\dataconnect": could not find dataconnect.yaml in `d:\SEVANI\dataconnect`
 {"metadata":{"emulator":{"name":"dataconnect"},"message":"E0401 09:07:01.244086   20728 watch.go:40] Failed to load config from \"d:\\\\SEVANI\\\\dataconnect\": could not find dataconnect.yaml in `d:\\SEVANI\\dataconnect`\n"}}
[debug] [2026-04-01T02:07:11.238Z] E0401 09:07:11.238152   20728 watch.go:40] Failed to load config from "d:\\SEVANI\\dataconnect": could not find dataconnect.yaml in `d:\SEVANI\dataconnect`
 {"metadata":{"emulator":{"name":"dataconnect"},"message":"E0401 09:07:11.238152   20728 watch.go:40] Failed to load config from \"d:\\\\SEVANI\\\\dataconnect\": could not find dataconnect.yaml in `d:\\SEVANI\\dataconnect`\n"}}
[debug] [2026-04-01T02:07:21.238Z] E0401 09:07:21.237914   20728 watch.go:40] Failed to load config from "d:\\SEVANI\\dataconnect": could not find dataconnect.yaml in `d:\SEVANI\dataconnect`
 {"metadata":{"emulator":{"name":"dataconnect"},"message":"E0401 09:07:21.237914   20728 watch.go:40] Failed to load config from \"d:\\\\SEVANI\\\\dataconnect\": could not find dataconnect.yaml in `d:\\SEVANI\\dataconnect`\n"}}
[debug] [2026-04-01T02:07:31.238Z] E0401 09:07:31.238170   20728 watch.go:40] Failed to load config from "d:\\SEVANI\\dataconnect": could not find dataconnect.yaml in `d:\SEVANI\dataconnect`
 {"metadata":{"emulator":{"name":"dataconnect"},"message":"E0401 09:07:31.238170   20728 watch.go:40] Failed to load config from \"d:\\\\SEVANI\\\\dataconnect\": could not find dataconnect.yaml in `d:\\SEVANI\\dataconnect`\n"}}
[debug] [2026-04-01T02:07:41.238Z] E0401 09:07:41.238454   20728 watch.go:40] Failed to load config from "d:\\SEVANI\\dataconnect": could not find dataconnect.yaml in `d:\SEVANI\dataconnect`
 {"metadata":{"emulator":{"name":"dataconnect"},"message":"E0401 09:07:41.238454   20728 watch.go:40] Failed to load config from \"d:\\\\SEVANI\\\\dataconnect\": could not find dataconnect.yaml in `d:\\SEVANI\\dataconnect`\n"}}
[debug] [2026-04-01T02:07:51.239Z] E0401 09:07:51.238686   20728 watch.go:40] Failed to load config from "d:\\SEVANI\\dataconnect": could not find dataconnect.yaml in `d:\SEVANI\dataconnect`
 {"metadata":{"emulator":{"name":"dataconnect"},"message":"E0401 09:07:51.238686   20728 watch.go:40] Failed to load config from \"d:\\\\SEVANI\\\\dataconnect\": could not find dataconnect.yaml in `d:\\SEVANI\\dataconnect`\n"}}
[debug] [2026-04-01T02:08:01.239Z] E0401 09:08:01.239194   20728 watch.go:116] watchAllDir unable to walk dir `d:\SEVANI\dataconnect`: GetFileAttributesEx d:\SEVANI\dataconnect: The system cannot find the file specified.
E0401 09:08:01.239194   20728 watch.go:40] Failed to load config from "d:\\SEVANI\\dataconnect": could not find dataconnect.yaml in `d:\SEVANI\dataconnect`
 {"metadata":{"emulator":{"name":"dataconnect"},"message":"E0401 09:08:01.239194   20728 watch.go:116] watchAllDir unable to walk dir `d:\\SEVANI\\dataconnect`: GetFileAttributesEx d:\\SEVANI\\dataconnect: The system cannot find the file specified.\nE0401 09:08:01.239194   20728 watch.go:40] Failed to load config from \"d:\\\\SEVANI\\\\dataconnect\": could not find dataconnect.yaml in `d:\\SEVANI\\dataconnect`\n"}}
[debug] [2026-04-01T02:08:11.239Z] E0401 09:08:11.238694   20728 watch.go:40] Failed to load config from "d:\\SEVANI\\dataconnect": could not find dataconnect.yaml in `d:\SEVANI\dataconnect`
 {"metadata":{"emulator":{"name":"dataconnect"},"message":"E0401 09:08:11.238694   20728 watch.go:40] Failed to load config from \"d:\\\\SEVANI\\\\dataconnect\": could not find dataconnect.yaml in `d:\\SEVANI\\dataconnect`\n"}}
[debug] [2026-04-01T02:08:21.237Z] E0401 09:08:21.238092   20728 watch.go:40] Failed to load config from "d:\\SEVANI\\dataconnect": could not find dataconnect.yaml in `d:\SEVANI\dataconnect`
 {"metadata":{"emulator":{"name":"dataconnect"},"message":"E0401 09:08:21.238092   20728 watch.go:40] Failed to load config from \"d:\\\\SEVANI\\\\dataconnect\": could not find dataconnect.yaml in `d:\\SEVANI\\dataconnect`\n"}}
[debug] [2026-04-01T02:08:31.237Z] E0401 09:08:31.238004   20728 watch.go:40] Failed to load config from "d:\\SEVANI\\dataconnect": could not find dataconnect.yaml in `d:\SEVANI\dataconnect`
 {"metadata":{"emulator":{"name":"dataconnect"},"message":"E0401 09:08:31.238004   20728 watch.go:40] Failed to load config from \"d:\\\\SEVANI\\\\dataconnect\": could not find dataconnect.yaml in `d:\\SEVANI\\dataconnect`\n"}}
[debug] [2026-04-01T02:08:41.238Z] E0401 09:08:41.238125   20728 watch.go:40] Failed to load config from "d:\\SEVANI\\dataconnect": could not find dataconnect.yaml in `d:\SEVANI\dataconnect`
 {"metadata":{"emulator":{"name":"dataconnect"},"message":"E0401 09:08:41.238125   20728 watch.go:40] Failed to load config from \"d:\\\\SEVANI\\\\dataconnect\": could not find dataconnect.yaml in `d:\\SEVANI\\dataconnect`\n"}}
[debug] [2026-04-01T02:08:51.238Z] E0401 09:08:51.238163   20728 watch.go:40] Failed to load config from "d:\\SEVANI\\dataconnect": could not find dataconnect.yaml in `d:\SEVANI\dataconnect`
 {"metadata":{"emulator":{"name":"dataconnect"},"message":"E0401 09:08:51.238163   20728 watch.go:40] Failed to load config from \"d:\\\\SEVANI\\\\dataconnect\": could not find dataconnect.yaml in `d:\\SEVANI\\dataconnect`\n"}}
[debug] [2026-04-01T02:09:01.238Z] E0401 09:09:01.238100   20728 watch.go:116] watchAllDir unable to walk dir `d:\SEVANI\dataconnect`: GetFileAttributesEx d:\SEVANI\dataconnect: The system cannot find the file specified.
 {"metadata":{"emulator":{"name":"dataconnect"},"message":"E0401 09:09:01.238100   20728 watch.go:116] watchAllDir unable to walk dir `d:\\SEVANI\\dataconnect`: GetFileAttributesEx d:\\SEVANI\\dataconnect: The system cannot find the file specified.\n"}}
[debug] [2026-04-01T02:09:01.239Z] E0401 09:09:01.239746   20728 watch.go:40] Failed to load config from "d:\\SEVANI\\dataconnect": could not find dataconnect.yaml in `d:\SEVANI\dataconnect`
 {"metadata":{"emulator":{"name":"dataconnect"},"message":"E0401 09:09:01.239746   20728 watch.go:40] Failed to load config from \"d:\\\\SEVANI\\\\dataconnect\": could not find dataconnect.yaml in `d:\\SEVANI\\dataconnect`\n"}}
[debug] [2026-04-01T02:09:11.238Z] E0401 09:09:11.239024   20728 watch.go:40] Failed to load config from "d:\\SEVANI\\dataconnect": could not find dataconnect.yaml in `d:\SEVANI\dataconnect`
 {"metadata":{"emulator":{"name":"dataconnect"},"message":"E0401 09:09:11.239024   20728 watch.go:40] Failed to load config from \"d:\\\\SEVANI\\\\dataconnect\": could not find dataconnect.yaml in `d:\\SEVANI\\dataconnect`\n"}}
[debug] [2026-04-01T02:09:21.238Z] E0401 09:09:21.238507   20728 watch.go:40] Failed to load config from "d:\\SEVANI\\dataconnect": could not find dataconnect.yaml in `d:\SEVANI\dataconnect`
 {"metadata":{"emulator":{"name":"dataconnect"},"message":"E0401 09:09:21.238507   20728 watch.go:40] Failed to load config from \"d:\\\\SEVANI\\\\dataconnect\": could not find dataconnect.yaml in `d:\\SEVANI\\dataconnect`\n"}}
[debug] [2026-04-01T02:09:31.238Z] E0401 09:09:31.238589   20728 watch.go:40] Failed to load config from "d:\\SEVANI\\dataconnect": could not find dataconnect.yaml in `d:\SEVANI\dataconnect`
 {"metadata":{"emulator":{"name":"dataconnect"},"message":"E0401 09:09:31.238589   20728 watch.go:40] Failed to load config from \"d:\\\\SEVANI\\\\dataconnect\": could not find dataconnect.yaml in `d:\\SEVANI\\dataconnect`\n"}}
[debug] [2026-04-01T02:09:41.238Z] E0401 09:09:41.238008   20728 watch.go:40] Failed to load config from "d:\\SEVANI\\dataconnect": could not find dataconnect.yaml in `d:\SEVANI\dataconnect`
 {"metadata":{"emulator":{"name":"dataconnect"},"message":"E0401 09:09:41.238008   20728 watch.go:40] Failed to load config from \"d:\\\\SEVANI\\\\dataconnect\": could not find dataconnect.yaml in `d:\\SEVANI\\dataconnect`\n"}}
[debug] [2026-04-01T02:09:51.238Z] E0401 09:09:51.238298   20728 watch.go:40] Failed to load config from "d:\\SEVANI\\dataconnect": could not find dataconnect.yaml in `d:\SEVANI\dataconnect`
 {"metadata":{"emulator":{"name":"dataconnect"},"message":"E0401 09:09:51.238298   20728 watch.go:40] Failed to load config from \"d:\\\\SEVANI\\\\dataconnect\": could not find dataconnect.yaml in `d:\\SEVANI\\dataconnect`\n"}}
[debug] [2026-04-01T02:10:01.238Z] E0401 09:10:01.238498   20728 watch.go:116] watchAllDir unable to walk dir `d:\SEVANI\dataconnect`: GetFileAttributesEx d:\SEVANI\dataconnect: The system cannot find the file specified.
E0401 09:10:01.238498   20728 watch.go:40] Failed to load config from "d:\\SEVANI\\dataconnect": could not find dataconnect.yaml in `d:\SEVANI\dataconnect`
 {"metadata":{"emulator":{"name":"dataconnect"},"message":"E0401 09:10:01.238498   20728 watch.go:116] watchAllDir unable to walk dir `d:\\SEVANI\\dataconnect`: GetFileAttributesEx d:\\SEVANI\\dataconnect: The system cannot find the file specified.\nE0401 09:10:01.238498   20728 watch.go:40] Failed to load config from \"d:\\\\SEVANI\\\\dataconnect\": could not find dataconnect.yaml in `d:\\SEVANI\\dataconnect`\n"}}
[debug] [2026-04-01T02:10:11.239Z] E0401 09:10:11.238317   20728 watch.go:40] Failed to load config from "d:\\SEVANI\\dataconnect": could not find dataconnect.yaml in `d:\SEVANI\dataconnect`
 {"metadata":{"emulator":{"name":"dataconnect"},"message":"E0401 09:10:11.238317   20728 watch.go:40] Failed to load config from \"d:\\\\SEVANI\\\\dataconnect\": could not find dataconnect.yaml in `d:\\SEVANI\\dataconnect`\n"}}
[debug] [2026-04-01T02:10:21.239Z] E0401 09:10:21.238631   20728 watch.go:40] Failed to load config from "d:\\SEVANI\\dataconnect": could not find dataconnect.yaml in `d:\SEVANI\dataconnect`
 {"metadata":{"emulator":{"name":"dataconnect"},"message":"E0401 09:10:21.238631   20728 watch.go:40] Failed to load config from \"d:\\\\SEVANI\\\\dataconnect\": could not find dataconnect.yaml in `d:\\SEVANI\\dataconnect`\n"}}
[debug] [2026-04-01T02:10:31.239Z] E0401 09:10:31.238319   20728 watch.go:40] Failed to load config from "d:\\SEVANI\\dataconnect": could not find dataconnect.yaml in `d:\SEVANI\dataconnect`
 {"metadata":{"emulator":{"name":"dataconnect"},"message":"E0401 09:10:31.238319   20728 watch.go:40] Failed to load config from \"d:\\\\SEVANI\\\\dataconnect\": could not find dataconnect.yaml in `d:\\SEVANI\\dataconnect`\n"}}
[debug] [2026-04-01T02:10:41.240Z] E0401 09:10:41.239857   20728 watch.go:40] Failed to load config from "d:\\SEVANI\\dataconnect": could not find dataconnect.yaml in `d:\SEVANI\dataconnect`
 {"metadata":{"emulator":{"name":"dataconnect"},"message":"E0401 09:10:41.239857   20728 watch.go:40] Failed to load config from \"d:\\\\SEVANI\\\\dataconnect\": could not find dataconnect.yaml in `d:\\SEVANI\\dataconnect`\n"}}
[debug] [2026-04-01T02:10:51.239Z] E0401 09:10:51.238617   20728 watch.go:40] Failed to load config from "d:\\SEVANI\\dataconnect": could not find dataconnect.yaml in `d:\SEVANI\dataconnect`
 {"metadata":{"emulator":{"name":"dataconnect"},"message":"E0401 09:10:51.238617   20728 watch.go:40] Failed to load config from \"d:\\\\SEVANI\\\\dataconnect\": could not find dataconnect.yaml in `d:\\SEVANI\\dataconnect`\n"}}
[debug] [2026-04-01T02:11:01.240Z] E0401 09:11:01.239852   20728 watch.go:116] watchAllDir unable to walk dir `d:\SEVANI\dataconnect`: GetFileAttributesEx d:\SEVANI\dataconnect: The system cannot find the file specified.
 {"metadata":{"emulator":{"name":"dataconnect"},"message":"E0401 09:11:01.239852   20728 watch.go:116] watchAllDir unable to walk dir `d:\\SEVANI\\dataconnect`: GetFileAttributesEx d:\\SEVANI\\dataconnect: The system cannot find the file specified.\n"}}
[debug] [2026-04-01T02:11:01.242Z] E0401 09:11:01.240941   20728 watch.go:40] Failed to load config from "d:\\SEVANI\\dataconnect": could not find dataconnect.yaml in `d:\SEVANI\dataconnect`
 {"metadata":{"emulator":{"name":"dataconnect"},"message":"E0401 09:11:01.240941   20728 watch.go:40] Failed to load config from \"d:\\\\SEVANI\\\\dataconnect\": could not find dataconnect.yaml in `d:\\SEVANI\\dataconnect`\n"}}
[debug] [2026-04-01T02:11:11.239Z] E0401 09:11:11.239410   20728 watch.go:40] Failed to load config from "d:\\SEVANI\\dataconnect": could not find dataconnect.yaml in `d:\SEVANI\dataconnect`
 {"metadata":{"emulator":{"name":"dataconnect"},"message":"E0401 09:11:11.239410   20728 watch.go:40] Failed to load config from \"d:\\\\SEVANI\\\\dataconnect\": could not find dataconnect.yaml in `d:\\SEVANI\\dataconnect`\n"}}
[debug] [2026-04-01T02:11:21.242Z] E0401 09:11:21.241456   20728 watch.go:40] Failed to load config from "d:\\SEVANI\\dataconnect": could not find dataconnect.yaml in `d:\SEVANI\dataconnect`
 {"metadata":{"emulator":{"name":"dataconnect"},"message":"E0401 09:11:21.241456   20728 watch.go:40] Failed to load config from \"d:\\\\SEVANI\\\\dataconnect\": could not find dataconnect.yaml in `d:\\SEVANI\\dataconnect`\n"}}
[debug] [2026-04-01T02:11:31.238Z] E0401 09:11:31.238589   20728 watch.go:40] Failed to load config from "d:\\SEVANI\\dataconnect": could not find dataconnect.yaml in `d:\SEVANI\dataconnect`
 {"metadata":{"emulator":{"name":"dataconnect"},"message":"E0401 09:11:31.238589   20728 watch.go:40] Failed to load config from \"d:\\\\SEVANI\\\\dataconnect\": could not find dataconnect.yaml in `d:\\SEVANI\\dataconnect`\n"}}
[debug] [2026-04-01T02:11:41.238Z] E0401 09:11:41.238063   20728 watch.go:40] Failed to load config from "d:\\SEVANI\\dataconnect": could not find dataconnect.yaml in `d:\SEVANI\dataconnect`
 {"metadata":{"emulator":{"name":"dataconnect"},"message":"E0401 09:11:41.238063   20728 watch.go:40] Failed to load config from \"d:\\\\SEVANI\\\\dataconnect\": could not find dataconnect.yaml in `d:\\SEVANI\\dataconnect`\n"}}
[debug] [2026-04-01T02:11:51.239Z] E0401 09:11:51.238481   20728 watch.go:40] Failed to load config from "d:\\SEVANI\\dataconnect": could not find dataconnect.yaml in `d:\SEVANI\dataconnect`
 {"metadata":{"emulator":{"name":"dataconnect"},"message":"E0401 09:11:51.238481   20728 watch.go:40] Failed to load config from \"d:\\\\SEVANI\\\\dataconnect\": could not find dataconnect.yaml in `d:\\SEVANI\\dataconnect`\n"}}
[debug] [2026-04-01T02:12:01.238Z] E0401 09:12:01.238556   20728 watch.go:116] watchAllDir unable to walk dir `d:\SEVANI\dataconnect`: GetFileAttributesEx d:\SEVANI\dataconnect: The system cannot find the file specified.
 {"metadata":{"emulator":{"name":"dataconnect"},"message":"E0401 09:12:01.238556   20728 watch.go:116] watchAllDir unable to walk dir `d:\\SEVANI\\dataconnect`: GetFileAttributesEx d:\\SEVANI\\dataconnect: The system cannot find the file specified.\n"}}
[debug] [2026-04-01T02:12:01.239Z] E0401 09:12:01.239781   20728 watch.go:40] Failed to load config from "d:\\SEVANI\\dataconnect": could not find dataconnect.yaml in `d:\SEVANI\dataconnect`
 {"metadata":{"emulator":{"name":"dataconnect"},"message":"E0401 09:12:01.239781   20728 watch.go:40] Failed to load config from \"d:\\\\SEVANI\\\\dataconnect\": could not find dataconnect.yaml in `d:\\SEVANI\\dataconnect`\n"}}
[debug] [2026-04-01T02:12:11.238Z] E0401 09:12:11.238333   20728 watch.go:40] Failed to load config from "d:\\SEVANI\\dataconnect": could not find dataconnect.yaml in `d:\SEVANI\dataconnect`
 {"metadata":{"emulator":{"name":"dataconnect"},"message":"E0401 09:12:11.238333   20728 watch.go:40] Failed to load config from \"d:\\\\SEVANI\\\\dataconnect\": could not find dataconnect.yaml in `d:\\SEVANI\\dataconnect`\n"}}
[debug] [2026-04-01T02:12:21.237Z] E0401 09:12:21.238038   20728 watch.go:40] Failed to load config from "d:\\SEVANI\\dataconnect": could not find dataconnect.yaml in `d:\SEVANI\dataconnect`
 {"metadata":{"emulator":{"name":"dataconnect"},"message":"E0401 09:12:21.238038   20728 watch.go:40] Failed to load config from \"d:\\\\SEVANI\\\\dataconnect\": could not find dataconnect.yaml in `d:\\SEVANI\\dataconnect`\n"}}
[debug] [2026-04-01T02:12:31.237Z] E0401 09:12:31.238335   20728 watch.go:40] Failed to load config from "d:\\SEVANI\\dataconnect": could not find dataconnect.yaml in `d:\SEVANI\dataconnect`
 {"metadata":{"emulator":{"name":"dataconnect"},"message":"E0401 09:12:31.238335   20728 watch.go:40] Failed to load config from \"d:\\\\SEVANI\\\\dataconnect\": could not find dataconnect.yaml in `d:\\SEVANI\\dataconnect`\n"}}
[debug] [2026-04-01T02:12:41.238Z] E0401 09:12:41.238452   20728 watch.go:40] Failed to load config from "d:\\SEVANI\\dataconnect": could not find dataconnect.yaml in `d:\SEVANI\dataconnect`
 {"metadata":{"emulator":{"name":"dataconnect"},"message":"E0401 09:12:41.238452   20728 watch.go:40] Failed to load config from \"d:\\\\SEVANI\\\\dataconnect\": could not find dataconnect.yaml in `d:\\SEVANI\\dataconnect`\n"}}
[debug] [2026-04-01T02:12:51.237Z] E0401 09:12:51.238054   20728 watch.go:40] Failed to load config from "d:\\SEVANI\\dataconnect": could not find dataconnect.yaml in `d:\SEVANI\dataconnect`
 {"metadata":{"emulator":{"name":"dataconnect"},"message":"E0401 09:12:51.238054   20728 watch.go:40] Failed to load config from \"d:\\\\SEVANI\\\\dataconnect\": could not find dataconnect.yaml in `d:\\SEVANI\\dataconnect`\n"}}
[debug] [2026-04-01T02:13:01.238Z] E0401 09:13:01.238026   20728 watch.go:116] watchAllDir unable to walk dir `d:\SEVANI\dataconnect`: GetFileAttributesEx d:\SEVANI\dataconnect: The system cannot find the file specified.
 {"metadata":{"emulator":{"name":"dataconnect"},"message":"E0401 09:13:01.238026   20728 watch.go:116] watchAllDir unable to walk dir `d:\\SEVANI\\dataconnect`: GetFileAttributesEx d:\\SEVANI\\dataconnect: The system cannot find the file specified.\n"}}
[debug] [2026-04-01T02:13:01.240Z] E0401 09:13:01.240041   20728 watch.go:40] Failed to load config from "d:\\SEVANI\\dataconnect": could not find dataconnect.yaml in `d:\SEVANI\dataconnect`
 {"metadata":{"emulator":{"name":"dataconnect"},"message":"E0401 09:13:01.240041   20728 watch.go:40] Failed to load config from \"d:\\\\SEVANI\\\\dataconnect\": could not find dataconnect.yaml in `d:\\SEVANI\\dataconnect`\n"}}
[debug] [2026-04-01T02:13:11.239Z] E0401 09:13:11.238345   20728 watch.go:40] Failed to load config from "d:\\SEVANI\\dataconnect": could not find dataconnect.yaml in `d:\SEVANI\dataconnect`
 {"metadata":{"emulator":{"name":"dataconnect"},"message":"E0401 09:13:11.238345   20728 watch.go:40] Failed to load config from \"d:\\\\SEVANI\\\\dataconnect\": could not find dataconnect.yaml in `d:\\SEVANI\\dataconnect`\n"}}
[debug] [2026-04-01T02:13:21.239Z] E0401 09:13:21.238529   20728 watch.go:40] Failed to load config from "d:\\SEVANI\\dataconnect": could not find dataconnect.yaml in `d:\SEVANI\dataconnect`
 {"metadata":{"emulator":{"name":"dataconnect"},"message":"E0401 09:13:21.238529   20728 watch.go:40] Failed to load config from \"d:\\\\SEVANI\\\\dataconnect\": could not find dataconnect.yaml in `d:\\SEVANI\\dataconnect`\n"}}
[debug] [2026-04-01T02:13:31.238Z] E0401 09:13:31.238273   20728 watch.go:40] Failed to load config from "d:\\SEVANI\\dataconnect": could not find dataconnect.yaml in `d:\SEVANI\dataconnect`
 {"metadata":{"emulator":{"name":"dataconnect"},"message":"E0401 09:13:31.238273   20728 watch.go:40] Failed to load config from \"d:\\\\SEVANI\\\\dataconnect\": could not find dataconnect.yaml in `d:\\SEVANI\\dataconnect`\n"}}
[debug] [2026-04-01T02:13:41.242Z] E0401 09:13:41.242047   20728 watch.go:40] Failed to load config from "d:\\SEVANI\\dataconnect": could not find dataconnect.yaml in `d:\SEVANI\dataconnect`
 {"metadata":{"emulator":{"name":"dataconnect"},"message":"E0401 09:13:41.242047   20728 watch.go:40] Failed to load config from \"d:\\\\SEVANI\\\\dataconnect\": could not find dataconnect.yaml in `d:\\SEVANI\\dataconnect`\n"}}
[debug] [2026-04-01T02:13:51.239Z] E0401 09:13:51.239160   20728 watch.go:40] Failed to load config from "d:\\SEVANI\\dataconnect": could not find dataconnect.yaml in `d:\SEVANI\dataconnect`
 {"metadata":{"emulator":{"name":"dataconnect"},"message":"E0401 09:13:51.239160   20728 watch.go:40] Failed to load config from \"d:\\\\SEVANI\\\\dataconnect\": could not find dataconnect.yaml in `d:\\SEVANI\\dataconnect`\n"}}
[debug] [2026-04-01T02:14:01.239Z] E0401 09:14:01.239379   20728 watch.go:116] watchAllDir unable to walk dir `d:\SEVANI\dataconnect`: GetFileAttributesEx d:\SEVANI\dataconnect: The system cannot find the file specified.
 {"metadata":{"emulator":{"name":"dataconnect"},"message":"E0401 09:14:01.239379   20728 watch.go:116] watchAllDir unable to walk dir `d:\\SEVANI\\dataconnect`: GetFileAttributesEx d:\\SEVANI\\dataconnect: The system cannot find the file specified.\n"}}
[debug] [2026-04-01T02:14:01.240Z] E0401 09:14:01.240380   20728 watch.go:40] Failed to load config from "d:\\SEVANI\\dataconnect": could not find dataconnect.yaml in `d:\SEVANI\dataconnect`
 {"metadata":{"emulator":{"name":"dataconnect"},"message":"E0401 09:14:01.240380   20728 watch.go:40] Failed to load config from \"d:\\\\SEVANI\\\\dataconnect\": could not find dataconnect.yaml in `d:\\SEVANI\\dataconnect`\n"}}
[debug] [2026-04-01T02:14:11.238Z] E0401 09:14:11.238377   20728 watch.go:40] Failed to load config from "d:\\SEVANI\\dataconnect": could not find dataconnect.yaml in `d:\SEVANI\dataconnect`
 {"metadata":{"emulator":{"name":"dataconnect"},"message":"E0401 09:14:11.238377   20728 watch.go:40] Failed to load config from \"d:\\\\SEVANI\\\\dataconnect\": could not find dataconnect.yaml in `d:\\SEVANI\\dataconnect`\n"}}
[debug] [2026-04-01T02:14:21.238Z] E0401 09:14:21.238138   20728 watch.go:40] Failed to load config from "d:\\SEVANI\\dataconnect": could not find dataconnect.yaml in `d:\SEVANI\dataconnect`
 {"metadata":{"emulator":{"name":"dataconnect"},"message":"E0401 09:14:21.238138   20728 watch.go:40] Failed to load config from \"d:\\\\SEVANI\\\\dataconnect\": could not find dataconnect.yaml in `d:\\SEVANI\\dataconnect`\n"}}
[debug] [2026-04-01T02:14:31.243Z] E0401 09:14:31.242809   20728 watch.go:40] Failed to load config from "d:\\SEVANI\\dataconnect": could not find dataconnect.yaml in `d:\SEVANI\dataconnect`
 {"metadata":{"emulator":{"name":"dataconnect"},"message":"E0401 09:14:31.242809   20728 watch.go:40] Failed to load config from \"d:\\\\SEVANI\\\\dataconnect\": could not find dataconnect.yaml in `d:\\SEVANI\\dataconnect`\n"}}
[debug] [2026-04-01T02:14:41.239Z] E0401 09:14:41.238217   20728 watch.go:40] Failed to load config from "d:\\SEVANI\\dataconnect": could not find dataconnect.yaml in `d:\SEVANI\dataconnect`
 {"metadata":{"emulator":{"name":"dataconnect"},"message":"E0401 09:14:41.238217   20728 watch.go:40] Failed to load config from \"d:\\\\SEVANI\\\\dataconnect\": could not find dataconnect.yaml in `d:\\SEVANI\\dataconnect`\n"}}
[debug] [2026-04-01T02:14:51.239Z] E0401 09:14:51.238410   20728 watch.go:40] Failed to load config from "d:\\SEVANI\\dataconnect": could not find dataconnect.yaml in `d:\SEVANI\dataconnect`
 {"metadata":{"emulator":{"name":"dataconnect"},"message":"E0401 09:14:51.238410   20728 watch.go:40] Failed to load config from \"d:\\\\SEVANI\\\\dataconnect\": could not find dataconnect.yaml in `d:\\SEVANI\\dataconnect`\n"}}
[debug] [2026-04-01T02:15:01.239Z] E0401 09:15:01.238569   20728 watch.go:116] watchAllDir unable to walk dir `d:\SEVANI\dataconnect`: GetFileAttributesEx d:\SEVANI\dataconnect: The system cannot find the file specified.
 {"metadata":{"emulator":{"name":"dataconnect"},"message":"E0401 09:15:01.238569   20728 watch.go:116] watchAllDir unable to walk dir `d:\\SEVANI\\dataconnect`: GetFileAttributesEx d:\\SEVANI\\dataconnect: The system cannot find the file specified.\n"}}
[debug] [2026-04-01T02:15:01.240Z] E0401 09:15:01.240587   20728 watch.go:40] Failed to load config from "d:\\SEVANI\\dataconnect": could not find dataconnect.yaml in `d:\SEVANI\dataconnect`
 {"metadata":{"emulator":{"name":"dataconnect"},"message":"E0401 09:15:01.240587   20728 watch.go:40] Failed to load config from \"d:\\\\SEVANI\\\\dataconnect\": could not find dataconnect.yaml in `d:\\SEVANI\\dataconnect`\n"}}
[debug] [2026-04-01T02:15:11.239Z] E0401 09:15:11.239139   20728 watch.go:40] Failed to load config from "d:\\SEVANI\\dataconnect": could not find dataconnect.yaml in `d:\SEVANI\dataconnect`
 {"metadata":{"emulator":{"name":"dataconnect"},"message":"E0401 09:15:11.239139   20728 watch.go:40] Failed to load config from \"d:\\\\SEVANI\\\\dataconnect\": could not find dataconnect.yaml in `d:\\SEVANI\\dataconnect`\n"}}
[debug] [2026-04-01T02:15:21.238Z] E0401 09:15:21.238074   20728 watch.go:40] Failed to load config from "d:\\SEVANI\\dataconnect": could not find dataconnect.yaml in `d:\SEVANI\dataconnect`
 {"metadata":{"emulator":{"name":"dataconnect"},"message":"E0401 09:15:21.238074   20728 watch.go:40] Failed to load config from \"d:\\\\SEVANI\\\\dataconnect\": could not find dataconnect.yaml in `d:\\SEVANI\\dataconnect`\n"}}
[debug] [2026-04-01T02:15:31.239Z] E0401 09:15:31.238598   20728 watch.go:40] Failed to load config from "d:\\SEVANI\\dataconnect": could not find dataconnect.yaml in `d:\SEVANI\dataconnect`
 {"metadata":{"emulator":{"name":"dataconnect"},"message":"E0401 09:15:31.238598   20728 watch.go:40] Failed to load config from \"d:\\\\SEVANI\\\\dataconnect\": could not find dataconnect.yaml in `d:\\SEVANI\\dataconnect`\n"}}
[debug] [2026-04-01T02:15:41.238Z] E0401 09:15:41.238597   20728 watch.go:40] Failed to load config from "d:\\SEVANI\\dataconnect": could not find dataconnect.yaml in `d:\SEVANI\dataconnect`
 {"metadata":{"emulator":{"name":"dataconnect"},"message":"E0401 09:15:41.238597   20728 watch.go:40] Failed to load config from \"d:\\\\SEVANI\\\\dataconnect\": could not find dataconnect.yaml in `d:\\SEVANI\\dataconnect`\n"}}
[debug] [2026-04-01T02:15:51.240Z] E0401 09:15:51.238117   20728 watch.go:40] Failed to load config from "d:\\SEVANI\\dataconnect": could not find dataconnect.yaml in `d:\SEVANI\dataconnect`
 {"metadata":{"emulator":{"name":"dataconnect"},"message":"E0401 09:15:51.238117   20728 watch.go:40] Failed to load config from \"d:\\\\SEVANI\\\\dataconnect\": could not find dataconnect.yaml in `d:\\SEVANI\\dataconnect`\n"}}
[debug] [2026-04-01T02:16:01.238Z] E0401 09:16:01.238440   20728 watch.go:40] Failed to load config from "d:\\SEVANI\\dataconnect": could not find dataconnect.yaml in `d:\SEVANI\dataconnect`
E0401 09:16:01.238440   20728 watch.go:116] watchAllDir unable to walk dir `d:\SEVANI\dataconnect`: GetFileAttributesEx d:\SEVANI\dataconnect: The system cannot find the file specified.
 {"metadata":{"emulator":{"name":"dataconnect"},"message":"E0401 09:16:01.238440   20728 watch.go:40] Failed to load config from \"d:\\\\SEVANI\\\\dataconnect\": could not find dataconnect.yaml in `d:\\SEVANI\\dataconnect`\nE0401 09:16:01.238440   20728 watch.go:116] watchAllDir unable to walk dir `d:\\SEVANI\\dataconnect`: GetFileAttributesEx d:\\SEVANI\\dataconnect: The system cannot find the file specified.\n"}}
[debug] [2026-04-01T02:16:11.238Z] E0401 09:16:11.238548   20728 watch.go:40] Failed to load config from "d:\\SEVANI\\dataconnect": could not find dataconnect.yaml in `d:\SEVANI\dataconnect`
 {"metadata":{"emulator":{"name":"dataconnect"},"message":"E0401 09:16:11.238548   20728 watch.go:40] Failed to load config from \"d:\\\\SEVANI\\\\dataconnect\": could not find dataconnect.yaml in `d:\\SEVANI\\dataconnect`\n"}}
[debug] [2026-04-01T02:16:21.239Z] E0401 09:16:21.238299   20728 watch.go:40] Failed to load config from "d:\\SEVANI\\dataconnect": could not find dataconnect.yaml in `d:\SEVANI\dataconnect`
 {"metadata":{"emulator":{"name":"dataconnect"},"message":"E0401 09:16:21.238299   20728 watch.go:40] Failed to load config from \"d:\\\\SEVANI\\\\dataconnect\": could not find dataconnect.yaml in `d:\\SEVANI\\dataconnect`\n"}}
[debug] [2026-04-01T02:16:31.238Z] E0401 09:16:31.237956   20728 watch.go:40] Failed to load config from "d:\\SEVANI\\dataconnect": could not find dataconnect.yaml in `d:\SEVANI\dataconnect`
 {"metadata":{"emulator":{"name":"dataconnect"},"message":"E0401 09:16:31.237956   20728 watch.go:40] Failed to load config from \"d:\\\\SEVANI\\\\dataconnect\": could not find dataconnect.yaml in `d:\\SEVANI\\dataconnect`\n"}}
[debug] [2026-04-01T02:16:41.239Z] E0401 09:16:41.238693   20728 watch.go:40] Failed to load config from "d:\\SEVANI\\dataconnect": could not find dataconnect.yaml in `d:\SEVANI\dataconnect`
 {"metadata":{"emulator":{"name":"dataconnect"},"message":"E0401 09:16:41.238693   20728 watch.go:40] Failed to load config from \"d:\\\\SEVANI\\\\dataconnect\": could not find dataconnect.yaml in `d:\\SEVANI\\dataconnect`\n"}}
[debug] [2026-04-01T02:16:51.238Z] E0401 09:16:51.238430   20728 watch.go:40] Failed to load config from "d:\\SEVANI\\dataconnect": could not find dataconnect.yaml in `d:\SEVANI\dataconnect`
 {"metadata":{"emulator":{"name":"dataconnect"},"message":"E0401 09:16:51.238430   20728 watch.go:40] Failed to load config from \"d:\\\\SEVANI\\\\dataconnect\": could not find dataconnect.yaml in `d:\\SEVANI\\dataconnect`\n"}}
[debug] [2026-04-01T02:17:01.238Z] E0401 09:17:01.237948   20728 watch.go:116] watchAllDir unable to walk dir `d:\SEVANI\dataconnect`: GetFileAttributesEx d:\SEVANI\dataconnect: The system cannot find the file specified.
 {"metadata":{"emulator":{"name":"dataconnect"},"message":"E0401 09:17:01.237948   20728 watch.go:116] watchAllDir unable to walk dir `d:\\SEVANI\\dataconnect`: GetFileAttributesEx d:\\SEVANI\\dataconnect: The system cannot find the file specified.\n"}}
[debug] [2026-04-01T02:17:01.239Z] E0401 09:17:01.237948   20728 watch.go:40] Failed to load config from "d:\\SEVANI\\dataconnect": could not find dataconnect.yaml in `d:\SEVANI\dataconnect`
 {"metadata":{"emulator":{"name":"dataconnect"},"message":"E0401 09:17:01.237948   20728 watch.go:40] Failed to load config from \"d:\\\\SEVANI\\\\dataconnect\": could not find dataconnect.yaml in `d:\\SEVANI\\dataconnect`\n"}}
[debug] [2026-04-01T02:17:11.239Z] E0401 09:17:11.238681   20728 watch.go:40] Failed to load config from "d:\\SEVANI\\dataconnect": could not find dataconnect.yaml in `d:\SEVANI\dataconnect`
 {"metadata":{"emulator":{"name":"dataconnect"},"message":"E0401 09:17:11.238681   20728 watch.go:40] Failed to load config from \"d:\\\\SEVANI\\\\dataconnect\": could not find dataconnect.yaml in `d:\\SEVANI\\dataconnect`\n"}}
[debug] [2026-04-01T02:17:21.239Z] E0401 09:17:21.238689   20728 watch.go:40] Failed to load config from "d:\\SEVANI\\dataconnect": could not find dataconnect.yaml in `d:\SEVANI\dataconnect`
 {"metadata":{"emulator":{"name":"dataconnect"},"message":"E0401 09:17:21.238689   20728 watch.go:40] Failed to load config from \"d:\\\\SEVANI\\\\dataconnect\": could not find dataconnect.yaml in `d:\\SEVANI\\dataconnect`\n"}}
[debug] [2026-04-01T02:17:31.238Z] E0401 09:17:31.238394   20728 watch.go:40] Failed to load config from "d:\\SEVANI\\dataconnect": could not find dataconnect.yaml in `d:\SEVANI\dataconnect`
 {"metadata":{"emulator":{"name":"dataconnect"},"message":"E0401 09:17:31.238394   20728 watch.go:40] Failed to load config from \"d:\\\\SEVANI\\\\dataconnect\": could not find dataconnect.yaml in `d:\\SEVANI\\dataconnect`\n"}}
[debug] [2026-04-01T02:17:41.238Z] E0401 09:17:41.238260   20728 watch.go:40] Failed to load config from "d:\\SEVANI\\dataconnect": could not find dataconnect.yaml in `d:\SEVANI\dataconnect`
 {"metadata":{"emulator":{"name":"dataconnect"},"message":"E0401 09:17:41.238260   20728 watch.go:40] Failed to load config from \"d:\\\\SEVANI\\\\dataconnect\": could not find dataconnect.yaml in `d:\\SEVANI\\dataconnect`\n"}}
[debug] [2026-04-01T02:17:51.239Z] E0401 09:17:51.239081   20728 watch.go:40] Failed to load config from "d:\\SEVANI\\dataconnect": could not find dataconnect.yaml in `d:\SEVANI\dataconnect`
 {"metadata":{"emulator":{"name":"dataconnect"},"message":"E0401 09:17:51.239081   20728 watch.go:40] Failed to load config from \"d:\\\\SEVANI\\\\dataconnect\": could not find dataconnect.yaml in `d:\\SEVANI\\dataconnect`\n"}}
[debug] [2026-04-01T02:18:01.238Z] E0401 09:18:01.238014   20728 watch.go:116] watchAllDir unable to walk dir `d:\SEVANI\dataconnect`: GetFileAttributesEx d:\SEVANI\dataconnect: The system cannot find the file specified.
E0401 09:18:01.238014   20728 watch.go:40] Failed to load config from "d:\\SEVANI\\dataconnect": could not find dataconnect.yaml in `d:\SEVANI\dataconnect`
 {"metadata":{"emulator":{"name":"dataconnect"},"message":"E0401 09:18:01.238014   20728 watch.go:116] watchAllDir unable to walk dir `d:\\SEVANI\\dataconnect`: GetFileAttributesEx d:\\SEVANI\\dataconnect: The system cannot find the file specified.\nE0401 09:18:01.238014   20728 watch.go:40] Failed to load config from \"d:\\\\SEVANI\\\\dataconnect\": could not find dataconnect.yaml in `d:\\SEVANI\\dataconnect`\n"}}
[debug] [2026-04-01T02:18:11.238Z] E0401 09:18:11.238114   20728 watch.go:40] Failed to load config from "d:\\SEVANI\\dataconnect": could not find dataconnect.yaml in `d:\SEVANI\dataconnect`
 {"metadata":{"emulator":{"name":"dataconnect"},"message":"E0401 09:18:11.238114   20728 watch.go:40] Failed to load config from \"d:\\\\SEVANI\\\\dataconnect\": could not find dataconnect.yaml in `d:\\SEVANI\\dataconnect`\n"}}
[debug] [2026-04-01T02:18:21.239Z] E0401 09:18:21.238841   20728 watch.go:40] Failed to load config from "d:\\SEVANI\\dataconnect": could not find dataconnect.yaml in `d:\SEVANI\dataconnect`
 {"metadata":{"emulator":{"name":"dataconnect"},"message":"E0401 09:18:21.238841   20728 watch.go:40] Failed to load config from \"d:\\\\SEVANI\\\\dataconnect\": could not find dataconnect.yaml in `d:\\SEVANI\\dataconnect`\n"}}
[debug] [2026-04-01T02:18:31.239Z] E0401 09:18:31.238682   20728 watch.go:40] Failed to load config from "d:\\SEVANI\\dataconnect": could not find dataconnect.yaml in `d:\SEVANI\dataconnect`
 {"metadata":{"emulator":{"name":"dataconnect"},"message":"E0401 09:18:31.238682   20728 watch.go:40] Failed to load config from \"d:\\\\SEVANI\\\\dataconnect\": could not find dataconnect.yaml in `d:\\SEVANI\\dataconnect`\n"}}
[debug] [2026-04-01T02:18:41.239Z] E0401 09:18:41.238442   20728 watch.go:40] Failed to load config from "d:\\SEVANI\\dataconnect": could not find dataconnect.yaml in `d:\SEVANI\dataconnect`
 {"metadata":{"emulator":{"name":"dataconnect"},"message":"E0401 09:18:41.238442   20728 watch.go:40] Failed to load config from \"d:\\\\SEVANI\\\\dataconnect\": could not find dataconnect.yaml in `d:\\SEVANI\\dataconnect`\n"}}
[debug] [2026-04-01T02:18:51.238Z] E0401 09:18:51.238253   20728 watch.go:40] Failed to load config from "d:\\SEVANI\\dataconnect": could not find dataconnect.yaml in `d:\SEVANI\dataconnect`
 {"metadata":{"emulator":{"name":"dataconnect"},"message":"E0401 09:18:51.238253   20728 watch.go:40] Failed to load config from \"d:\\\\SEVANI\\\\dataconnect\": could not find dataconnect.yaml in `d:\\SEVANI\\dataconnect`\n"}}
[debug] [2026-04-01T02:19:01.239Z] E0401 09:19:01.238721   20728 watch.go:116] watchAllDir unable to walk dir `d:\SEVANI\dataconnect`: GetFileAttributesEx d:\SEVANI\dataconnect: The system cannot find the file specified.
E0401 09:19:01.238721   20728 watch.go:40] Failed to load config from "d:\\SEVANI\\dataconnect": could not find dataconnect.yaml in `d:\SEVANI\dataconnect`
 {"metadata":{"emulator":{"name":"dataconnect"},"message":"E0401 09:19:01.238721   20728 watch.go:116] watchAllDir unable to walk dir `d:\\SEVANI\\dataconnect`: GetFileAttributesEx d:\\SEVANI\\dataconnect: The system cannot find the file specified.\nE0401 09:19:01.238721   20728 watch.go:40] Failed to load config from \"d:\\\\SEVANI\\\\dataconnect\": could not find dataconnect.yaml in `d:\\SEVANI\\dataconnect`\n"}}
[debug] [2026-04-01T02:19:11.239Z] E0401 09:19:11.239019   20728 watch.go:40] Failed to load config from "d:\\SEVANI\\dataconnect": could not find dataconnect.yaml in `d:\SEVANI\dataconnect`
 {"metadata":{"emulator":{"name":"dataconnect"},"message":"E0401 09:19:11.239019   20728 watch.go:40] Failed to load config from \"d:\\\\SEVANI\\\\dataconnect\": could not find dataconnect.yaml in `d:\\SEVANI\\dataconnect`\n"}}
[debug] [2026-04-01T02:19:21.239Z] E0401 09:19:21.238865   20728 watch.go:40] Failed to load config from "d:\\SEVANI\\dataconnect": could not find dataconnect.yaml in `d:\SEVANI\dataconnect`
 {"metadata":{"emulator":{"name":"dataconnect"},"message":"E0401 09:19:21.238865   20728 watch.go:40] Failed to load config from \"d:\\\\SEVANI\\\\dataconnect\": could not find dataconnect.yaml in `d:\\SEVANI\\dataconnect`\n"}}
[debug] [2026-04-01T02:19:31.238Z] E0401 09:19:31.238249   20728 watch.go:40] Failed to load config from "d:\\SEVANI\\dataconnect": could not find dataconnect.yaml in `d:\SEVANI\dataconnect`
 {"metadata":{"emulator":{"name":"dataconnect"},"message":"E0401 09:19:31.238249   20728 watch.go:40] Failed to load config from \"d:\\\\SEVANI\\\\dataconnect\": could not find dataconnect.yaml in `d:\\SEVANI\\dataconnect`\n"}}
[debug] [2026-04-01T02:19:41.238Z] E0401 09:19:41.238653   20728 watch.go:40] Failed to load config from "d:\\SEVANI\\dataconnect": could not find dataconnect.yaml in `d:\SEVANI\dataconnect`
 {"metadata":{"emulator":{"name":"dataconnect"},"message":"E0401 09:19:41.238653   20728 watch.go:40] Failed to load config from \"d:\\\\SEVANI\\\\dataconnect\": could not find dataconnect.yaml in `d:\\SEVANI\\dataconnect`\n"}}
[debug] [2026-04-01T02:19:51.244Z] E0401 09:19:51.244409   20728 watch.go:40] Failed to load config from "d:\\SEVANI\\dataconnect": could not find dataconnect.yaml in `d:\SEVANI\dataconnect`
 {"metadata":{"emulator":{"name":"dataconnect"},"message":"E0401 09:19:51.244409   20728 watch.go:40] Failed to load config from \"d:\\\\SEVANI\\\\dataconnect\": could not find dataconnect.yaml in `d:\\SEVANI\\dataconnect`\n"}}
[debug] [2026-04-01T02:20:01.293Z] E0401 09:20:01.293770   20728 watch.go:116] watchAllDir unable to walk dir `d:\SEVANI\dataconnect`: GetFileAttributesEx d:\SEVANI\dataconnect: The system cannot find the file specified.
E0401 09:20:01.293770   20728 watch.go:40] Failed to load config from "d:\\SEVANI\\dataconnect": could not find dataconnect.yaml in `d:\SEVANI\dataconnect`
 {"metadata":{"emulator":{"name":"dataconnect"},"message":"E0401 09:20:01.293770   20728 watch.go:116] watchAllDir unable to walk dir `d:\\SEVANI\\dataconnect`: GetFileAttributesEx d:\\SEVANI\\dataconnect: The system cannot find the file specified.\nE0401 09:20:01.293770   20728 watch.go:40] Failed to load config from \"d:\\\\SEVANI\\\\dataconnect\": could not find dataconnect.yaml in `d:\\SEVANI\\dataconnect`\n"}}
[debug] [2026-04-01T02:20:11.238Z] E0401 09:20:11.238536   20728 watch.go:40] Failed to load config from "d:\\SEVANI\\dataconnect": could not find dataconnect.yaml in `d:\SEVANI\dataconnect`
 {"metadata":{"emulator":{"name":"dataconnect"},"message":"E0401 09:20:11.238536   20728 watch.go:40] Failed to load config from \"d:\\\\SEVANI\\\\dataconnect\": could not find dataconnect.yaml in `d:\\SEVANI\\dataconnect`\n"}}
[debug] [2026-04-01T02:20:21.238Z] E0401 09:20:21.238156   20728 watch.go:40] Failed to load config from "d:\\SEVANI\\dataconnect": could not find dataconnect.yaml in `d:\SEVANI\dataconnect`
 {"metadata":{"emulator":{"name":"dataconnect"},"message":"E0401 09:20:21.238156   20728 watch.go:40] Failed to load config from \"d:\\\\SEVANI\\\\dataconnect\": could not find dataconnect.yaml in `d:\\SEVANI\\dataconnect`\n"}}
[debug] [2026-04-01T02:20:31.238Z] E0401 09:20:31.238308   20728 watch.go:40] Failed to load config from "d:\\SEVANI\\dataconnect": could not find dataconnect.yaml in `d:\SEVANI\dataconnect`
 {"metadata":{"emulator":{"name":"dataconnect"},"message":"E0401 09:20:31.238308   20728 watch.go:40] Failed to load config from \"d:\\\\SEVANI\\\\dataconnect\": could not find dataconnect.yaml in `d:\\SEVANI\\dataconnect`\n"}}
[debug] [2026-04-01T02:20:41.238Z] E0401 09:20:41.238297   20728 watch.go:40] Failed to load config from "d:\\SEVANI\\dataconnect": could not find dataconnect.yaml in `d:\SEVANI\dataconnect`
 {"metadata":{"emulator":{"name":"dataconnect"},"message":"E0401 09:20:41.238297   20728 watch.go:40] Failed to load config from \"d:\\\\SEVANI\\\\dataconnect\": could not find dataconnect.yaml in `d:\\SEVANI\\dataconnect`\n"}}
[debug] [2026-04-01T02:20:51.237Z] E0401 09:20:51.238135   20728 watch.go:40] Failed to load config from "d:\\SEVANI\\dataconnect": could not find dataconnect.yaml in `d:\SEVANI\dataconnect`
 {"metadata":{"emulator":{"name":"dataconnect"},"message":"E0401 09:20:51.238135   20728 watch.go:40] Failed to load config from \"d:\\\\SEVANI\\\\dataconnect\": could not find dataconnect.yaml in `d:\\SEVANI\\dataconnect`\n"}}
[debug] [2026-04-01T02:21:01.238Z] E0401 09:21:01.238529   20728 watch.go:116] watchAllDir unable to walk dir `d:\SEVANI\dataconnect`: GetFileAttributesEx d:\SEVANI\dataconnect: The system cannot find the file specified.
 {"metadata":{"emulator":{"name":"dataconnect"},"message":"E0401 09:21:01.238529   20728 watch.go:116] watchAllDir unable to walk dir `d:\\SEVANI\\dataconnect`: GetFileAttributesEx d:\\SEVANI\\dataconnect: The system cannot find the file specified.\n"}}
[debug] [2026-04-01T02:21:01.239Z] E0401 09:21:01.240051   20728 watch.go:40] Failed to load config from "d:\\SEVANI\\dataconnect": could not find dataconnect.yaml in `d:\SEVANI\dataconnect`
 {"metadata":{"emulator":{"name":"dataconnect"},"message":"E0401 09:21:01.240051   20728 watch.go:40] Failed to load config from \"d:\\\\SEVANI\\\\dataconnect\": could not find dataconnect.yaml in `d:\\SEVANI\\dataconnect`\n"}}
[debug] [2026-04-01T02:21:11.238Z] E0401 09:21:11.238274   20728 watch.go:40] Failed to load config from "d:\\SEVANI\\dataconnect": could not find dataconnect.yaml in `d:\SEVANI\dataconnect`
 {"metadata":{"emulator":{"name":"dataconnect"},"message":"E0401 09:21:11.238274   20728 watch.go:40] Failed to load config from \"d:\\\\SEVANI\\\\dataconnect\": could not find dataconnect.yaml in `d:\\SEVANI\\dataconnect`\n"}}
[debug] [2026-04-01T02:21:21.238Z] E0401 09:21:21.237975   20728 watch.go:40] Failed to load config from "d:\\SEVANI\\dataconnect": could not find dataconnect.yaml in `d:\SEVANI\dataconnect`
 {"metadata":{"emulator":{"name":"dataconnect"},"message":"E0401 09:21:21.237975   20728 watch.go:40] Failed to load config from \"d:\\\\SEVANI\\\\dataconnect\": could not find dataconnect.yaml in `d:\\SEVANI\\dataconnect`\n"}}
[debug] [2026-04-01T02:21:31.238Z] E0401 09:21:31.237861   20728 watch.go:40] Failed to load config from "d:\\SEVANI\\dataconnect": could not find dataconnect.yaml in `d:\SEVANI\dataconnect`
 {"metadata":{"emulator":{"name":"dataconnect"},"message":"E0401 09:21:31.237861   20728 watch.go:40] Failed to load config from \"d:\\\\SEVANI\\\\dataconnect\": could not find dataconnect.yaml in `d:\\SEVANI\\dataconnect`\n"}}
[debug] [2026-04-01T02:21:41.238Z] E0401 09:21:41.238524   20728 watch.go:40] Failed to load config from "d:\\SEVANI\\dataconnect": could not find dataconnect.yaml in `d:\SEVANI\dataconnect`
 {"metadata":{"emulator":{"name":"dataconnect"},"message":"E0401 09:21:41.238524   20728 watch.go:40] Failed to load config from \"d:\\\\SEVANI\\\\dataconnect\": could not find dataconnect.yaml in `d:\\SEVANI\\dataconnect`\n"}}
[debug] [2026-04-01T02:21:51.239Z] E0401 09:21:51.239323   20728 watch.go:40] Failed to load config from "d:\\SEVANI\\dataconnect": could not find dataconnect.yaml in `d:\SEVANI\dataconnect`
 {"metadata":{"emulator":{"name":"dataconnect"},"message":"E0401 09:21:51.239323   20728 watch.go:40] Failed to load config from \"d:\\\\SEVANI\\\\dataconnect\": could not find dataconnect.yaml in `d:\\SEVANI\\dataconnect`\n"}}
[debug] [2026-04-01T02:22:01.239Z] E0401 09:22:01.239313   20728 watch.go:116] watchAllDir unable to walk dir `d:\SEVANI\dataconnect`: GetFileAttributesEx d:\SEVANI\dataconnect: The system cannot find the file specified.
 {"metadata":{"emulator":{"name":"dataconnect"},"message":"E0401 09:22:01.239313   20728 watch.go:116] watchAllDir unable to walk dir `d:\\SEVANI\\dataconnect`: GetFileAttributesEx d:\\SEVANI\\dataconnect: The system cannot find the file specified.\n"}}
[debug] [2026-04-01T02:22:01.241Z] E0401 09:22:01.241332   20728 watch.go:40] Failed to load config from "d:\\SEVANI\\dataconnect": could not find dataconnect.yaml in `d:\SEVANI\dataconnect`
 {"metadata":{"emulator":{"name":"dataconnect"},"message":"E0401 09:22:01.241332   20728 watch.go:40] Failed to load config from \"d:\\\\SEVANI\\\\dataconnect\": could not find dataconnect.yaml in `d:\\SEVANI\\dataconnect`\n"}}
[debug] [2026-04-01T02:22:11.238Z] E0401 09:22:11.238400   20728 watch.go:40] Failed to load config from "d:\\SEVANI\\dataconnect": could not find dataconnect.yaml in `d:\SEVANI\dataconnect`
 {"metadata":{"emulator":{"name":"dataconnect"},"message":"E0401 09:22:11.238400   20728 watch.go:40] Failed to load config from \"d:\\\\SEVANI\\\\dataconnect\": could not find dataconnect.yaml in `d:\\SEVANI\\dataconnect`\n"}}
[debug] [2026-04-01T02:22:21.238Z] E0401 09:22:21.238583   20728 watch.go:40] Failed to load config from "d:\\SEVANI\\dataconnect": could not find dataconnect.yaml in `d:\SEVANI\dataconnect`
 {"metadata":{"emulator":{"name":"dataconnect"},"message":"E0401 09:22:21.238583   20728 watch.go:40] Failed to load config from \"d:\\\\SEVANI\\\\dataconnect\": could not find dataconnect.yaml in `d:\\SEVANI\\dataconnect`\n"}}
[debug] [2026-04-01T02:22:31.237Z] E0401 09:22:31.237968   20728 watch.go:40] Failed to load config from "d:\\SEVANI\\dataconnect": could not find dataconnect.yaml in `d:\SEVANI\dataconnect`
 {"metadata":{"emulator":{"name":"dataconnect"},"message":"E0401 09:22:31.237968   20728 watch.go:40] Failed to load config from \"d:\\\\SEVANI\\\\dataconnect\": could not find dataconnect.yaml in `d:\\SEVANI\\dataconnect`\n"}}
[debug] [2026-04-01T02:22:41.238Z] E0401 09:22:41.238880   20728 watch.go:40] Failed to load config from "d:\\SEVANI\\dataconnect": could not find dataconnect.yaml in `d:\SEVANI\dataconnect`
 {"metadata":{"emulator":{"name":"dataconnect"},"message":"E0401 09:22:41.238880   20728 watch.go:40] Failed to load config from \"d:\\\\SEVANI\\\\dataconnect\": could not find dataconnect.yaml in `d:\\SEVANI\\dataconnect`\n"}}
[debug] [2026-04-01T02:22:51.238Z] E0401 09:22:51.237982   20728 watch.go:40] Failed to load config from "d:\\SEVANI\\dataconnect": could not find dataconnect.yaml in `d:\SEVANI\dataconnect`
 {"metadata":{"emulator":{"name":"dataconnect"},"message":"E0401 09:22:51.237982   20728 watch.go:40] Failed to load config from \"d:\\\\SEVANI\\\\dataconnect\": could not find dataconnect.yaml in `d:\\SEVANI\\dataconnect`\n"}}
[debug] [2026-04-01T02:23:01.240Z] E0401 09:23:01.239290   20728 watch.go:116] watchAllDir unable to walk dir `d:\SEVANI\dataconnect`: GetFileAttributesEx d:\SEVANI\dataconnect: The system cannot find the file specified.
 {"metadata":{"emulator":{"name":"dataconnect"},"message":"E0401 09:23:01.239290   20728 watch.go:116] watchAllDir unable to walk dir `d:\\SEVANI\\dataconnect`: GetFileAttributesEx d:\\SEVANI\\dataconnect: The system cannot find the file specified.\n"}}
[debug] [2026-04-01T02:23:01.241Z] E0401 09:23:01.240516   20728 watch.go:40] Failed to load config from "d:\\SEVANI\\dataconnect": could not find dataconnect.yaml in `d:\SEVANI\dataconnect`
 {"metadata":{"emulator":{"name":"dataconnect"},"message":"E0401 09:23:01.240516   20728 watch.go:40] Failed to load config from \"d:\\\\SEVANI\\\\dataconnect\": could not find dataconnect.yaml in `d:\\SEVANI\\dataconnect`\n"}}
[debug] [2026-04-01T02:23:11.239Z] E0401 09:23:11.239071   20728 watch.go:40] Failed to load config from "d:\\SEVANI\\dataconnect": could not find dataconnect.yaml in `d:\SEVANI\dataconnect`
 {"metadata":{"emulator":{"name":"dataconnect"},"message":"E0401 09:23:11.239071   20728 watch.go:40] Failed to load config from \"d:\\\\SEVANI\\\\dataconnect\": could not find dataconnect.yaml in `d:\\SEVANI\\dataconnect`\n"}}
[debug] [2026-04-01T02:23:21.237Z] E0401 09:23:21.237838   20728 watch.go:40] Failed to load config from "d:\\SEVANI\\dataconnect": could not find dataconnect.yaml in `d:\SEVANI\dataconnect`
 {"metadata":{"emulator":{"name":"dataconnect"},"message":"E0401 09:23:21.237838   20728 watch.go:40] Failed to load config from \"d:\\\\SEVANI\\\\dataconnect\": could not find dataconnect.yaml in `d:\\SEVANI\\dataconnect`\n"}}
[debug] [2026-04-01T02:23:31.239Z] E0401 09:23:31.238218   20728 watch.go:40] Failed to load config from "d:\\SEVANI\\dataconnect": could not find dataconnect.yaml in `d:\SEVANI\dataconnect`
 {"metadata":{"emulator":{"name":"dataconnect"},"message":"E0401 09:23:31.238218   20728 watch.go:40] Failed to load config from \"d:\\\\SEVANI\\\\dataconnect\": could not find dataconnect.yaml in `d:\\SEVANI\\dataconnect`\n"}}
[debug] [2026-04-01T02:23:41.238Z] E0401 09:23:41.238801   20728 watch.go:40] Failed to load config from "d:\\SEVANI\\dataconnect": could not find dataconnect.yaml in `d:\SEVANI\dataconnect`
 {"metadata":{"emulator":{"name":"dataconnect"},"message":"E0401 09:23:41.238801   20728 watch.go:40] Failed to load config from \"d:\\\\SEVANI\\\\dataconnect\": could not find dataconnect.yaml in `d:\\SEVANI\\dataconnect`\n"}}
[debug] [2026-04-01T02:23:51.237Z] E0401 09:23:51.237864   20728 watch.go:40] Failed to load config from "d:\\SEVANI\\dataconnect": could not find dataconnect.yaml in `d:\SEVANI\dataconnect`
 {"metadata":{"emulator":{"name":"dataconnect"},"message":"E0401 09:23:51.237864   20728 watch.go:40] Failed to load config from \"d:\\\\SEVANI\\\\dataconnect\": could not find dataconnect.yaml in `d:\\SEVANI\\dataconnect`\n"}}
[debug] [2026-04-01T02:24:01.238Z] E0401 09:24:01.238428   20728 watch.go:116] watchAllDir unable to walk dir `d:\SEVANI\dataconnect`: GetFileAttributesEx d:\SEVANI\dataconnect: The system cannot find the file specified.
 {"metadata":{"emulator":{"name":"dataconnect"},"message":"E0401 09:24:01.238428   20728 watch.go:116] watchAllDir unable to walk dir `d:\\SEVANI\\dataconnect`: GetFileAttributesEx d:\\SEVANI\\dataconnect: The system cannot find the file specified.\n"}}
[debug] [2026-04-01T02:24:01.240Z] E0401 09:24:01.239826   20728 watch.go:40] Failed to load config from "d:\\SEVANI\\dataconnect": could not find dataconnect.yaml in `d:\SEVANI\dataconnect`
 {"metadata":{"emulator":{"name":"dataconnect"},"message":"E0401 09:24:01.239826   20728 watch.go:40] Failed to load config from \"d:\\\\SEVANI\\\\dataconnect\": could not find dataconnect.yaml in `d:\\SEVANI\\dataconnect`\n"}}
[debug] [2026-04-01T02:24:11.238Z] E0401 09:24:11.238188   20728 watch.go:40] Failed to load config from "d:\\SEVANI\\dataconnect": could not find dataconnect.yaml in `d:\SEVANI\dataconnect`
 {"metadata":{"emulator":{"name":"dataconnect"},"message":"E0401 09:24:11.238188   20728 watch.go:40] Failed to load config from \"d:\\\\SEVANI\\\\dataconnect\": could not find dataconnect.yaml in `d:\\SEVANI\\dataconnect`\n"}}
[debug] [2026-04-01T02:24:21.238Z] E0401 09:24:21.238039   20728 watch.go:40] Failed to load config from "d:\\SEVANI\\dataconnect": could not find dataconnect.yaml in `d:\SEVANI\dataconnect`
 {"metadata":{"emulator":{"name":"dataconnect"},"message":"E0401 09:24:21.238039   20728 watch.go:40] Failed to load config from \"d:\\\\SEVANI\\\\dataconnect\": could not find dataconnect.yaml in `d:\\SEVANI\\dataconnect`\n"}}
[debug] [2026-04-01T02:24:31.238Z] E0401 09:24:31.237979   20728 watch.go:40] Failed to load config from "d:\\SEVANI\\dataconnect": could not find dataconnect.yaml in `d:\SEVANI\dataconnect`
 {"metadata":{"emulator":{"name":"dataconnect"},"message":"E0401 09:24:31.237979   20728 watch.go:40] Failed to load config from \"d:\\\\SEVANI\\\\dataconnect\": could not find dataconnect.yaml in `d:\\SEVANI\\dataconnect`\n"}}
[debug] [2026-04-01T02:24:41.238Z] E0401 09:24:41.238635   20728 watch.go:40] Failed to load config from "d:\\SEVANI\\dataconnect": could not find dataconnect.yaml in `d:\SEVANI\dataconnect`
 {"metadata":{"emulator":{"name":"dataconnect"},"message":"E0401 09:24:41.238635   20728 watch.go:40] Failed to load config from \"d:\\\\SEVANI\\\\dataconnect\": could not find dataconnect.yaml in `d:\\SEVANI\\dataconnect`\n"}}
[debug] [2026-04-01T02:24:51.239Z] E0401 09:24:51.238798   20728 watch.go:40] Failed to load config from "d:\\SEVANI\\dataconnect": could not find dataconnect.yaml in `d:\SEVANI\dataconnect`
 {"metadata":{"emulator":{"name":"dataconnect"},"message":"E0401 09:24:51.238798   20728 watch.go:40] Failed to load config from \"d:\\\\SEVANI\\\\dataconnect\": could not find dataconnect.yaml in `d:\\SEVANI\\dataconnect`\n"}}
[debug] [2026-04-01T02:25:01.238Z] E0401 09:25:01.238004   20728 watch.go:116] watchAllDir unable to walk dir `d:\SEVANI\dataconnect`: GetFileAttributesEx d:\SEVANI\dataconnect: The system cannot find the file specified.
 {"metadata":{"emulator":{"name":"dataconnect"},"message":"E0401 09:25:01.238004   20728 watch.go:116] watchAllDir unable to walk dir `d:\\SEVANI\\dataconnect`: GetFileAttributesEx d:\\SEVANI\\dataconnect: The system cannot find the file specified.\n"}}
[debug] [2026-04-01T02:25:01.240Z] E0401 09:25:01.240110   20728 watch.go:40] Failed to load config from "d:\\SEVANI\\dataconnect": could not find dataconnect.yaml in `d:\SEVANI\dataconnect`
 {"metadata":{"emulator":{"name":"dataconnect"},"message":"E0401 09:25:01.240110   20728 watch.go:40] Failed to load config from \"d:\\\\SEVANI\\\\dataconnect\": could not find dataconnect.yaml in `d:\\SEVANI\\dataconnect`\n"}}
[debug] [2026-04-01T02:25:11.238Z] E0401 09:25:11.238060   20728 watch.go:40] Failed to load config from "d:\\SEVANI\\dataconnect": could not find dataconnect.yaml in `d:\SEVANI\dataconnect`
 {"metadata":{"emulator":{"name":"dataconnect"},"message":"E0401 09:25:11.238060   20728 watch.go:40] Failed to load config from \"d:\\\\SEVANI\\\\dataconnect\": could not find dataconnect.yaml in `d:\\SEVANI\\dataconnect`\n"}}
[debug] [2026-04-01T02:25:21.239Z] E0401 09:25:21.238599   20728 watch.go:40] Failed to load config from "d:\\SEVANI\\dataconnect": could not find dataconnect.yaml in `d:\SEVANI\dataconnect`
 {"metadata":{"emulator":{"name":"dataconnect"},"message":"E0401 09:25:21.238599   20728 watch.go:40] Failed to load config from \"d:\\\\SEVANI\\\\dataconnect\": could not find dataconnect.yaml in `d:\\SEVANI\\dataconnect`\n"}}
[debug] [2026-04-01T02:25:31.238Z] E0401 09:25:31.238297   20728 watch.go:40] Failed to load config from "d:\\SEVANI\\dataconnect": could not find dataconnect.yaml in `d:\SEVANI\dataconnect`
 {"metadata":{"emulator":{"name":"dataconnect"},"message":"E0401 09:25:31.238297   20728 watch.go:40] Failed to load config from \"d:\\\\SEVANI\\\\dataconnect\": could not find dataconnect.yaml in `d:\\SEVANI\\dataconnect`\n"}}
[debug] [2026-04-01T02:25:41.240Z] E0401 09:25:41.240450   20728 watch.go:40] Failed to load config from "d:\\SEVANI\\dataconnect": could not find dataconnect.yaml in `d:\SEVANI\dataconnect`
 {"metadata":{"emulator":{"name":"dataconnect"},"message":"E0401 09:25:41.240450   20728 watch.go:40] Failed to load config from \"d:\\\\SEVANI\\\\dataconnect\": could not find dataconnect.yaml in `d:\\SEVANI\\dataconnect`\n"}}
[debug] [2026-04-01T02:25:51.239Z] E0401 09:25:51.239008   20728 watch.go:40] Failed to load config from "d:\\SEVANI\\dataconnect": could not find dataconnect.yaml in `d:\SEVANI\dataconnect`
 {"metadata":{"emulator":{"name":"dataconnect"},"message":"E0401 09:25:51.239008   20728 watch.go:40] Failed to load config from \"d:\\\\SEVANI\\\\dataconnect\": could not find dataconnect.yaml in `d:\\SEVANI\\dataconnect`\n"}}
[debug] [2026-04-01T02:26:01.239Z] E0401 09:26:01.238398   20728 watch.go:116] watchAllDir unable to walk dir `d:\SEVANI\dataconnect`: GetFileAttributesEx d:\SEVANI\dataconnect: The system cannot find the file specified.
 {"metadata":{"emulator":{"name":"dataconnect"},"message":"E0401 09:26:01.238398   20728 watch.go:116] watchAllDir unable to walk dir `d:\\SEVANI\\dataconnect`: GetFileAttributesEx d:\\SEVANI\\dataconnect: The system cannot find the file specified.\n"}}
[debug] [2026-04-01T02:26:01.239Z] E0401 09:26:01.239664   20728 watch.go:40] Failed to load config from "d:\\SEVANI\\dataconnect": could not find dataconnect.yaml in `d:\SEVANI\dataconnect`
 {"metadata":{"emulator":{"name":"dataconnect"},"message":"E0401 09:26:01.239664   20728 watch.go:40] Failed to load config from \"d:\\\\SEVANI\\\\dataconnect\": could not find dataconnect.yaml in `d:\\SEVANI\\dataconnect`\n"}}
[debug] [2026-04-01T02:26:11.239Z] E0401 09:26:11.238881   20728 watch.go:40] Failed to load config from "d:\\SEVANI\\dataconnect": could not find dataconnect.yaml in `d:\SEVANI\dataconnect`
 {"metadata":{"emulator":{"name":"dataconnect"},"message":"E0401 09:26:11.238881   20728 watch.go:40] Failed to load config from \"d:\\\\SEVANI\\\\dataconnect\": could not find dataconnect.yaml in `d:\\SEVANI\\dataconnect`\n"}}
[debug] [2026-04-01T02:26:21.238Z] E0401 09:26:21.237850   20728 watch.go:40] Failed to load config from "d:\\SEVANI\\dataconnect": could not find dataconnect.yaml in `d:\SEVANI\dataconnect`
 {"metadata":{"emulator":{"name":"dataconnect"},"message":"E0401 09:26:21.237850   20728 watch.go:40] Failed to load config from \"d:\\\\SEVANI\\\\dataconnect\": could not find dataconnect.yaml in `d:\\SEVANI\\dataconnect`\n"}}
[debug] [2026-04-01T02:26:31.238Z] E0401 09:26:31.238248   20728 watch.go:40] Failed to load config from "d:\\SEVANI\\dataconnect": could not find dataconnect.yaml in `d:\SEVANI\dataconnect`
 {"metadata":{"emulator":{"name":"dataconnect"},"message":"E0401 09:26:31.238248   20728 watch.go:40] Failed to load config from \"d:\\\\SEVANI\\\\dataconnect\": could not find dataconnect.yaml in `d:\\SEVANI\\dataconnect`\n"}}
[debug] [2026-04-01T02:26:41.239Z] E0401 09:26:41.238329   20728 watch.go:40] Failed to load config from "d:\\SEVANI\\dataconnect": could not find dataconnect.yaml in `d:\SEVANI\dataconnect`
 {"metadata":{"emulator":{"name":"dataconnect"},"message":"E0401 09:26:41.238329   20728 watch.go:40] Failed to load config from \"d:\\\\SEVANI\\\\dataconnect\": could not find dataconnect.yaml in `d:\\SEVANI\\dataconnect`\n"}}
[debug] [2026-04-01T02:26:51.240Z] E0401 09:26:51.239836   20728 watch.go:40] Failed to load config from "d:\\SEVANI\\dataconnect": could not find dataconnect.yaml in `d:\SEVANI\dataconnect`
 {"metadata":{"emulator":{"name":"dataconnect"},"message":"E0401 09:26:51.239836   20728 watch.go:40] Failed to load config from \"d:\\\\SEVANI\\\\dataconnect\": could not find dataconnect.yaml in `d:\\SEVANI\\dataconnect`\n"}}
[debug] [2026-04-01T02:27:01.239Z] E0401 09:27:01.238344   20728 watch.go:116] watchAllDir unable to walk dir `d:\SEVANI\dataconnect`: GetFileAttributesEx d:\SEVANI\dataconnect: The system cannot find the file specified.
 {"metadata":{"emulator":{"name":"dataconnect"},"message":"E0401 09:27:01.238344   20728 watch.go:116] watchAllDir unable to walk dir `d:\\SEVANI\\dataconnect`: GetFileAttributesEx d:\\SEVANI\\dataconnect: The system cannot find the file specified.\n"}}
[debug] [2026-04-01T02:27:01.242Z] E0401 09:27:01.242064   20728 watch.go:40] Failed to load config from "d:\\SEVANI\\dataconnect": could not find dataconnect.yaml in `d:\SEVANI\dataconnect`
 {"metadata":{"emulator":{"name":"dataconnect"},"message":"E0401 09:27:01.242064   20728 watch.go:40] Failed to load config from \"d:\\\\SEVANI\\\\dataconnect\": could not find dataconnect.yaml in `d:\\SEVANI\\dataconnect`\n"}}
[debug] [2026-04-01T02:27:11.238Z] E0401 09:27:11.238247   20728 watch.go:40] Failed to load config from "d:\\SEVANI\\dataconnect": could not find dataconnect.yaml in `d:\SEVANI\dataconnect`
 {"metadata":{"emulator":{"name":"dataconnect"},"message":"E0401 09:27:11.238247   20728 watch.go:40] Failed to load config from \"d:\\\\SEVANI\\\\dataconnect\": could not find dataconnect.yaml in `d:\\SEVANI\\dataconnect`\n"}}
[debug] [2026-04-01T02:27:21.238Z] E0401 09:27:21.238149   20728 watch.go:40] Failed to load config from "d:\\SEVANI\\dataconnect": could not find dataconnect.yaml in `d:\SEVANI\dataconnect`
 {"metadata":{"emulator":{"name":"dataconnect"},"message":"E0401 09:27:21.238149   20728 watch.go:40] Failed to load config from \"d:\\\\SEVANI\\\\dataconnect\": could not find dataconnect.yaml in `d:\\SEVANI\\dataconnect`\n"}}
[debug] [2026-04-01T02:27:31.238Z] E0401 09:27:31.238219   20728 watch.go:40] Failed to load config from "d:\\SEVANI\\dataconnect": could not find dataconnect.yaml in `d:\SEVANI\dataconnect`
 {"metadata":{"emulator":{"name":"dataconnect"},"message":"E0401 09:27:31.238219   20728 watch.go:40] Failed to load config from \"d:\\\\SEVANI\\\\dataconnect\": could not find dataconnect.yaml in `d:\\SEVANI\\dataconnect`\n"}}
[debug] [2026-04-01T02:27:41.238Z] E0401 09:27:41.238122   20728 watch.go:40] Failed to load config from "d:\\SEVANI\\dataconnect": could not find dataconnect.yaml in `d:\SEVANI\dataconnect`
 {"metadata":{"emulator":{"name":"dataconnect"},"message":"E0401 09:27:41.238122   20728 watch.go:40] Failed to load config from \"d:\\\\SEVANI\\\\dataconnect\": could not find dataconnect.yaml in `d:\\SEVANI\\dataconnect`\n"}}
[debug] [2026-04-01T02:27:51.238Z] E0401 09:27:51.237992   20728 watch.go:40] Failed to load config from "d:\\SEVANI\\dataconnect": could not find dataconnect.yaml in `d:\SEVANI\dataconnect`
 {"metadata":{"emulator":{"name":"dataconnect"},"message":"E0401 09:27:51.237992   20728 watch.go:40] Failed to load config from \"d:\\\\SEVANI\\\\dataconnect\": could not find dataconnect.yaml in `d:\\SEVANI\\dataconnect`\n"}}
[debug] [2026-04-01T02:28:01.238Z] E0401 09:28:01.238214   20728 watch.go:116] watchAllDir unable to walk dir `d:\SEVANI\dataconnect`: GetFileAttributesEx d:\SEVANI\dataconnect: The system cannot find the file specified.
E0401 09:28:01.238214   20728 watch.go:40] Failed to load config from "d:\\SEVANI\\dataconnect": could not find dataconnect.yaml in `d:\SEVANI\dataconnect`
 {"metadata":{"emulator":{"name":"dataconnect"},"message":"E0401 09:28:01.238214   20728 watch.go:116] watchAllDir unable to walk dir `d:\\SEVANI\\dataconnect`: GetFileAttributesEx d:\\SEVANI\\dataconnect: The system cannot find the file specified.\nE0401 09:28:01.238214   20728 watch.go:40] Failed to load config from \"d:\\\\SEVANI\\\\dataconnect\": could not find dataconnect.yaml in `d:\\SEVANI\\dataconnect`\n"}}
[debug] [2026-04-01T02:28:11.238Z] E0401 09:28:11.237935   20728 watch.go:40] Failed to load config from "d:\\SEVANI\\dataconnect": could not find dataconnect.yaml in `d:\SEVANI\dataconnect`
 {"metadata":{"emulator":{"name":"dataconnect"},"message":"E0401 09:28:11.237935   20728 watch.go:40] Failed to load config from \"d:\\\\SEVANI\\\\dataconnect\": could not find dataconnect.yaml in `d:\\SEVANI\\dataconnect`\n"}}
[debug] [2026-04-01T02:28:21.239Z] E0401 09:28:21.238664   20728 watch.go:40] Failed to load config from "d:\\SEVANI\\dataconnect": could not find dataconnect.yaml in `d:\SEVANI\dataconnect`
 {"metadata":{"emulator":{"name":"dataconnect"},"message":"E0401 09:28:21.238664   20728 watch.go:40] Failed to load config from \"d:\\\\SEVANI\\\\dataconnect\": could not find dataconnect.yaml in `d:\\SEVANI\\dataconnect`\n"}}
[debug] [2026-04-01T02:28:31.239Z] E0401 09:28:31.238701   20728 watch.go:40] Failed to load config from "d:\\SEVANI\\dataconnect": could not find dataconnect.yaml in `d:\SEVANI\dataconnect`
 {"metadata":{"emulator":{"name":"dataconnect"},"message":"E0401 09:28:31.238701   20728 watch.go:40] Failed to load config from \"d:\\\\SEVANI\\\\dataconnect\": could not find dataconnect.yaml in `d:\\SEVANI\\dataconnect`\n"}}
[debug] [2026-04-01T02:28:41.239Z] E0401 09:28:41.239639   20728 watch.go:40] Failed to load config from "d:\\SEVANI\\dataconnect": could not find dataconnect.yaml in `d:\SEVANI\dataconnect`
 {"metadata":{"emulator":{"name":"dataconnect"},"message":"E0401 09:28:41.239639   20728 watch.go:40] Failed to load config from \"d:\\\\SEVANI\\\\dataconnect\": could not find dataconnect.yaml in `d:\\SEVANI\\dataconnect`\n"}}
[debug] [2026-04-01T02:28:51.238Z] E0401 09:28:51.238504   20728 watch.go:40] Failed to load config from "d:\\SEVANI\\dataconnect": could not find dataconnect.yaml in `d:\SEVANI\dataconnect`
 {"metadata":{"emulator":{"name":"dataconnect"},"message":"E0401 09:28:51.238504   20728 watch.go:40] Failed to load config from \"d:\\\\SEVANI\\\\dataconnect\": could not find dataconnect.yaml in `d:\\SEVANI\\dataconnect`\n"}}
[debug] [2026-04-01T02:29:01.238Z] E0401 09:29:01.238415   20728 watch.go:116] watchAllDir unable to walk dir `d:\SEVANI\dataconnect`: GetFileAttributesEx d:\SEVANI\dataconnect: The system cannot find the file specified.
E0401 09:29:01.238923   20728 watch.go:40] Failed to load config from "d:\\SEVANI\\dataconnect": could not find dataconnect.yaml in `d:\SEVANI\dataconnect`
 {"metadata":{"emulator":{"name":"dataconnect"},"message":"E0401 09:29:01.238415   20728 watch.go:116] watchAllDir unable to walk dir `d:\\SEVANI\\dataconnect`: GetFileAttributesEx d:\\SEVANI\\dataconnect: The system cannot find the file specified.\nE0401 09:29:01.238923   20728 watch.go:40] Failed to load config from \"d:\\\\SEVANI\\\\dataconnect\": could not find dataconnect.yaml in `d:\\SEVANI\\dataconnect`\n"}}
[debug] [2026-04-01T02:29:11.238Z] E0401 09:29:11.237900   20728 watch.go:40] Failed to load config from "d:\\SEVANI\\dataconnect": could not find dataconnect.yaml in `d:\SEVANI\dataconnect`
 {"metadata":{"emulator":{"name":"dataconnect"},"message":"E0401 09:29:11.237900   20728 watch.go:40] Failed to load config from \"d:\\\\SEVANI\\\\dataconnect\": could not find dataconnect.yaml in `d:\\SEVANI\\dataconnect`\n"}}
[debug] [2026-04-01T02:29:21.238Z] E0401 09:29:21.238225   20728 watch.go:40] Failed to load config from "d:\\SEVANI\\dataconnect": could not find dataconnect.yaml in `d:\SEVANI\dataconnect`
 {"metadata":{"emulator":{"name":"dataconnect"},"message":"E0401 09:29:21.238225   20728 watch.go:40] Failed to load config from \"d:\\\\SEVANI\\\\dataconnect\": could not find dataconnect.yaml in `d:\\SEVANI\\dataconnect`\n"}}
[debug] [2026-04-01T02:29:31.238Z] E0401 09:29:31.238250   20728 watch.go:40] Failed to load config from "d:\\SEVANI\\dataconnect": could not find dataconnect.yaml in `d:\SEVANI\dataconnect`
 {"metadata":{"emulator":{"name":"dataconnect"},"message":"E0401 09:29:31.238250   20728 watch.go:40] Failed to load config from \"d:\\\\SEVANI\\\\dataconnect\": could not find dataconnect.yaml in `d:\\SEVANI\\dataconnect`\n"}}
[debug] [2026-04-01T02:29:41.238Z] E0401 09:29:41.238526   20728 watch.go:40] Failed to load config from "d:\\SEVANI\\dataconnect": could not find dataconnect.yaml in `d:\SEVANI\dataconnect`
 {"metadata":{"emulator":{"name":"dataconnect"},"message":"E0401 09:29:41.238526   20728 watch.go:40] Failed to load config from \"d:\\\\SEVANI\\\\dataconnect\": could not find dataconnect.yaml in `d:\\SEVANI\\dataconnect`\n"}}
[debug] [2026-04-01T02:29:51.239Z] E0401 09:29:51.238743   20728 watch.go:40] Failed to load config from "d:\\SEVANI\\dataconnect": could not find dataconnect.yaml in `d:\SEVANI\dataconnect`
 {"metadata":{"emulator":{"name":"dataconnect"},"message":"E0401 09:29:51.238743   20728 watch.go:40] Failed to load config from \"d:\\\\SEVANI\\\\dataconnect\": could not find dataconnect.yaml in `d:\\SEVANI\\dataconnect`\n"}}
[debug] [2026-04-01T02:30:01.238Z] E0401 09:30:01.238101   20728 watch.go:116] watchAllDir unable to walk dir `d:\SEVANI\dataconnect`: GetFileAttributesEx d:\SEVANI\dataconnect: The system cannot find the file specified.
E0401 09:30:01.238101   20728 watch.go:40] Failed to load config from "d:\\SEVANI\\dataconnect": could not find dataconnect.yaml in `d:\SEVANI\dataconnect`
 {"metadata":{"emulator":{"name":"dataconnect"},"message":"E0401 09:30:01.238101   20728 watch.go:116] watchAllDir unable to walk dir `d:\\SEVANI\\dataconnect`: GetFileAttributesEx d:\\SEVANI\\dataconnect: The system cannot find the file specified.\nE0401 09:30:01.238101   20728 watch.go:40] Failed to load config from \"d:\\\\SEVANI\\\\dataconnect\": could not find dataconnect.yaml in `d:\\SEVANI\\dataconnect`\n"}}
[debug] [2026-04-01T02:30:11.238Z] E0401 09:30:11.238085   20728 watch.go:40] Failed to load config from "d:\\SEVANI\\dataconnect": could not find dataconnect.yaml in `d:\SEVANI\dataconnect`
 {"metadata":{"emulator":{"name":"dataconnect"},"message":"E0401 09:30:11.238085   20728 watch.go:40] Failed to load config from \"d:\\\\SEVANI\\\\dataconnect\": could not find dataconnect.yaml in `d:\\SEVANI\\dataconnect`\n"}}
[debug] [2026-04-01T02:30:21.239Z] E0401 09:30:21.238430   20728 watch.go:40] Failed to load config from "d:\\SEVANI\\dataconnect": could not find dataconnect.yaml in `d:\SEVANI\dataconnect`
 {"metadata":{"emulator":{"name":"dataconnect"},"message":"E0401 09:30:21.238430   20728 watch.go:40] Failed to load config from \"d:\\\\SEVANI\\\\dataconnect\": could not find dataconnect.yaml in `d:\\SEVANI\\dataconnect`\n"}}
[debug] [2026-04-01T02:30:31.238Z] E0401 09:30:31.238656   20728 watch.go:40] Failed to load config from "d:\\SEVANI\\dataconnect": could not find dataconnect.yaml in `d:\SEVANI\dataconnect`
 {"metadata":{"emulator":{"name":"dataconnect"},"message":"E0401 09:30:31.238656   20728 watch.go:40] Failed to load config from \"d:\\\\SEVANI\\\\dataconnect\": could not find dataconnect.yaml in `d:\\SEVANI\\dataconnect`\n"}}
[debug] [2026-04-01T02:30:41.242Z] E0401 09:30:41.242061   20728 watch.go:40] Failed to load config from "d:\\SEVANI\\dataconnect": could not find dataconnect.yaml in `d:\SEVANI\dataconnect`
 {"metadata":{"emulator":{"name":"dataconnect"},"message":"E0401 09:30:41.242061   20728 watch.go:40] Failed to load config from \"d:\\\\SEVANI\\\\dataconnect\": could not find dataconnect.yaml in `d:\\SEVANI\\dataconnect`\n"}}
[debug] [2026-04-01T02:30:51.238Z] E0401 09:30:51.237848   20728 watch.go:40] Failed to load config from "d:\\SEVANI\\dataconnect": could not find dataconnect.yaml in `d:\SEVANI\dataconnect`
 {"metadata":{"emulator":{"name":"dataconnect"},"message":"E0401 09:30:51.237848   20728 watch.go:40] Failed to load config from \"d:\\\\SEVANI\\\\dataconnect\": could not find dataconnect.yaml in `d:\\SEVANI\\dataconnect`\n"}}
[debug] [2026-04-01T02:31:01.238Z] E0401 09:31:01.238131   20728 watch.go:116] watchAllDir unable to walk dir `d:\SEVANI\dataconnect`: GetFileAttributesEx d:\SEVANI\dataconnect: The system cannot find the file specified.
E0401 09:31:01.238131   20728 watch.go:40] Failed to load config from "d:\\SEVANI\\dataconnect": could not find dataconnect.yaml in `d:\SEVANI\dataconnect`
 {"metadata":{"emulator":{"name":"dataconnect"},"message":"E0401 09:31:01.238131   20728 watch.go:116] watchAllDir unable to walk dir `d:\\SEVANI\\dataconnect`: GetFileAttributesEx d:\\SEVANI\\dataconnect: The system cannot find the file specified.\nE0401 09:31:01.238131   20728 watch.go:40] Failed to load config from \"d:\\\\SEVANI\\\\dataconnect\": could not find dataconnect.yaml in `d:\\SEVANI\\dataconnect`\n"}}
[debug] [2026-04-01T02:31:11.238Z] E0401 09:31:11.238160   20728 watch.go:40] Failed to load config from "d:\\SEVANI\\dataconnect": could not find dataconnect.yaml in `d:\SEVANI\dataconnect`
 {"metadata":{"emulator":{"name":"dataconnect"},"message":"E0401 09:31:11.238160   20728 watch.go:40] Failed to load config from \"d:\\\\SEVANI\\\\dataconnect\": could not find dataconnect.yaml in `d:\\SEVANI\\dataconnect`\n"}}
[debug] [2026-04-01T02:31:21.238Z] E0401 09:31:21.238244   20728 watch.go:40] Failed to load config from "d:\\SEVANI\\dataconnect": could not find dataconnect.yaml in `d:\SEVANI\dataconnect`
 {"metadata":{"emulator":{"name":"dataconnect"},"message":"E0401 09:31:21.238244   20728 watch.go:40] Failed to load config from \"d:\\\\SEVANI\\\\dataconnect\": could not find dataconnect.yaml in `d:\\SEVANI\\dataconnect`\n"}}
[debug] [2026-04-01T02:31:31.239Z] E0401 09:31:31.238682   20728 watch.go:40] Failed to load config from "d:\\SEVANI\\dataconnect": could not find dataconnect.yaml in `d:\SEVANI\dataconnect`
 {"metadata":{"emulator":{"name":"dataconnect"},"message":"E0401 09:31:31.238682   20728 watch.go:40] Failed to load config from \"d:\\\\SEVANI\\\\dataconnect\": could not find dataconnect.yaml in `d:\\SEVANI\\dataconnect`\n"}}
[debug] [2026-04-01T02:31:41.238Z] E0401 09:31:41.237980   20728 watch.go:40] Failed to load config from "d:\\SEVANI\\dataconnect": could not find dataconnect.yaml in `d:\SEVANI\dataconnect`
 {"metadata":{"emulator":{"name":"dataconnect"},"message":"E0401 09:31:41.237980   20728 watch.go:40] Failed to load config from \"d:\\\\SEVANI\\\\dataconnect\": could not find dataconnect.yaml in `d:\\SEVANI\\dataconnect`\n"}}
[debug] [2026-04-01T02:31:51.238Z] E0401 09:31:51.238427   20728 watch.go:40] Failed to load config from "d:\\SEVANI\\dataconnect": could not find dataconnect.yaml in `d:\SEVANI\dataconnect`
 {"metadata":{"emulator":{"name":"dataconnect"},"message":"E0401 09:31:51.238427   20728 watch.go:40] Failed to load config from \"d:\\\\SEVANI\\\\dataconnect\": could not find dataconnect.yaml in `d:\\SEVANI\\dataconnect`\n"}}
[debug] [2026-04-01T02:32:01.238Z] E0401 09:32:01.238328   20728 watch.go:116] watchAllDir unable to walk dir `d:\SEVANI\dataconnect`: GetFileAttributesEx d:\SEVANI\dataconnect: The system cannot find the file specified.
E0401 09:32:01.238328   20728 watch.go:40] Failed to load config from "d:\\SEVANI\\dataconnect": could not find dataconnect.yaml in `d:\SEVANI\dataconnect`
 {"metadata":{"emulator":{"name":"dataconnect"},"message":"E0401 09:32:01.238328   20728 watch.go:116] watchAllDir unable to walk dir `d:\\SEVANI\\dataconnect`: GetFileAttributesEx d:\\SEVANI\\dataconnect: The system cannot find the file specified.\nE0401 09:32:01.238328   20728 watch.go:40] Failed to load config from \"d:\\\\SEVANI\\\\dataconnect\": could not find dataconnect.yaml in `d:\\SEVANI\\dataconnect`\n"}}
[debug] [2026-04-01T02:32:11.238Z] E0401 09:32:11.238423   20728 watch.go:40] Failed to load config from "d:\\SEVANI\\dataconnect": could not find dataconnect.yaml in `d:\SEVANI\dataconnect`
 {"metadata":{"emulator":{"name":"dataconnect"},"message":"E0401 09:32:11.238423   20728 watch.go:40] Failed to load config from \"d:\\\\SEVANI\\\\dataconnect\": could not find dataconnect.yaml in `d:\\SEVANI\\dataconnect`\n"}}
[debug] [2026-04-01T02:32:21.238Z] E0401 09:32:21.238355   20728 watch.go:40] Failed to load config from "d:\\SEVANI\\dataconnect": could not find dataconnect.yaml in `d:\SEVANI\dataconnect`
 {"metadata":{"emulator":{"name":"dataconnect"},"message":"E0401 09:32:21.238355   20728 watch.go:40] Failed to load config from \"d:\\\\SEVANI\\\\dataconnect\": could not find dataconnect.yaml in `d:\\SEVANI\\dataconnect`\n"}}
[debug] [2026-04-01T02:32:31.237Z] E0401 09:32:31.237820   20728 watch.go:40] Failed to load config from "d:\\SEVANI\\dataconnect": could not find dataconnect.yaml in `d:\SEVANI\dataconnect`
 {"metadata":{"emulator":{"name":"dataconnect"},"message":"E0401 09:32:31.237820   20728 watch.go:40] Failed to load config from \"d:\\\\SEVANI\\\\dataconnect\": could not find dataconnect.yaml in `d:\\SEVANI\\dataconnect`\n"}}
[debug] [2026-04-01T02:32:41.238Z] E0401 09:32:41.237985   20728 watch.go:40] Failed to load config from "d:\\SEVANI\\dataconnect": could not find dataconnect.yaml in `d:\SEVANI\dataconnect`
 {"metadata":{"emulator":{"name":"dataconnect"},"message":"E0401 09:32:41.237985   20728 watch.go:40] Failed to load config from \"d:\\\\SEVANI\\\\dataconnect\": could not find dataconnect.yaml in `d:\\SEVANI\\dataconnect`\n"}}
[debug] [2026-04-01T02:32:51.238Z] E0401 09:32:51.238510   20728 watch.go:40] Failed to load config from "d:\\SEVANI\\dataconnect": could not find dataconnect.yaml in `d:\SEVANI\dataconnect`
 {"metadata":{"emulator":{"name":"dataconnect"},"message":"E0401 09:32:51.238510   20728 watch.go:40] Failed to load config from \"d:\\\\SEVANI\\\\dataconnect\": could not find dataconnect.yaml in `d:\\SEVANI\\dataconnect`\n"}}
[debug] [2026-04-01T02:33:01.238Z] E0401 09:33:01.238061   20728 watch.go:116] watchAllDir unable to walk dir `d:\SEVANI\dataconnect`: GetFileAttributesEx d:\SEVANI\dataconnect: The system cannot find the file specified.
E0401 09:33:01.238061   20728 watch.go:40] Failed to load config from "d:\\SEVANI\\dataconnect": could not find dataconnect.yaml in `d:\SEVANI\dataconnect`
 {"metadata":{"emulator":{"name":"dataconnect"},"message":"E0401 09:33:01.238061   20728 watch.go:116] watchAllDir unable to walk dir `d:\\SEVANI\\dataconnect`: GetFileAttributesEx d:\\SEVANI\\dataconnect: The system cannot find the file specified.\nE0401 09:33:01.238061   20728 watch.go:40] Failed to load config from \"d:\\\\SEVANI\\\\dataconnect\": could not find dataconnect.yaml in `d:\\SEVANI\\dataconnect`\n"}}
[debug] [2026-04-01T02:33:11.238Z] E0401 09:33:11.238916   20728 watch.go:40] Failed to load config from "d:\\SEVANI\\dataconnect": could not find dataconnect.yaml in `d:\SEVANI\dataconnect`
 {"metadata":{"emulator":{"name":"dataconnect"},"message":"E0401 09:33:11.238916   20728 watch.go:40] Failed to load config from \"d:\\\\SEVANI\\\\dataconnect\": could not find dataconnect.yaml in `d:\\SEVANI\\dataconnect`\n"}}
[debug] [2026-04-01T02:33:21.237Z] E0401 09:33:21.237993   20728 watch.go:40] Failed to load config from "d:\\SEVANI\\dataconnect": could not find dataconnect.yaml in `d:\SEVANI\dataconnect`
 {"metadata":{"emulator":{"name":"dataconnect"},"message":"E0401 09:33:21.237993   20728 watch.go:40] Failed to load config from \"d:\\\\SEVANI\\\\dataconnect\": could not find dataconnect.yaml in `d:\\SEVANI\\dataconnect`\n"}}
[debug] [2026-04-01T02:33:31.238Z] E0401 09:33:31.238338   20728 watch.go:40] Failed to load config from "d:\\SEVANI\\dataconnect": could not find dataconnect.yaml in `d:\SEVANI\dataconnect`
 {"metadata":{"emulator":{"name":"dataconnect"},"message":"E0401 09:33:31.238338   20728 watch.go:40] Failed to load config from \"d:\\\\SEVANI\\\\dataconnect\": could not find dataconnect.yaml in `d:\\SEVANI\\dataconnect`\n"}}
[debug] [2026-04-01T02:33:41.238Z] E0401 09:33:41.238371   20728 watch.go:40] Failed to load config from "d:\\SEVANI\\dataconnect": could not find dataconnect.yaml in `d:\SEVANI\dataconnect`
 {"metadata":{"emulator":{"name":"dataconnect"},"message":"E0401 09:33:41.238371   20728 watch.go:40] Failed to load config from \"d:\\\\SEVANI\\\\dataconnect\": could not find dataconnect.yaml in `d:\\SEVANI\\dataconnect`\n"}}
[debug] [2026-04-01T02:33:51.238Z] E0401 09:33:51.238016   20728 watch.go:40] Failed to load config from "d:\\SEVANI\\dataconnect": could not find dataconnect.yaml in `d:\SEVANI\dataconnect`
 {"metadata":{"emulator":{"name":"dataconnect"},"message":"E0401 09:33:51.238016   20728 watch.go:40] Failed to load config from \"d:\\\\SEVANI\\\\dataconnect\": could not find dataconnect.yaml in `d:\\SEVANI\\dataconnect`\n"}}
[debug] [2026-04-01T02:34:01.238Z] E0401 09:34:01.238443   20728 watch.go:116] watchAllDir unable to walk dir `d:\SEVANI\dataconnect`: GetFileAttributesEx d:\SEVANI\dataconnect: The system cannot find the file specified.
 {"metadata":{"emulator":{"name":"dataconnect"},"message":"E0401 09:34:01.238443   20728 watch.go:116] watchAllDir unable to walk dir `d:\\SEVANI\\dataconnect`: GetFileAttributesEx d:\\SEVANI\\dataconnect: The system cannot find the file specified.\n"}}
[debug] [2026-04-01T02:34:01.239Z] E0401 09:34:01.238968   20728 watch.go:40] Failed to load config from "d:\\SEVANI\\dataconnect": could not find dataconnect.yaml in `d:\SEVANI\dataconnect`
 {"metadata":{"emulator":{"name":"dataconnect"},"message":"E0401 09:34:01.238968   20728 watch.go:40] Failed to load config from \"d:\\\\SEVANI\\\\dataconnect\": could not find dataconnect.yaml in `d:\\SEVANI\\dataconnect`\n"}}
[debug] [2026-04-01T02:34:11.238Z] E0401 09:34:11.238450   20728 watch.go:40] Failed to load config from "d:\\SEVANI\\dataconnect": could not find dataconnect.yaml in `d:\SEVANI\dataconnect`
 {"metadata":{"emulator":{"name":"dataconnect"},"message":"E0401 09:34:11.238450   20728 watch.go:40] Failed to load config from \"d:\\\\SEVANI\\\\dataconnect\": could not find dataconnect.yaml in `d:\\SEVANI\\dataconnect`\n"}}
[debug] [2026-04-01T02:34:21.238Z] E0401 09:34:21.238434   20728 watch.go:40] Failed to load config from "d:\\SEVANI\\dataconnect": could not find dataconnect.yaml in `d:\SEVANI\dataconnect`
 {"metadata":{"emulator":{"name":"dataconnect"},"message":"E0401 09:34:21.238434   20728 watch.go:40] Failed to load config from \"d:\\\\SEVANI\\\\dataconnect\": could not find dataconnect.yaml in `d:\\SEVANI\\dataconnect`\n"}}
[debug] [2026-04-01T02:34:31.238Z] E0401 09:34:31.238158   20728 watch.go:40] Failed to load config from "d:\\SEVANI\\dataconnect": could not find dataconnect.yaml in `d:\SEVANI\dataconnect`
 {"metadata":{"emulator":{"name":"dataconnect"},"message":"E0401 09:34:31.238158   20728 watch.go:40] Failed to load config from \"d:\\\\SEVANI\\\\dataconnect\": could not find dataconnect.yaml in `d:\\SEVANI\\dataconnect`\n"}}
[debug] [2026-04-01T02:34:41.238Z] E0401 09:34:41.238293   20728 watch.go:40] Failed to load config from "d:\\SEVANI\\dataconnect": could not find dataconnect.yaml in `d:\SEVANI\dataconnect`
 {"metadata":{"emulator":{"name":"dataconnect"},"message":"E0401 09:34:41.238293   20728 watch.go:40] Failed to load config from \"d:\\\\SEVANI\\\\dataconnect\": could not find dataconnect.yaml in `d:\\SEVANI\\dataconnect`\n"}}
[debug] [2026-04-01T02:34:51.238Z] E0401 09:34:51.238149   20728 watch.go:40] Failed to load config from "d:\\SEVANI\\dataconnect": could not find dataconnect.yaml in `d:\SEVANI\dataconnect`
 {"metadata":{"emulator":{"name":"dataconnect"},"message":"E0401 09:34:51.238149   20728 watch.go:40] Failed to load config from \"d:\\\\SEVANI\\\\dataconnect\": could not find dataconnect.yaml in `d:\\SEVANI\\dataconnect`\n"}}
[debug] [2026-04-01T02:35:01.241Z] E0401 09:35:01.239912   20728 watch.go:116] watchAllDir unable to walk dir `d:\SEVANI\dataconnect`: GetFileAttributesEx d:\SEVANI\dataconnect: The system cannot find the file specified.
 {"metadata":{"emulator":{"name":"dataconnect"},"message":"E0401 09:35:01.239912   20728 watch.go:116] watchAllDir unable to walk dir `d:\\SEVANI\\dataconnect`: GetFileAttributesEx d:\\SEVANI\\dataconnect: The system cannot find the file specified.\n"}}
[debug] [2026-04-01T02:35:01.242Z] E0401 09:35:01.240993   20728 watch.go:40] Failed to load config from "d:\\SEVANI\\dataconnect": could not find dataconnect.yaml in `d:\SEVANI\dataconnect`
 {"metadata":{"emulator":{"name":"dataconnect"},"message":"E0401 09:35:01.240993   20728 watch.go:40] Failed to load config from \"d:\\\\SEVANI\\\\dataconnect\": could not find dataconnect.yaml in `d:\\SEVANI\\dataconnect`\n"}}
[debug] [2026-04-01T02:35:11.239Z] E0401 09:35:11.238882   20728 watch.go:40] Failed to load config from "d:\\SEVANI\\dataconnect": could not find dataconnect.yaml in `d:\SEVANI\dataconnect`
 {"metadata":{"emulator":{"name":"dataconnect"},"message":"E0401 09:35:11.238882   20728 watch.go:40] Failed to load config from \"d:\\\\SEVANI\\\\dataconnect\": could not find dataconnect.yaml in `d:\\SEVANI\\dataconnect`\n"}}
[debug] [2026-04-01T02:35:21.238Z] E0401 09:35:21.238572   20728 watch.go:40] Failed to load config from "d:\\SEVANI\\dataconnect": could not find dataconnect.yaml in `d:\SEVANI\dataconnect`
 {"metadata":{"emulator":{"name":"dataconnect"},"message":"E0401 09:35:21.238572   20728 watch.go:40] Failed to load config from \"d:\\\\SEVANI\\\\dataconnect\": could not find dataconnect.yaml in `d:\\SEVANI\\dataconnect`\n"}}
[debug] [2026-04-01T02:35:31.238Z] E0401 09:35:31.238060   20728 watch.go:40] Failed to load config from "d:\\SEVANI\\dataconnect": could not find dataconnect.yaml in `d:\SEVANI\dataconnect`
 {"metadata":{"emulator":{"name":"dataconnect"},"message":"E0401 09:35:31.238060   20728 watch.go:40] Failed to load config from \"d:\\\\SEVANI\\\\dataconnect\": could not find dataconnect.yaml in `d:\\SEVANI\\dataconnect`\n"}}
[debug] [2026-04-01T02:35:41.238Z] E0401 09:35:41.238168   20728 watch.go:40] Failed to load config from "d:\\SEVANI\\dataconnect": could not find dataconnect.yaml in `d:\SEVANI\dataconnect`
 {"metadata":{"emulator":{"name":"dataconnect"},"message":"E0401 09:35:41.238168   20728 watch.go:40] Failed to load config from \"d:\\\\SEVANI\\\\dataconnect\": could not find dataconnect.yaml in `d:\\SEVANI\\dataconnect`\n"}}
[debug] [2026-04-01T02:35:51.238Z] E0401 09:35:51.238172   20728 watch.go:40] Failed to load config from "d:\\SEVANI\\dataconnect": could not find dataconnect.yaml in `d:\SEVANI\dataconnect`
 {"metadata":{"emulator":{"name":"dataconnect"},"message":"E0401 09:35:51.238172   20728 watch.go:40] Failed to load config from \"d:\\\\SEVANI\\\\dataconnect\": could not find dataconnect.yaml in `d:\\SEVANI\\dataconnect`\n"}}
[debug] [2026-04-01T02:36:01.239Z] E0401 09:36:01.238650   20728 watch.go:40] Failed to load config from "d:\\SEVANI\\dataconnect": could not find dataconnect.yaml in `d:\SEVANI\dataconnect`
E0401 09:36:01.238650   20728 watch.go:116] watchAllDir unable to walk dir `d:\SEVANI\dataconnect`: GetFileAttributesEx d:\SEVANI\dataconnect: The system cannot find the file specified.
 {"metadata":{"emulator":{"name":"dataconnect"},"message":"E0401 09:36:01.238650   20728 watch.go:40] Failed to load config from \"d:\\\\SEVANI\\\\dataconnect\": could not find dataconnect.yaml in `d:\\SEVANI\\dataconnect`\nE0401 09:36:01.238650   20728 watch.go:116] watchAllDir unable to walk dir `d:\\SEVANI\\dataconnect`: GetFileAttributesEx d:\\SEVANI\\dataconnect: The system cannot find the file specified.\n"}}
[debug] [2026-04-01T02:36:11.238Z] E0401 09:36:11.238035   20728 watch.go:40] Failed to load config from "d:\\SEVANI\\dataconnect": could not find dataconnect.yaml in `d:\SEVANI\dataconnect`
 {"metadata":{"emulator":{"name":"dataconnect"},"message":"E0401 09:36:11.238035   20728 watch.go:40] Failed to load config from \"d:\\\\SEVANI\\\\dataconnect\": could not find dataconnect.yaml in `d:\\SEVANI\\dataconnect`\n"}}
[debug] [2026-04-01T02:36:21.238Z] E0401 09:36:21.238157   20728 watch.go:40] Failed to load config from "d:\\SEVANI\\dataconnect": could not find dataconnect.yaml in `d:\SEVANI\dataconnect`
 {"metadata":{"emulator":{"name":"dataconnect"},"message":"E0401 09:36:21.238157   20728 watch.go:40] Failed to load config from \"d:\\\\SEVANI\\\\dataconnect\": could not find dataconnect.yaml in `d:\\SEVANI\\dataconnect`\n"}}
[debug] [2026-04-01T02:36:31.239Z] E0401 09:36:31.238052   20728 watch.go:40] Failed to load config from "d:\\SEVANI\\dataconnect": could not find dataconnect.yaml in `d:\SEVANI\dataconnect`
 {"metadata":{"emulator":{"name":"dataconnect"},"message":"E0401 09:36:31.238052   20728 watch.go:40] Failed to load config from \"d:\\\\SEVANI\\\\dataconnect\": could not find dataconnect.yaml in `d:\\SEVANI\\dataconnect`\n"}}
[debug] [2026-04-01T02:36:41.239Z] E0401 09:36:41.238436   20728 watch.go:40] Failed to load config from "d:\\SEVANI\\dataconnect": could not find dataconnect.yaml in `d:\SEVANI\dataconnect`
 {"metadata":{"emulator":{"name":"dataconnect"},"message":"E0401 09:36:41.238436   20728 watch.go:40] Failed to load config from \"d:\\\\SEVANI\\\\dataconnect\": could not find dataconnect.yaml in `d:\\SEVANI\\dataconnect`\n"}}
[debug] [2026-04-01T02:36:51.238Z] E0401 09:36:51.238266   20728 watch.go:40] Failed to load config from "d:\\SEVANI\\dataconnect": could not find dataconnect.yaml in `d:\SEVANI\dataconnect`
 {"metadata":{"emulator":{"name":"dataconnect"},"message":"E0401 09:36:51.238266   20728 watch.go:40] Failed to load config from \"d:\\\\SEVANI\\\\dataconnect\": could not find dataconnect.yaml in `d:\\SEVANI\\dataconnect`\n"}}
[debug] [2026-04-01T02:37:01.239Z] E0401 09:37:01.238271   20728 watch.go:40] Failed to load config from "d:\\SEVANI\\dataconnect": could not find dataconnect.yaml in `d:\SEVANI\dataconnect`
 {"metadata":{"emulator":{"name":"dataconnect"},"message":"E0401 09:37:01.238271   20728 watch.go:40] Failed to load config from \"d:\\\\SEVANI\\\\dataconnect\": could not find dataconnect.yaml in `d:\\SEVANI\\dataconnect`\n"}}
[debug] [2026-04-01T02:37:01.239Z] E0401 09:37:01.239565   20728 watch.go:116] watchAllDir unable to walk dir `d:\SEVANI\dataconnect`: GetFileAttributesEx d:\SEVANI\dataconnect: The system cannot find the file specified.
 {"metadata":{"emulator":{"name":"dataconnect"},"message":"E0401 09:37:01.239565   20728 watch.go:116] watchAllDir unable to walk dir `d:\\SEVANI\\dataconnect`: GetFileAttributesEx d:\\SEVANI\\dataconnect: The system cannot find the file specified.\n"}}
[debug] [2026-04-01T02:37:11.238Z] E0401 09:37:11.238222   20728 watch.go:40] Failed to load config from "d:\\SEVANI\\dataconnect": could not find dataconnect.yaml in `d:\SEVANI\dataconnect`
 {"metadata":{"emulator":{"name":"dataconnect"},"message":"E0401 09:37:11.238222   20728 watch.go:40] Failed to load config from \"d:\\\\SEVANI\\\\dataconnect\": could not find dataconnect.yaml in `d:\\SEVANI\\dataconnect`\n"}}
[debug] [2026-04-01T02:37:21.238Z] E0401 09:37:21.238036   20728 watch.go:40] Failed to load config from "d:\\SEVANI\\dataconnect": could not find dataconnect.yaml in `d:\SEVANI\dataconnect`
 {"metadata":{"emulator":{"name":"dataconnect"},"message":"E0401 09:37:21.238036   20728 watch.go:40] Failed to load config from \"d:\\\\SEVANI\\\\dataconnect\": could not find dataconnect.yaml in `d:\\SEVANI\\dataconnect`\n"}}
[debug] [2026-04-01T02:37:31.239Z] E0401 09:37:31.239072   20728 watch.go:40] Failed to load config from "d:\\SEVANI\\dataconnect": could not find dataconnect.yaml in `d:\SEVANI\dataconnect`
 {"metadata":{"emulator":{"name":"dataconnect"},"message":"E0401 09:37:31.239072   20728 watch.go:40] Failed to load config from \"d:\\\\SEVANI\\\\dataconnect\": could not find dataconnect.yaml in `d:\\SEVANI\\dataconnect`\n"}}
[debug] [2026-04-01T02:37:41.238Z] E0401 09:37:41.238362   20728 watch.go:40] Failed to load config from "d:\\SEVANI\\dataconnect": could not find dataconnect.yaml in `d:\SEVANI\dataconnect`
 {"metadata":{"emulator":{"name":"dataconnect"},"message":"E0401 09:37:41.238362   20728 watch.go:40] Failed to load config from \"d:\\\\SEVANI\\\\dataconnect\": could not find dataconnect.yaml in `d:\\SEVANI\\dataconnect`\n"}}
[debug] [2026-04-01T02:37:51.238Z] E0401 09:37:51.238388   20728 watch.go:40] Failed to load config from "d:\\SEVANI\\dataconnect": could not find dataconnect.yaml in `d:\SEVANI\dataconnect`
 {"metadata":{"emulator":{"name":"dataconnect"},"message":"E0401 09:37:51.238388   20728 watch.go:40] Failed to load config from \"d:\\\\SEVANI\\\\dataconnect\": could not find dataconnect.yaml in `d:\\SEVANI\\dataconnect`\n"}}
[debug] [2026-04-01T02:38:01.237Z] E0401 09:38:01.237747   20728 watch.go:116] watchAllDir unable to walk dir `d:\SEVANI\dataconnect`: GetFileAttributesEx d:\SEVANI\dataconnect: The system cannot find the file specified.
E0401 09:38:01.237747   20728 watch.go:40] Failed to load config from "d:\\SEVANI\\dataconnect": could not find dataconnect.yaml in `d:\SEVANI\dataconnect`
 {"metadata":{"emulator":{"name":"dataconnect"},"message":"E0401 09:38:01.237747   20728 watch.go:116] watchAllDir unable to walk dir `d:\\SEVANI\\dataconnect`: GetFileAttributesEx d:\\SEVANI\\dataconnect: The system cannot find the file specified.\nE0401 09:38:01.237747   20728 watch.go:40] Failed to load config from \"d:\\\\SEVANI\\\\dataconnect\": could not find dataconnect.yaml in `d:\\SEVANI\\dataconnect`\n"}}
[debug] [2026-04-01T02:38:11.239Z] E0401 09:38:11.238712   20728 watch.go:40] Failed to load config from "d:\\SEVANI\\dataconnect": could not find dataconnect.yaml in `d:\SEVANI\dataconnect`
 {"metadata":{"emulator":{"name":"dataconnect"},"message":"E0401 09:38:11.238712   20728 watch.go:40] Failed to load config from \"d:\\\\SEVANI\\\\dataconnect\": could not find dataconnect.yaml in `d:\\SEVANI\\dataconnect`\n"}}
[debug] [2026-04-01T02:38:21.238Z] E0401 09:38:21.238209   20728 watch.go:40] Failed to load config from "d:\\SEVANI\\dataconnect": could not find dataconnect.yaml in `d:\SEVANI\dataconnect`
 {"metadata":{"emulator":{"name":"dataconnect"},"message":"E0401 09:38:21.238209   20728 watch.go:40] Failed to load config from \"d:\\\\SEVANI\\\\dataconnect\": could not find dataconnect.yaml in `d:\\SEVANI\\dataconnect`\n"}}
[debug] [2026-04-01T02:38:31.238Z] E0401 09:38:31.238207   20728 watch.go:40] Failed to load config from "d:\\SEVANI\\dataconnect": could not find dataconnect.yaml in `d:\SEVANI\dataconnect`
 {"metadata":{"emulator":{"name":"dataconnect"},"message":"E0401 09:38:31.238207   20728 watch.go:40] Failed to load config from \"d:\\\\SEVANI\\\\dataconnect\": could not find dataconnect.yaml in `d:\\SEVANI\\dataconnect`\n"}}
[debug] [2026-04-01T02:38:41.238Z] E0401 09:38:41.238322   20728 watch.go:40] Failed to load config from "d:\\SEVANI\\dataconnect": could not find dataconnect.yaml in `d:\SEVANI\dataconnect`
 {"metadata":{"emulator":{"name":"dataconnect"},"message":"E0401 09:38:41.238322   20728 watch.go:40] Failed to load config from \"d:\\\\SEVANI\\\\dataconnect\": could not find dataconnect.yaml in `d:\\SEVANI\\dataconnect`\n"}}
[debug] [2026-04-01T02:38:51.237Z] E0401 09:38:51.237911   20728 watch.go:40] Failed to load config from "d:\\SEVANI\\dataconnect": could not find dataconnect.yaml in `d:\SEVANI\dataconnect`
 {"metadata":{"emulator":{"name":"dataconnect"},"message":"E0401 09:38:51.237911   20728 watch.go:40] Failed to load config from \"d:\\\\SEVANI\\\\dataconnect\": could not find dataconnect.yaml in `d:\\SEVANI\\dataconnect`\n"}}
[debug] [2026-04-01T02:39:01.237Z] E0401 09:39:01.237959   20728 watch.go:116] watchAllDir unable to walk dir `d:\SEVANI\dataconnect`: GetFileAttributesEx d:\SEVANI\dataconnect: The system cannot find the file specified.
 {"metadata":{"emulator":{"name":"dataconnect"},"message":"E0401 09:39:01.237959   20728 watch.go:116] watchAllDir unable to walk dir `d:\\SEVANI\\dataconnect`: GetFileAttributesEx d:\\SEVANI\\dataconnect: The system cannot find the file specified.\n"}}
[debug] [2026-04-01T02:39:01.239Z] E0401 09:39:01.237959   20728 watch.go:40] Failed to load config from "d:\\SEVANI\\dataconnect": could not find dataconnect.yaml in `d:\SEVANI\dataconnect`
 {"metadata":{"emulator":{"name":"dataconnect"},"message":"E0401 09:39:01.237959   20728 watch.go:40] Failed to load config from \"d:\\\\SEVANI\\\\dataconnect\": could not find dataconnect.yaml in `d:\\SEVANI\\dataconnect`\n"}}
[debug] [2026-04-01T02:39:11.240Z] E0401 09:39:11.239783   20728 watch.go:40] Failed to load config from "d:\\SEVANI\\dataconnect": could not find dataconnect.yaml in `d:\SEVANI\dataconnect`
 {"metadata":{"emulator":{"name":"dataconnect"},"message":"E0401 09:39:11.239783   20728 watch.go:40] Failed to load config from \"d:\\\\SEVANI\\\\dataconnect\": could not find dataconnect.yaml in `d:\\SEVANI\\dataconnect`\n"}}
[debug] [2026-04-01T02:39:21.238Z] E0401 09:39:21.238740   20728 watch.go:40] Failed to load config from "d:\\SEVANI\\dataconnect": could not find dataconnect.yaml in `d:\SEVANI\dataconnect`
 {"metadata":{"emulator":{"name":"dataconnect"},"message":"E0401 09:39:21.238740   20728 watch.go:40] Failed to load config from \"d:\\\\SEVANI\\\\dataconnect\": could not find dataconnect.yaml in `d:\\SEVANI\\dataconnect`\n"}}
[debug] [2026-04-01T02:39:31.238Z] E0401 09:39:31.238583   20728 watch.go:40] Failed to load config from "d:\\SEVANI\\dataconnect": could not find dataconnect.yaml in `d:\SEVANI\dataconnect`
 {"metadata":{"emulator":{"name":"dataconnect"},"message":"E0401 09:39:31.238583   20728 watch.go:40] Failed to load config from \"d:\\\\SEVANI\\\\dataconnect\": could not find dataconnect.yaml in `d:\\SEVANI\\dataconnect`\n"}}
[debug] [2026-04-01T02:39:41.238Z] E0401 09:39:41.238350   20728 watch.go:40] Failed to load config from "d:\\SEVANI\\dataconnect": could not find dataconnect.yaml in `d:\SEVANI\dataconnect`
 {"metadata":{"emulator":{"name":"dataconnect"},"message":"E0401 09:39:41.238350   20728 watch.go:40] Failed to load config from \"d:\\\\SEVANI\\\\dataconnect\": could not find dataconnect.yaml in `d:\\SEVANI\\dataconnect`\n"}}
[debug] [2026-04-01T02:39:51.238Z] E0401 09:39:51.238350   20728 watch.go:40] Failed to load config from "d:\\SEVANI\\dataconnect": could not find dataconnect.yaml in `d:\SEVANI\dataconnect`
 {"metadata":{"emulator":{"name":"dataconnect"},"message":"E0401 09:39:51.238350   20728 watch.go:40] Failed to load config from \"d:\\\\SEVANI\\\\dataconnect\": could not find dataconnect.yaml in `d:\\SEVANI\\dataconnect`\n"}}
[debug] [2026-04-01T02:40:01.237Z] E0401 09:40:01.238392   20728 watch.go:116] watchAllDir unable to walk dir `d:\SEVANI\dataconnect`: GetFileAttributesEx d:\SEVANI\dataconnect: The system cannot find the file specified.
 {"metadata":{"emulator":{"name":"dataconnect"},"message":"E0401 09:40:01.238392   20728 watch.go:116] watchAllDir unable to walk dir `d:\\SEVANI\\dataconnect`: GetFileAttributesEx d:\\SEVANI\\dataconnect: The system cannot find the file specified.\n"}}
[debug] [2026-04-01T02:40:01.239Z] E0401 09:40:01.239408   20728 watch.go:40] Failed to load config from "d:\\SEVANI\\dataconnect": could not find dataconnect.yaml in `d:\SEVANI\dataconnect`
 {"metadata":{"emulator":{"name":"dataconnect"},"message":"E0401 09:40:01.239408   20728 watch.go:40] Failed to load config from \"d:\\\\SEVANI\\\\dataconnect\": could not find dataconnect.yaml in `d:\\SEVANI\\dataconnect`\n"}}
[debug] [2026-04-01T02:40:11.238Z] E0401 09:40:11.238511   20728 watch.go:40] Failed to load config from "d:\\SEVANI\\dataconnect": could not find dataconnect.yaml in `d:\SEVANI\dataconnect`
 {"metadata":{"emulator":{"name":"dataconnect"},"message":"E0401 09:40:11.238511   20728 watch.go:40] Failed to load config from \"d:\\\\SEVANI\\\\dataconnect\": could not find dataconnect.yaml in `d:\\SEVANI\\dataconnect`\n"}}
[debug] [2026-04-01T02:40:21.237Z] E0401 09:40:21.238010   20728 watch.go:40] Failed to load config from "d:\\SEVANI\\dataconnect": could not find dataconnect.yaml in `d:\SEVANI\dataconnect`
 {"metadata":{"emulator":{"name":"dataconnect"},"message":"E0401 09:40:21.238010   20728 watch.go:40] Failed to load config from \"d:\\\\SEVANI\\\\dataconnect\": could not find dataconnect.yaml in `d:\\SEVANI\\dataconnect`\n"}}
[debug] [2026-04-01T02:40:31.237Z] E0401 09:40:31.238028   20728 watch.go:40] Failed to load config from "d:\\SEVANI\\dataconnect": could not find dataconnect.yaml in `d:\SEVANI\dataconnect`
 {"metadata":{"emulator":{"name":"dataconnect"},"message":"E0401 09:40:31.238028   20728 watch.go:40] Failed to load config from \"d:\\\\SEVANI\\\\dataconnect\": could not find dataconnect.yaml in `d:\\SEVANI\\dataconnect`\n"}}
[debug] [2026-04-01T02:40:41.238Z] E0401 09:40:41.238290   20728 watch.go:40] Failed to load config from "d:\\SEVANI\\dataconnect": could not find dataconnect.yaml in `d:\SEVANI\dataconnect`
 {"metadata":{"emulator":{"name":"dataconnect"},"message":"E0401 09:40:41.238290   20728 watch.go:40] Failed to load config from \"d:\\\\SEVANI\\\\dataconnect\": could not find dataconnect.yaml in `d:\\SEVANI\\dataconnect`\n"}}
[debug] [2026-04-01T02:40:51.238Z] E0401 09:40:51.238367   20728 watch.go:40] Failed to load config from "d:\\SEVANI\\dataconnect": could not find dataconnect.yaml in `d:\SEVANI\dataconnect`
 {"metadata":{"emulator":{"name":"dataconnect"},"message":"E0401 09:40:51.238367   20728 watch.go:40] Failed to load config from \"d:\\\\SEVANI\\\\dataconnect\": could not find dataconnect.yaml in `d:\\SEVANI\\dataconnect`\n"}}
[debug] [2026-04-01T02:41:01.237Z] E0401 09:41:01.238198   20728 watch.go:116] watchAllDir unable to walk dir `d:\SEVANI\dataconnect`: GetFileAttributesEx d:\SEVANI\dataconnect: The system cannot find the file specified.
 {"metadata":{"emulator":{"name":"dataconnect"},"message":"E0401 09:41:01.238198   20728 watch.go:116] watchAllDir unable to walk dir `d:\\SEVANI\\dataconnect`: GetFileAttributesEx d:\\SEVANI\\dataconnect: The system cannot find the file specified.\n"}}
[debug] [2026-04-01T02:41:01.238Z] E0401 09:41:01.238198   20728 watch.go:40] Failed to load config from "d:\\SEVANI\\dataconnect": could not find dataconnect.yaml in `d:\SEVANI\dataconnect`
 {"metadata":{"emulator":{"name":"dataconnect"},"message":"E0401 09:41:01.238198   20728 watch.go:40] Failed to load config from \"d:\\\\SEVANI\\\\dataconnect\": could not find dataconnect.yaml in `d:\\SEVANI\\dataconnect`\n"}}
[debug] [2026-04-01T02:41:11.238Z] E0401 09:41:11.238176   20728 watch.go:40] Failed to load config from "d:\\SEVANI\\dataconnect": could not find dataconnect.yaml in `d:\SEVANI\dataconnect`
 {"metadata":{"emulator":{"name":"dataconnect"},"message":"E0401 09:41:11.238176   20728 watch.go:40] Failed to load config from \"d:\\\\SEVANI\\\\dataconnect\": could not find dataconnect.yaml in `d:\\SEVANI\\dataconnect`\n"}}
[debug] [2026-04-01T02:41:21.238Z] E0401 09:41:21.238148   20728 watch.go:40] Failed to load config from "d:\\SEVANI\\dataconnect": could not find dataconnect.yaml in `d:\SEVANI\dataconnect`
 {"metadata":{"emulator":{"name":"dataconnect"},"message":"E0401 09:41:21.238148   20728 watch.go:40] Failed to load config from \"d:\\\\SEVANI\\\\dataconnect\": could not find dataconnect.yaml in `d:\\SEVANI\\dataconnect`\n"}}
[debug] [2026-04-01T02:41:31.243Z] E0401 09:41:31.242688   20728 watch.go:40] Failed to load config from "d:\\SEVANI\\dataconnect": could not find dataconnect.yaml in `d:\SEVANI\dataconnect`
 {"metadata":{"emulator":{"name":"dataconnect"},"message":"E0401 09:41:31.242688   20728 watch.go:40] Failed to load config from \"d:\\\\SEVANI\\\\dataconnect\": could not find dataconnect.yaml in `d:\\SEVANI\\dataconnect`\n"}}
[debug] [2026-04-01T02:41:41.239Z] E0401 09:41:41.238266   20728 watch.go:40] Failed to load config from "d:\\SEVANI\\dataconnect": could not find dataconnect.yaml in `d:\SEVANI\dataconnect`
 {"metadata":{"emulator":{"name":"dataconnect"},"message":"E0401 09:41:41.238266   20728 watch.go:40] Failed to load config from \"d:\\\\SEVANI\\\\dataconnect\": could not find dataconnect.yaml in `d:\\SEVANI\\dataconnect`\n"}}
[debug] [2026-04-01T02:41:51.239Z] E0401 09:41:51.238672   20728 watch.go:40] Failed to load config from "d:\\SEVANI\\dataconnect": could not find dataconnect.yaml in `d:\SEVANI\dataconnect`
 {"metadata":{"emulator":{"name":"dataconnect"},"message":"E0401 09:41:51.238672   20728 watch.go:40] Failed to load config from \"d:\\\\SEVANI\\\\dataconnect\": could not find dataconnect.yaml in `d:\\SEVANI\\dataconnect`\n"}}
[debug] [2026-04-01T02:42:01.238Z] E0401 09:42:01.238147   20728 watch.go:116] watchAllDir unable to walk dir `d:\SEVANI\dataconnect`: GetFileAttributesEx d:\SEVANI\dataconnect: The system cannot find the file specified.
E0401 09:42:01.238147   20728 watch.go:40] Failed to load config from "d:\\SEVANI\\dataconnect": could not find dataconnect.yaml in `d:\SEVANI\dataconnect`
 {"metadata":{"emulator":{"name":"dataconnect"},"message":"E0401 09:42:01.238147   20728 watch.go:116] watchAllDir unable to walk dir `d:\\SEVANI\\dataconnect`: GetFileAttributesEx d:\\SEVANI\\dataconnect: The system cannot find the file specified.\nE0401 09:42:01.238147   20728 watch.go:40] Failed to load config from \"d:\\\\SEVANI\\\\dataconnect\": could not find dataconnect.yaml in `d:\\SEVANI\\dataconnect`\n"}}
[debug] [2026-04-01T02:42:11.238Z] E0401 09:42:11.237992   20728 watch.go:40] Failed to load config from "d:\\SEVANI\\dataconnect": could not find dataconnect.yaml in `d:\SEVANI\dataconnect`
 {"metadata":{"emulator":{"name":"dataconnect"},"message":"E0401 09:42:11.237992   20728 watch.go:40] Failed to load config from \"d:\\\\SEVANI\\\\dataconnect\": could not find dataconnect.yaml in `d:\\SEVANI\\dataconnect`\n"}}
[debug] [2026-04-01T02:42:21.238Z] E0401 09:42:21.238414   20728 watch.go:40] Failed to load config from "d:\\SEVANI\\dataconnect": could not find dataconnect.yaml in `d:\SEVANI\dataconnect`
 {"metadata":{"emulator":{"name":"dataconnect"},"message":"E0401 09:42:21.238414   20728 watch.go:40] Failed to load config from \"d:\\\\SEVANI\\\\dataconnect\": could not find dataconnect.yaml in `d:\\SEVANI\\dataconnect`\n"}}
[debug] [2026-04-01T02:42:31.238Z] E0401 09:42:31.238498   20728 watch.go:40] Failed to load config from "d:\\SEVANI\\dataconnect": could not find dataconnect.yaml in `d:\SEVANI\dataconnect`
 {"metadata":{"emulator":{"name":"dataconnect"},"message":"E0401 09:42:31.238498   20728 watch.go:40] Failed to load config from \"d:\\\\SEVANI\\\\dataconnect\": could not find dataconnect.yaml in `d:\\SEVANI\\dataconnect`\n"}}
[debug] [2026-04-01T02:42:41.238Z] E0401 09:42:41.238245   20728 watch.go:40] Failed to load config from "d:\\SEVANI\\dataconnect": could not find dataconnect.yaml in `d:\SEVANI\dataconnect`
 {"metadata":{"emulator":{"name":"dataconnect"},"message":"E0401 09:42:41.238245   20728 watch.go:40] Failed to load config from \"d:\\\\SEVANI\\\\dataconnect\": could not find dataconnect.yaml in `d:\\SEVANI\\dataconnect`\n"}}
[debug] [2026-04-01T02:42:51.238Z] E0401 09:42:51.238402   20728 watch.go:40] Failed to load config from "d:\\SEVANI\\dataconnect": could not find dataconnect.yaml in `d:\SEVANI\dataconnect`
 {"metadata":{"emulator":{"name":"dataconnect"},"message":"E0401 09:42:51.238402   20728 watch.go:40] Failed to load config from \"d:\\\\SEVANI\\\\dataconnect\": could not find dataconnect.yaml in `d:\\SEVANI\\dataconnect`\n"}}
[debug] [2026-04-01T02:43:01.238Z] E0401 09:43:01.238427   20728 watch.go:116] watchAllDir unable to walk dir `d:\SEVANI\dataconnect`: GetFileAttributesEx d:\SEVANI\dataconnect: The system cannot find the file specified.
 {"metadata":{"emulator":{"name":"dataconnect"},"message":"E0401 09:43:01.238427   20728 watch.go:116] watchAllDir unable to walk dir `d:\\SEVANI\\dataconnect`: GetFileAttributesEx d:\\SEVANI\\dataconnect: The system cannot find the file specified.\n"}}
[debug] [2026-04-01T02:43:01.239Z] E0401 09:43:01.238427   20728 watch.go:40] Failed to load config from "d:\\SEVANI\\dataconnect": could not find dataconnect.yaml in `d:\SEVANI\dataconnect`
 {"metadata":{"emulator":{"name":"dataconnect"},"message":"E0401 09:43:01.238427   20728 watch.go:40] Failed to load config from \"d:\\\\SEVANI\\\\dataconnect\": could not find dataconnect.yaml in `d:\\SEVANI\\dataconnect`\n"}}
[debug] [2026-04-01T02:43:11.237Z] E0401 09:43:11.238071   20728 watch.go:40] Failed to load config from "d:\\SEVANI\\dataconnect": could not find dataconnect.yaml in `d:\SEVANI\dataconnect`
 {"metadata":{"emulator":{"name":"dataconnect"},"message":"E0401 09:43:11.238071   20728 watch.go:40] Failed to load config from \"d:\\\\SEVANI\\\\dataconnect\": could not find dataconnect.yaml in `d:\\SEVANI\\dataconnect`\n"}}
[debug] [2026-04-01T02:43:21.238Z] E0401 09:43:21.238642   20728 watch.go:40] Failed to load config from "d:\\SEVANI\\dataconnect": could not find dataconnect.yaml in `d:\SEVANI\dataconnect`
 {"metadata":{"emulator":{"name":"dataconnect"},"message":"E0401 09:43:21.238642   20728 watch.go:40] Failed to load config from \"d:\\\\SEVANI\\\\dataconnect\": could not find dataconnect.yaml in `d:\\SEVANI\\dataconnect`\n"}}
[debug] [2026-04-01T02:43:31.237Z] E0401 09:43:31.238007   20728 watch.go:40] Failed to load config from "d:\\SEVANI\\dataconnect": could not find dataconnect.yaml in `d:\SEVANI\dataconnect`
 {"metadata":{"emulator":{"name":"dataconnect"},"message":"E0401 09:43:31.238007   20728 watch.go:40] Failed to load config from \"d:\\\\SEVANI\\\\dataconnect\": could not find dataconnect.yaml in `d:\\SEVANI\\dataconnect`\n"}}
[debug] [2026-04-01T02:43:41.238Z] E0401 09:43:41.238279   20728 watch.go:40] Failed to load config from "d:\\SEVANI\\dataconnect": could not find dataconnect.yaml in `d:\SEVANI\dataconnect`
 {"metadata":{"emulator":{"name":"dataconnect"},"message":"E0401 09:43:41.238279   20728 watch.go:40] Failed to load config from \"d:\\\\SEVANI\\\\dataconnect\": could not find dataconnect.yaml in `d:\\SEVANI\\dataconnect`\n"}}
[debug] [2026-04-01T02:43:51.238Z] E0401 09:43:51.238246   20728 watch.go:40] Failed to load config from "d:\\SEVANI\\dataconnect": could not find dataconnect.yaml in `d:\SEVANI\dataconnect`
 {"metadata":{"emulator":{"name":"dataconnect"},"message":"E0401 09:43:51.238246   20728 watch.go:40] Failed to load config from \"d:\\\\SEVANI\\\\dataconnect\": could not find dataconnect.yaml in `d:\\SEVANI\\dataconnect`\n"}}
[debug] [2026-04-01T02:44:01.239Z] E0401 09:44:01.239020   20728 watch.go:116] watchAllDir unable to walk dir `d:\SEVANI\dataconnect`: GetFileAttributesEx d:\SEVANI\dataconnect: The system cannot find the file specified.
 {"metadata":{"emulator":{"name":"dataconnect"},"message":"E0401 09:44:01.239020   20728 watch.go:116] watchAllDir unable to walk dir `d:\\SEVANI\\dataconnect`: GetFileAttributesEx d:\\SEVANI\\dataconnect: The system cannot find the file specified.\n"}}
[debug] [2026-04-01T02:44:01.240Z] E0401 09:44:01.240531   20728 watch.go:40] Failed to load config from "d:\\SEVANI\\dataconnect": could not find dataconnect.yaml in `d:\SEVANI\dataconnect`
 {"metadata":{"emulator":{"name":"dataconnect"},"message":"E0401 09:44:01.240531   20728 watch.go:40] Failed to load config from \"d:\\\\SEVANI\\\\dataconnect\": could not find dataconnect.yaml in `d:\\SEVANI\\dataconnect`\n"}}
[debug] [2026-04-01T02:44:11.239Z] E0401 09:44:11.238947   20728 watch.go:40] Failed to load config from "d:\\SEVANI\\dataconnect": could not find dataconnect.yaml in `d:\SEVANI\dataconnect`
 {"metadata":{"emulator":{"name":"dataconnect"},"message":"E0401 09:44:11.238947   20728 watch.go:40] Failed to load config from \"d:\\\\SEVANI\\\\dataconnect\": could not find dataconnect.yaml in `d:\\SEVANI\\dataconnect`\n"}}
[debug] [2026-04-01T02:44:21.239Z] E0401 09:44:21.238686   20728 watch.go:40] Failed to load config from "d:\\SEVANI\\dataconnect": could not find dataconnect.yaml in `d:\SEVANI\dataconnect`
 {"metadata":{"emulator":{"name":"dataconnect"},"message":"E0401 09:44:21.238686   20728 watch.go:40] Failed to load config from \"d:\\\\SEVANI\\\\dataconnect\": could not find dataconnect.yaml in `d:\\SEVANI\\dataconnect`\n"}}
[debug] [2026-04-01T02:44:31.238Z] E0401 09:44:31.238023   20728 watch.go:40] Failed to load config from "d:\\SEVANI\\dataconnect": could not find dataconnect.yaml in `d:\SEVANI\dataconnect`
 {"metadata":{"emulator":{"name":"dataconnect"},"message":"E0401 09:44:31.238023   20728 watch.go:40] Failed to load config from \"d:\\\\SEVANI\\\\dataconnect\": could not find dataconnect.yaml in `d:\\SEVANI\\dataconnect`\n"}}
[debug] [2026-04-01T02:44:41.238Z] E0401 09:44:41.238348   20728 watch.go:40] Failed to load config from "d:\\SEVANI\\dataconnect": could not find dataconnect.yaml in `d:\SEVANI\dataconnect`
 {"metadata":{"emulator":{"name":"dataconnect"},"message":"E0401 09:44:41.238348   20728 watch.go:40] Failed to load config from \"d:\\\\SEVANI\\\\dataconnect\": could not find dataconnect.yaml in `d:\\SEVANI\\dataconnect`\n"}}
[debug] [2026-04-01T02:44:51.238Z] E0401 09:44:51.238124   20728 watch.go:40] Failed to load config from "d:\\SEVANI\\dataconnect": could not find dataconnect.yaml in `d:\SEVANI\dataconnect`
 {"metadata":{"emulator":{"name":"dataconnect"},"message":"E0401 09:44:51.238124   20728 watch.go:40] Failed to load config from \"d:\\\\SEVANI\\\\dataconnect\": could not find dataconnect.yaml in `d:\\SEVANI\\dataconnect`\n"}}
[debug] [2026-04-01T02:45:01.238Z] E0401 09:45:01.238059   20728 watch.go:116] watchAllDir unable to walk dir `d:\SEVANI\dataconnect`: GetFileAttributesEx d:\SEVANI\dataconnect: The system cannot find the file specified.
E0401 09:45:01.238059   20728 watch.go:40] Failed to load config from "d:\\SEVANI\\dataconnect": could not find dataconnect.yaml in `d:\SEVANI\dataconnect`
 {"metadata":{"emulator":{"name":"dataconnect"},"message":"E0401 09:45:01.238059   20728 watch.go:116] watchAllDir unable to walk dir `d:\\SEVANI\\dataconnect`: GetFileAttributesEx d:\\SEVANI\\dataconnect: The system cannot find the file specified.\nE0401 09:45:01.238059   20728 watch.go:40] Failed to load config from \"d:\\\\SEVANI\\\\dataconnect\": could not find dataconnect.yaml in `d:\\SEVANI\\dataconnect`\n"}}
[debug] [2026-04-01T02:45:11.238Z] E0401 09:45:11.238504   20728 watch.go:40] Failed to load config from "d:\\SEVANI\\dataconnect": could not find dataconnect.yaml in `d:\SEVANI\dataconnect`
 {"metadata":{"emulator":{"name":"dataconnect"},"message":"E0401 09:45:11.238504   20728 watch.go:40] Failed to load config from \"d:\\\\SEVANI\\\\dataconnect\": could not find dataconnect.yaml in `d:\\SEVANI\\dataconnect`\n"}}
[debug] [2026-04-01T02:45:21.238Z] E0401 09:45:21.238350   20728 watch.go:40] Failed to load config from "d:\\SEVANI\\dataconnect": could not find dataconnect.yaml in `d:\SEVANI\dataconnect`
 {"metadata":{"emulator":{"name":"dataconnect"},"message":"E0401 09:45:21.238350   20728 watch.go:40] Failed to load config from \"d:\\\\SEVANI\\\\dataconnect\": could not find dataconnect.yaml in `d:\\SEVANI\\dataconnect`\n"}}
[debug] [2026-04-01T02:45:31.239Z] E0401 09:45:31.238360   20728 watch.go:40] Failed to load config from "d:\\SEVANI\\dataconnect": could not find dataconnect.yaml in `d:\SEVANI\dataconnect`
 {"metadata":{"emulator":{"name":"dataconnect"},"message":"E0401 09:45:31.238360   20728 watch.go:40] Failed to load config from \"d:\\\\SEVANI\\\\dataconnect\": could not find dataconnect.yaml in `d:\\SEVANI\\dataconnect`\n"}}
[debug] [2026-04-01T02:45:41.239Z] E0401 09:45:41.238882   20728 watch.go:40] Failed to load config from "d:\\SEVANI\\dataconnect": could not find dataconnect.yaml in `d:\SEVANI\dataconnect`
 {"metadata":{"emulator":{"name":"dataconnect"},"message":"E0401 09:45:41.238882   20728 watch.go:40] Failed to load config from \"d:\\\\SEVANI\\\\dataconnect\": could not find dataconnect.yaml in `d:\\SEVANI\\dataconnect`\n"}}
[debug] [2026-04-01T02:45:51.239Z] E0401 09:45:51.238583   20728 watch.go:40] Failed to load config from "d:\\SEVANI\\dataconnect": could not find dataconnect.yaml in `d:\SEVANI\dataconnect`
 {"metadata":{"emulator":{"name":"dataconnect"},"message":"E0401 09:45:51.238583   20728 watch.go:40] Failed to load config from \"d:\\\\SEVANI\\\\dataconnect\": could not find dataconnect.yaml in `d:\\SEVANI\\dataconnect`\n"}}
[debug] [2026-04-01T02:46:01.238Z] E0401 09:46:01.237963   20728 watch.go:116] watchAllDir unable to walk dir `d:\SEVANI\dataconnect`: GetFileAttributesEx d:\SEVANI\dataconnect: The system cannot find the file specified.
 {"metadata":{"emulator":{"name":"dataconnect"},"message":"E0401 09:46:01.237963   20728 watch.go:116] watchAllDir unable to walk dir `d:\\SEVANI\\dataconnect`: GetFileAttributesEx d:\\SEVANI\\dataconnect: The system cannot find the file specified.\n"}}
[debug] [2026-04-01T02:46:01.240Z] E0401 09:46:01.240051   20728 watch.go:40] Failed to load config from "d:\\SEVANI\\dataconnect": could not find dataconnect.yaml in `d:\SEVANI\dataconnect`
 {"metadata":{"emulator":{"name":"dataconnect"},"message":"E0401 09:46:01.240051   20728 watch.go:40] Failed to load config from \"d:\\\\SEVANI\\\\dataconnect\": could not find dataconnect.yaml in `d:\\SEVANI\\dataconnect`\n"}}
[debug] [2026-04-01T02:46:11.238Z] E0401 09:46:11.238225   20728 watch.go:40] Failed to load config from "d:\\SEVANI\\dataconnect": could not find dataconnect.yaml in `d:\SEVANI\dataconnect`
 {"metadata":{"emulator":{"name":"dataconnect"},"message":"E0401 09:46:11.238225   20728 watch.go:40] Failed to load config from \"d:\\\\SEVANI\\\\dataconnect\": could not find dataconnect.yaml in `d:\\SEVANI\\dataconnect`\n"}}
[debug] [2026-04-01T02:46:21.238Z] E0401 09:46:21.238398   20728 watch.go:40] Failed to load config from "d:\\SEVANI\\dataconnect": could not find dataconnect.yaml in `d:\SEVANI\dataconnect`
 {"metadata":{"emulator":{"name":"dataconnect"},"message":"E0401 09:46:21.238398   20728 watch.go:40] Failed to load config from \"d:\\\\SEVANI\\\\dataconnect\": could not find dataconnect.yaml in `d:\\SEVANI\\dataconnect`\n"}}
[debug] [2026-04-01T02:46:31.239Z] E0401 09:46:31.238394   20728 watch.go:40] Failed to load config from "d:\\SEVANI\\dataconnect": could not find dataconnect.yaml in `d:\SEVANI\dataconnect`
 {"metadata":{"emulator":{"name":"dataconnect"},"message":"E0401 09:46:31.238394   20728 watch.go:40] Failed to load config from \"d:\\\\SEVANI\\\\dataconnect\": could not find dataconnect.yaml in `d:\\SEVANI\\dataconnect`\n"}}
[debug] [2026-04-01T02:46:41.238Z] E0401 09:46:41.238393   20728 watch.go:40] Failed to load config from "d:\\SEVANI\\dataconnect": could not find dataconnect.yaml in `d:\SEVANI\dataconnect`
 {"metadata":{"emulator":{"name":"dataconnect"},"message":"E0401 09:46:41.238393   20728 watch.go:40] Failed to load config from \"d:\\\\SEVANI\\\\dataconnect\": could not find dataconnect.yaml in `d:\\SEVANI\\dataconnect`\n"}}
[debug] [2026-04-01T02:46:51.239Z] E0401 09:46:51.238758   20728 watch.go:40] Failed to load config from "d:\\SEVANI\\dataconnect": could not find dataconnect.yaml in `d:\SEVANI\dataconnect`
 {"metadata":{"emulator":{"name":"dataconnect"},"message":"E0401 09:46:51.238758   20728 watch.go:40] Failed to load config from \"d:\\\\SEVANI\\\\dataconnect\": could not find dataconnect.yaml in `d:\\SEVANI\\dataconnect`\n"}}
[debug] [2026-04-01T02:47:01.238Z] E0401 09:47:01.238508   20728 watch.go:116] watchAllDir unable to walk dir `d:\SEVANI\dataconnect`: GetFileAttributesEx d:\SEVANI\dataconnect: The system cannot find the file specified.
 {"metadata":{"emulator":{"name":"dataconnect"},"message":"E0401 09:47:01.238508   20728 watch.go:116] watchAllDir unable to walk dir `d:\\SEVANI\\dataconnect`: GetFileAttributesEx d:\\SEVANI\\dataconnect: The system cannot find the file specified.\n"}}
[debug] [2026-04-01T02:47:01.240Z] E0401 09:47:01.239524   20728 watch.go:40] Failed to load config from "d:\\SEVANI\\dataconnect": could not find dataconnect.yaml in `d:\SEVANI\dataconnect`
 {"metadata":{"emulator":{"name":"dataconnect"},"message":"E0401 09:47:01.239524   20728 watch.go:40] Failed to load config from \"d:\\\\SEVANI\\\\dataconnect\": could not find dataconnect.yaml in `d:\\SEVANI\\dataconnect`\n"}}
[debug] [2026-04-01T02:47:11.238Z] E0401 09:47:11.237816   20728 watch.go:40] Failed to load config from "d:\\SEVANI\\dataconnect": could not find dataconnect.yaml in `d:\SEVANI\dataconnect`
 {"metadata":{"emulator":{"name":"dataconnect"},"message":"E0401 09:47:11.237816   20728 watch.go:40] Failed to load config from \"d:\\\\SEVANI\\\\dataconnect\": could not find dataconnect.yaml in `d:\\SEVANI\\dataconnect`\n"}}
[debug] [2026-04-01T02:47:21.239Z] E0401 09:47:21.238369   20728 watch.go:40] Failed to load config from "d:\\SEVANI\\dataconnect": could not find dataconnect.yaml in `d:\SEVANI\dataconnect`
 {"metadata":{"emulator":{"name":"dataconnect"},"message":"E0401 09:47:21.238369   20728 watch.go:40] Failed to load config from \"d:\\\\SEVANI\\\\dataconnect\": could not find dataconnect.yaml in `d:\\SEVANI\\dataconnect`\n"}}
[debug] [2026-04-01T02:47:31.238Z] E0401 09:47:31.237978   20728 watch.go:40] Failed to load config from "d:\\SEVANI\\dataconnect": could not find dataconnect.yaml in `d:\SEVANI\dataconnect`
 {"metadata":{"emulator":{"name":"dataconnect"},"message":"E0401 09:47:31.237978   20728 watch.go:40] Failed to load config from \"d:\\\\SEVANI\\\\dataconnect\": could not find dataconnect.yaml in `d:\\SEVANI\\dataconnect`\n"}}
[debug] [2026-04-01T02:47:41.239Z] E0401 09:47:41.238228   20728 watch.go:40] Failed to load config from "d:\\SEVANI\\dataconnect": could not find dataconnect.yaml in `d:\SEVANI\dataconnect`
 {"metadata":{"emulator":{"name":"dataconnect"},"message":"E0401 09:47:41.238228   20728 watch.go:40] Failed to load config from \"d:\\\\SEVANI\\\\dataconnect\": could not find dataconnect.yaml in `d:\\SEVANI\\dataconnect`\n"}}
[debug] [2026-04-01T02:47:51.238Z] E0401 09:47:51.238296   20728 watch.go:40] Failed to load config from "d:\\SEVANI\\dataconnect": could not find dataconnect.yaml in `d:\SEVANI\dataconnect`
 {"metadata":{"emulator":{"name":"dataconnect"},"message":"E0401 09:47:51.238296   20728 watch.go:40] Failed to load config from \"d:\\\\SEVANI\\\\dataconnect\": could not find dataconnect.yaml in `d:\\SEVANI\\dataconnect`\n"}}
[debug] [2026-04-01T02:48:01.238Z] E0401 09:48:01.238448   20728 watch.go:116] watchAllDir unable to walk dir `d:\SEVANI\dataconnect`: GetFileAttributesEx d:\SEVANI\dataconnect: The system cannot find the file specified.
 {"metadata":{"emulator":{"name":"dataconnect"},"message":"E0401 09:48:01.238448   20728 watch.go:116] watchAllDir unable to walk dir `d:\\SEVANI\\dataconnect`: GetFileAttributesEx d:\\SEVANI\\dataconnect: The system cannot find the file specified.\n"}}
[debug] [2026-04-01T02:48:01.242Z] E0401 09:48:01.239498   20728 watch.go:40] Failed to load config from "d:\\SEVANI\\dataconnect": could not find dataconnect.yaml in `d:\SEVANI\dataconnect`
 {"metadata":{"emulator":{"name":"dataconnect"},"message":"E0401 09:48:01.239498   20728 watch.go:40] Failed to load config from \"d:\\\\SEVANI\\\\dataconnect\": could not find dataconnect.yaml in `d:\\SEVANI\\dataconnect`\n"}}
[debug] [2026-04-01T02:48:11.238Z] E0401 09:48:11.238370   20728 watch.go:40] Failed to load config from "d:\\SEVANI\\dataconnect": could not find dataconnect.yaml in `d:\SEVANI\dataconnect`
 {"metadata":{"emulator":{"name":"dataconnect"},"message":"E0401 09:48:11.238370   20728 watch.go:40] Failed to load config from \"d:\\\\SEVANI\\\\dataconnect\": could not find dataconnect.yaml in `d:\\SEVANI\\dataconnect`\n"}}
[debug] [2026-04-01T02:48:21.238Z] E0401 09:48:21.237762   20728 watch.go:40] Failed to load config from "d:\\SEVANI\\dataconnect": could not find dataconnect.yaml in `d:\SEVANI\dataconnect`
 {"metadata":{"emulator":{"name":"dataconnect"},"message":"E0401 09:48:21.237762   20728 watch.go:40] Failed to load config from \"d:\\\\SEVANI\\\\dataconnect\": could not find dataconnect.yaml in `d:\\SEVANI\\dataconnect`\n"}}
[debug] [2026-04-01T02:48:31.239Z] E0401 09:48:31.238998   20728 watch.go:40] Failed to load config from "d:\\SEVANI\\dataconnect": could not find dataconnect.yaml in `d:\SEVANI\dataconnect`
 {"metadata":{"emulator":{"name":"dataconnect"},"message":"E0401 09:48:31.238998   20728 watch.go:40] Failed to load config from \"d:\\\\SEVANI\\\\dataconnect\": could not find dataconnect.yaml in `d:\\SEVANI\\dataconnect`\n"}}
[debug] [2026-04-01T02:48:41.238Z] E0401 09:48:41.238202   20728 watch.go:40] Failed to load config from "d:\\SEVANI\\dataconnect": could not find dataconnect.yaml in `d:\SEVANI\dataconnect`
 {"metadata":{"emulator":{"name":"dataconnect"},"message":"E0401 09:48:41.238202   20728 watch.go:40] Failed to load config from \"d:\\\\SEVANI\\\\dataconnect\": could not find dataconnect.yaml in `d:\\SEVANI\\dataconnect`\n"}}
[debug] [2026-04-01T02:48:51.238Z] E0401 09:48:51.238539   20728 watch.go:40] Failed to load config from "d:\\SEVANI\\dataconnect": could not find dataconnect.yaml in `d:\SEVANI\dataconnect`
 {"metadata":{"emulator":{"name":"dataconnect"},"message":"E0401 09:48:51.238539   20728 watch.go:40] Failed to load config from \"d:\\\\SEVANI\\\\dataconnect\": could not find dataconnect.yaml in `d:\\SEVANI\\dataconnect`\n"}}
[debug] [2026-04-01T02:49:01.238Z] E0401 09:49:01.237893   20728 watch.go:116] watchAllDir unable to walk dir `d:\SEVANI\dataconnect`: GetFileAttributesEx d:\SEVANI\dataconnect: The system cannot find the file specified.
 {"metadata":{"emulator":{"name":"dataconnect"},"message":"E0401 09:49:01.237893   20728 watch.go:116] watchAllDir unable to walk dir `d:\\SEVANI\\dataconnect`: GetFileAttributesEx d:\\SEVANI\\dataconnect: The system cannot find the file specified.\n"}}
[debug] [2026-04-01T02:49:01.240Z] E0401 09:49:01.239100   20728 watch.go:40] Failed to load config from "d:\\SEVANI\\dataconnect": could not find dataconnect.yaml in `d:\SEVANI\dataconnect`
 {"metadata":{"emulator":{"name":"dataconnect"},"message":"E0401 09:49:01.239100   20728 watch.go:40] Failed to load config from \"d:\\\\SEVANI\\\\dataconnect\": could not find dataconnect.yaml in `d:\\SEVANI\\dataconnect`\n"}}
[debug] [2026-04-01T02:49:11.238Z] E0401 09:49:11.238245   20728 watch.go:40] Failed to load config from "d:\\SEVANI\\dataconnect": could not find dataconnect.yaml in `d:\SEVANI\dataconnect`
 {"metadata":{"emulator":{"name":"dataconnect"},"message":"E0401 09:49:11.238245   20728 watch.go:40] Failed to load config from \"d:\\\\SEVANI\\\\dataconnect\": could not find dataconnect.yaml in `d:\\SEVANI\\dataconnect`\n"}}
[debug] [2026-04-01T02:49:21.239Z] E0401 09:49:21.239228   20728 watch.go:40] Failed to load config from "d:\\SEVANI\\dataconnect": could not find dataconnect.yaml in `d:\SEVANI\dataconnect`
 {"metadata":{"emulator":{"name":"dataconnect"},"message":"E0401 09:49:21.239228   20728 watch.go:40] Failed to load config from \"d:\\\\SEVANI\\\\dataconnect\": could not find dataconnect.yaml in `d:\\SEVANI\\dataconnect`\n"}}
[debug] [2026-04-01T02:49:31.238Z] E0401 09:49:31.237912   20728 watch.go:40] Failed to load config from "d:\\SEVANI\\dataconnect": could not find dataconnect.yaml in `d:\SEVANI\dataconnect`
 {"metadata":{"emulator":{"name":"dataconnect"},"message":"E0401 09:49:31.237912   20728 watch.go:40] Failed to load config from \"d:\\\\SEVANI\\\\dataconnect\": could not find dataconnect.yaml in `d:\\SEVANI\\dataconnect`\n"}}
[debug] [2026-04-01T02:49:41.239Z] E0401 09:49:41.238654   20728 watch.go:40] Failed to load config from "d:\\SEVANI\\dataconnect": could not find dataconnect.yaml in `d:\SEVANI\dataconnect`
 {"metadata":{"emulator":{"name":"dataconnect"},"message":"E0401 09:49:41.238654   20728 watch.go:40] Failed to load config from \"d:\\\\SEVANI\\\\dataconnect\": could not find dataconnect.yaml in `d:\\SEVANI\\dataconnect`\n"}}
[debug] [2026-04-01T02:49:51.238Z] E0401 09:49:51.238034   20728 watch.go:40] Failed to load config from "d:\\SEVANI\\dataconnect": could not find dataconnect.yaml in `d:\SEVANI\dataconnect`
 {"metadata":{"emulator":{"name":"dataconnect"},"message":"E0401 09:49:51.238034   20728 watch.go:40] Failed to load config from \"d:\\\\SEVANI\\\\dataconnect\": could not find dataconnect.yaml in `d:\\SEVANI\\dataconnect`\n"}}
[debug] [2026-04-01T02:50:01.237Z] E0401 09:50:01.238110   20728 watch.go:116] watchAllDir unable to walk dir `d:\SEVANI\dataconnect`: GetFileAttributesEx d:\SEVANI\dataconnect: The system cannot find the file specified.
E0401 09:50:01.238110   20728 watch.go:40] Failed to load config from "d:\\SEVANI\\dataconnect": could not find dataconnect.yaml in `d:\SEVANI\dataconnect`
 {"metadata":{"emulator":{"name":"dataconnect"},"message":"E0401 09:50:01.238110   20728 watch.go:116] watchAllDir unable to walk dir `d:\\SEVANI\\dataconnect`: GetFileAttributesEx d:\\SEVANI\\dataconnect: The system cannot find the file specified.\nE0401 09:50:01.238110   20728 watch.go:40] Failed to load config from \"d:\\\\SEVANI\\\\dataconnect\": could not find dataconnect.yaml in `d:\\SEVANI\\dataconnect`\n"}}
[debug] [2026-04-01T02:50:11.238Z] E0401 09:50:11.238345   20728 watch.go:40] Failed to load config from "d:\\SEVANI\\dataconnect": could not find dataconnect.yaml in `d:\SEVANI\dataconnect`
 {"metadata":{"emulator":{"name":"dataconnect"},"message":"E0401 09:50:11.238345   20728 watch.go:40] Failed to load config from \"d:\\\\SEVANI\\\\dataconnect\": could not find dataconnect.yaml in `d:\\SEVANI\\dataconnect`\n"}}
[debug] [2026-04-01T02:50:21.237Z] E0401 09:50:21.238171   20728 watch.go:40] Failed to load config from "d:\\SEVANI\\dataconnect": could not find dataconnect.yaml in `d:\SEVANI\dataconnect`
 {"metadata":{"emulator":{"name":"dataconnect"},"message":"E0401 09:50:21.238171   20728 watch.go:40] Failed to load config from \"d:\\\\SEVANI\\\\dataconnect\": could not find dataconnect.yaml in `d:\\SEVANI\\dataconnect`\n"}}
[debug] [2026-04-01T02:50:31.238Z] E0401 09:50:31.238600   20728 watch.go:40] Failed to load config from "d:\\SEVANI\\dataconnect": could not find dataconnect.yaml in `d:\SEVANI\dataconnect`
 {"metadata":{"emulator":{"name":"dataconnect"},"message":"E0401 09:50:31.238600   20728 watch.go:40] Failed to load config from \"d:\\\\SEVANI\\\\dataconnect\": could not find dataconnect.yaml in `d:\\SEVANI\\dataconnect`\n"}}
[debug] [2026-04-01T02:50:41.238Z] E0401 09:50:41.237957   20728 watch.go:40] Failed to load config from "d:\\SEVANI\\dataconnect": could not find dataconnect.yaml in `d:\SEVANI\dataconnect`
 {"metadata":{"emulator":{"name":"dataconnect"},"message":"E0401 09:50:41.237957   20728 watch.go:40] Failed to load config from \"d:\\\\SEVANI\\\\dataconnect\": could not find dataconnect.yaml in `d:\\SEVANI\\dataconnect`\n"}}
[debug] [2026-04-01T02:50:51.239Z] E0401 09:50:51.239197   20728 watch.go:40] Failed to load config from "d:\\SEVANI\\dataconnect": could not find dataconnect.yaml in `d:\SEVANI\dataconnect`
 {"metadata":{"emulator":{"name":"dataconnect"},"message":"E0401 09:50:51.239197   20728 watch.go:40] Failed to load config from \"d:\\\\SEVANI\\\\dataconnect\": could not find dataconnect.yaml in `d:\\SEVANI\\dataconnect`\n"}}
[debug] [2026-04-01T02:51:01.238Z] E0401 09:51:01.238710   20728 watch.go:116] watchAllDir unable to walk dir `d:\SEVANI\dataconnect`: GetFileAttributesEx d:\SEVANI\dataconnect: The system cannot find the file specified.
 {"metadata":{"emulator":{"name":"dataconnect"},"message":"E0401 09:51:01.238710   20728 watch.go:116] watchAllDir unable to walk dir `d:\\SEVANI\\dataconnect`: GetFileAttributesEx d:\\SEVANI\\dataconnect: The system cannot find the file specified.\n"}}
[debug] [2026-04-01T02:51:01.239Z] E0401 09:51:01.238710   20728 watch.go:40] Failed to load config from "d:\\SEVANI\\dataconnect": could not find dataconnect.yaml in `d:\SEVANI\dataconnect`
 {"metadata":{"emulator":{"name":"dataconnect"},"message":"E0401 09:51:01.238710   20728 watch.go:40] Failed to load config from \"d:\\\\SEVANI\\\\dataconnect\": could not find dataconnect.yaml in `d:\\SEVANI\\dataconnect`\n"}}
[debug] [2026-04-01T02:51:11.238Z] E0401 09:51:11.238157   20728 watch.go:40] Failed to load config from "d:\\SEVANI\\dataconnect": could not find dataconnect.yaml in `d:\SEVANI\dataconnect`
 {"metadata":{"emulator":{"name":"dataconnect"},"message":"E0401 09:51:11.238157   20728 watch.go:40] Failed to load config from \"d:\\\\SEVANI\\\\dataconnect\": could not find dataconnect.yaml in `d:\\SEVANI\\dataconnect`\n"}}
[debug] [2026-04-01T02:51:21.238Z] E0401 09:51:21.238048   20728 watch.go:40] Failed to load config from "d:\\SEVANI\\dataconnect": could not find dataconnect.yaml in `d:\SEVANI\dataconnect`
 {"metadata":{"emulator":{"name":"dataconnect"},"message":"E0401 09:51:21.238048   20728 watch.go:40] Failed to load config from \"d:\\\\SEVANI\\\\dataconnect\": could not find dataconnect.yaml in `d:\\SEVANI\\dataconnect`\n"}}
[debug] [2026-04-01T02:51:31.238Z] E0401 09:51:31.238250   20728 watch.go:40] Failed to load config from "d:\\SEVANI\\dataconnect": could not find dataconnect.yaml in `d:\SEVANI\dataconnect`
 {"metadata":{"emulator":{"name":"dataconnect"},"message":"E0401 09:51:31.238250   20728 watch.go:40] Failed to load config from \"d:\\\\SEVANI\\\\dataconnect\": could not find dataconnect.yaml in `d:\\SEVANI\\dataconnect`\n"}}
[debug] [2026-04-01T02:51:41.237Z] E0401 09:51:41.238266   20728 watch.go:40] Failed to load config from "d:\\SEVANI\\dataconnect": could not find dataconnect.yaml in `d:\SEVANI\dataconnect`
 {"metadata":{"emulator":{"name":"dataconnect"},"message":"E0401 09:51:41.238266   20728 watch.go:40] Failed to load config from \"d:\\\\SEVANI\\\\dataconnect\": could not find dataconnect.yaml in `d:\\SEVANI\\dataconnect`\n"}}
[debug] [2026-04-01T02:51:51.238Z] E0401 09:51:51.238133   20728 watch.go:40] Failed to load config from "d:\\SEVANI\\dataconnect": could not find dataconnect.yaml in `d:\SEVANI\dataconnect`
 {"metadata":{"emulator":{"name":"dataconnect"},"message":"E0401 09:51:51.238133   20728 watch.go:40] Failed to load config from \"d:\\\\SEVANI\\\\dataconnect\": could not find dataconnect.yaml in `d:\\SEVANI\\dataconnect`\n"}}
[debug] [2026-04-01T02:52:01.238Z] E0401 09:52:01.238387   20728 watch.go:116] watchAllDir unable to walk dir `d:\SEVANI\dataconnect`: GetFileAttributesEx d:\SEVANI\dataconnect: The system cannot find the file specified.
E0401 09:52:01.238387   20728 watch.go:40] Failed to load config from "d:\\SEVANI\\dataconnect": could not find dataconnect.yaml in `d:\SEVANI\dataconnect`
 {"metadata":{"emulator":{"name":"dataconnect"},"message":"E0401 09:52:01.238387   20728 watch.go:116] watchAllDir unable to walk dir `d:\\SEVANI\\dataconnect`: GetFileAttributesEx d:\\SEVANI\\dataconnect: The system cannot find the file specified.\nE0401 09:52:01.238387   20728 watch.go:40] Failed to load config from \"d:\\\\SEVANI\\\\dataconnect\": could not find dataconnect.yaml in `d:\\SEVANI\\dataconnect`\n"}}
[debug] [2026-04-01T02:52:11.237Z] E0401 09:52:11.238131   20728 watch.go:40] Failed to load config from "d:\\SEVANI\\dataconnect": could not find dataconnect.yaml in `d:\SEVANI\dataconnect`
 {"metadata":{"emulator":{"name":"dataconnect"},"message":"E0401 09:52:11.238131   20728 watch.go:40] Failed to load config from \"d:\\\\SEVANI\\\\dataconnect\": could not find dataconnect.yaml in `d:\\SEVANI\\dataconnect`\n"}}
[debug] [2026-04-01T02:52:21.237Z] E0401 09:52:21.238351   20728 watch.go:40] Failed to load config from "d:\\SEVANI\\dataconnect": could not find dataconnect.yaml in `d:\SEVANI\dataconnect`
 {"metadata":{"emulator":{"name":"dataconnect"},"message":"E0401 09:52:21.238351   20728 watch.go:40] Failed to load config from \"d:\\\\SEVANI\\\\dataconnect\": could not find dataconnect.yaml in `d:\\SEVANI\\dataconnect`\n"}}
[debug] [2026-04-01T02:52:31.237Z] E0401 09:52:31.238187   20728 watch.go:40] Failed to load config from "d:\\SEVANI\\dataconnect": could not find dataconnect.yaml in `d:\SEVANI\dataconnect`
 {"metadata":{"emulator":{"name":"dataconnect"},"message":"E0401 09:52:31.238187   20728 watch.go:40] Failed to load config from \"d:\\\\SEVANI\\\\dataconnect\": could not find dataconnect.yaml in `d:\\SEVANI\\dataconnect`\n"}}
[debug] [2026-04-01T02:52:41.239Z] E0401 09:52:41.238616   20728 watch.go:40] Failed to load config from "d:\\SEVANI\\dataconnect": could not find dataconnect.yaml in `d:\SEVANI\dataconnect`
 {"metadata":{"emulator":{"name":"dataconnect"},"message":"E0401 09:52:41.238616   20728 watch.go:40] Failed to load config from \"d:\\\\SEVANI\\\\dataconnect\": could not find dataconnect.yaml in `d:\\SEVANI\\dataconnect`\n"}}
[debug] [2026-04-01T02:52:51.238Z] E0401 09:52:51.238187   20728 watch.go:40] Failed to load config from "d:\\SEVANI\\dataconnect": could not find dataconnect.yaml in `d:\SEVANI\dataconnect`
 {"metadata":{"emulator":{"name":"dataconnect"},"message":"E0401 09:52:51.238187   20728 watch.go:40] Failed to load config from \"d:\\\\SEVANI\\\\dataconnect\": could not find dataconnect.yaml in `d:\\SEVANI\\dataconnect`\n"}}
[debug] [2026-04-01T02:53:01.239Z] E0401 09:53:01.238619   20728 watch.go:116] watchAllDir unable to walk dir `d:\SEVANI\dataconnect`: GetFileAttributesEx d:\SEVANI\dataconnect: The system cannot find the file specified.
 {"metadata":{"emulator":{"name":"dataconnect"},"message":"E0401 09:53:01.238619   20728 watch.go:116] watchAllDir unable to walk dir `d:\\SEVANI\\dataconnect`: GetFileAttributesEx d:\\SEVANI\\dataconnect: The system cannot find the file specified.\n"}}
[debug] [2026-04-01T02:53:01.241Z] E0401 09:53:01.240738   20728 watch.go:40] Failed to load config from "d:\\SEVANI\\dataconnect": could not find dataconnect.yaml in `d:\SEVANI\dataconnect`
 {"metadata":{"emulator":{"name":"dataconnect"},"message":"E0401 09:53:01.240738   20728 watch.go:40] Failed to load config from \"d:\\\\SEVANI\\\\dataconnect\": could not find dataconnect.yaml in `d:\\SEVANI\\dataconnect`\n"}}
[debug] [2026-04-01T02:53:11.238Z] E0401 09:53:11.238053   20728 watch.go:40] Failed to load config from "d:\\SEVANI\\dataconnect": could not find dataconnect.yaml in `d:\SEVANI\dataconnect`
 {"metadata":{"emulator":{"name":"dataconnect"},"message":"E0401 09:53:11.238053   20728 watch.go:40] Failed to load config from \"d:\\\\SEVANI\\\\dataconnect\": could not find dataconnect.yaml in `d:\\SEVANI\\dataconnect`\n"}}
[debug] [2026-04-01T02:53:21.238Z] E0401 09:53:21.237844   20728 watch.go:40] Failed to load config from "d:\\SEVANI\\dataconnect": could not find dataconnect.yaml in `d:\SEVANI\dataconnect`
 {"metadata":{"emulator":{"name":"dataconnect"},"message":"E0401 09:53:21.237844   20728 watch.go:40] Failed to load config from \"d:\\\\SEVANI\\\\dataconnect\": could not find dataconnect.yaml in `d:\\SEVANI\\dataconnect`\n"}}
[debug] [2026-04-01T02:53:31.238Z] E0401 09:53:31.238290   20728 watch.go:40] Failed to load config from "d:\\SEVANI\\dataconnect": could not find dataconnect.yaml in `d:\SEVANI\dataconnect`
 {"metadata":{"emulator":{"name":"dataconnect"},"message":"E0401 09:53:31.238290   20728 watch.go:40] Failed to load config from \"d:\\\\SEVANI\\\\dataconnect\": could not find dataconnect.yaml in `d:\\SEVANI\\dataconnect`\n"}}
[debug] [2026-04-01T02:53:41.237Z] E0401 09:53:41.237999   20728 watch.go:40] Failed to load config from "d:\\SEVANI\\dataconnect": could not find dataconnect.yaml in `d:\SEVANI\dataconnect`
 {"metadata":{"emulator":{"name":"dataconnect"},"message":"E0401 09:53:41.237999   20728 watch.go:40] Failed to load config from \"d:\\\\SEVANI\\\\dataconnect\": could not find dataconnect.yaml in `d:\\SEVANI\\dataconnect`\n"}}
[debug] [2026-04-01T02:53:51.238Z] E0401 09:53:51.238050   20728 watch.go:40] Failed to load config from "d:\\SEVANI\\dataconnect": could not find dataconnect.yaml in `d:\SEVANI\dataconnect`
 {"metadata":{"emulator":{"name":"dataconnect"},"message":"E0401 09:53:51.238050   20728 watch.go:40] Failed to load config from \"d:\\\\SEVANI\\\\dataconnect\": could not find dataconnect.yaml in `d:\\SEVANI\\dataconnect`\n"}}
[debug] [2026-04-01T02:54:01.238Z] E0401 09:54:01.238253   20728 watch.go:116] watchAllDir unable to walk dir `d:\SEVANI\dataconnect`: GetFileAttributesEx d:\SEVANI\dataconnect: The system cannot find the file specified.
 {"metadata":{"emulator":{"name":"dataconnect"},"message":"E0401 09:54:01.238253   20728 watch.go:116] watchAllDir unable to walk dir `d:\\SEVANI\\dataconnect`: GetFileAttributesEx d:\\SEVANI\\dataconnect: The system cannot find the file specified.\n"}}
[debug] [2026-04-01T02:54:01.239Z] E0401 09:54:01.239394   20728 watch.go:40] Failed to load config from "d:\\SEVANI\\dataconnect": could not find dataconnect.yaml in `d:\SEVANI\dataconnect`
 {"metadata":{"emulator":{"name":"dataconnect"},"message":"E0401 09:54:01.239394   20728 watch.go:40] Failed to load config from \"d:\\\\SEVANI\\\\dataconnect\": could not find dataconnect.yaml in `d:\\SEVANI\\dataconnect`\n"}}
[debug] [2026-04-01T02:54:11.239Z] E0401 09:54:11.240040   20728 watch.go:40] Failed to load config from "d:\\SEVANI\\dataconnect": could not find dataconnect.yaml in `d:\SEVANI\dataconnect`
 {"metadata":{"emulator":{"name":"dataconnect"},"message":"E0401 09:54:11.240040   20728 watch.go:40] Failed to load config from \"d:\\\\SEVANI\\\\dataconnect\": could not find dataconnect.yaml in `d:\\SEVANI\\dataconnect`\n"}}
[debug] [2026-04-01T02:54:21.238Z] E0401 09:54:21.238655   20728 watch.go:40] Failed to load config from "d:\\SEVANI\\dataconnect": could not find dataconnect.yaml in `d:\SEVANI\dataconnect`
 {"metadata":{"emulator":{"name":"dataconnect"},"message":"E0401 09:54:21.238655   20728 watch.go:40] Failed to load config from \"d:\\\\SEVANI\\\\dataconnect\": could not find dataconnect.yaml in `d:\\SEVANI\\dataconnect`\n"}}
[debug] [2026-04-01T02:54:31.240Z] E0401 09:54:31.240820   20728 watch.go:40] Failed to load config from "d:\\SEVANI\\dataconnect": could not find dataconnect.yaml in `d:\SEVANI\dataconnect`
 {"metadata":{"emulator":{"name":"dataconnect"},"message":"E0401 09:54:31.240820   20728 watch.go:40] Failed to load config from \"d:\\\\SEVANI\\\\dataconnect\": could not find dataconnect.yaml in `d:\\SEVANI\\dataconnect`\n"}}
[debug] [2026-04-01T02:54:41.238Z] E0401 09:54:41.238237   20728 watch.go:40] Failed to load config from "d:\\SEVANI\\dataconnect": could not find dataconnect.yaml in `d:\SEVANI\dataconnect`
 {"metadata":{"emulator":{"name":"dataconnect"},"message":"E0401 09:54:41.238237   20728 watch.go:40] Failed to load config from \"d:\\\\SEVANI\\\\dataconnect\": could not find dataconnect.yaml in `d:\\SEVANI\\dataconnect`\n"}}
[debug] [2026-04-01T02:54:51.237Z] E0401 09:54:51.237759   20728 watch.go:40] Failed to load config from "d:\\SEVANI\\dataconnect": could not find dataconnect.yaml in `d:\SEVANI\dataconnect`
 {"metadata":{"emulator":{"name":"dataconnect"},"message":"E0401 09:54:51.237759   20728 watch.go:40] Failed to load config from \"d:\\\\SEVANI\\\\dataconnect\": could not find dataconnect.yaml in `d:\\SEVANI\\dataconnect`\n"}}
[debug] [2026-04-01T02:55:01.239Z] E0401 09:55:01.238290   20728 watch.go:116] watchAllDir unable to walk dir `d:\SEVANI\dataconnect`: GetFileAttributesEx d:\SEVANI\dataconnect: The system cannot find the file specified.
 {"metadata":{"emulator":{"name":"dataconnect"},"message":"E0401 09:55:01.238290   20728 watch.go:116] watchAllDir unable to walk dir `d:\\SEVANI\\dataconnect`: GetFileAttributesEx d:\\SEVANI\\dataconnect: The system cannot find the file specified.\n"}}
[debug] [2026-04-01T02:55:01.240Z] E0401 09:55:01.239325   20728 watch.go:40] Failed to load config from "d:\\SEVANI\\dataconnect": could not find dataconnect.yaml in `d:\SEVANI\dataconnect`
 {"metadata":{"emulator":{"name":"dataconnect"},"message":"E0401 09:55:01.239325   20728 watch.go:40] Failed to load config from \"d:\\\\SEVANI\\\\dataconnect\": could not find dataconnect.yaml in `d:\\SEVANI\\dataconnect`\n"}}
[debug] [2026-04-01T02:55:11.239Z] E0401 09:55:11.238933   20728 watch.go:40] Failed to load config from "d:\\SEVANI\\dataconnect": could not find dataconnect.yaml in `d:\SEVANI\dataconnect`
 {"metadata":{"emulator":{"name":"dataconnect"},"message":"E0401 09:55:11.238933   20728 watch.go:40] Failed to load config from \"d:\\\\SEVANI\\\\dataconnect\": could not find dataconnect.yaml in `d:\\SEVANI\\dataconnect`\n"}}
[debug] [2026-04-01T02:55:21.238Z] E0401 09:55:21.238183   20728 watch.go:40] Failed to load config from "d:\\SEVANI\\dataconnect": could not find dataconnect.yaml in `d:\SEVANI\dataconnect`
 {"metadata":{"emulator":{"name":"dataconnect"},"message":"E0401 09:55:21.238183   20728 watch.go:40] Failed to load config from \"d:\\\\SEVANI\\\\dataconnect\": could not find dataconnect.yaml in `d:\\SEVANI\\dataconnect`\n"}}
[debug] [2026-04-01T02:55:31.238Z] E0401 09:55:31.238109   20728 watch.go:40] Failed to load config from "d:\\SEVANI\\dataconnect": could not find dataconnect.yaml in `d:\SEVANI\dataconnect`
 {"metadata":{"emulator":{"name":"dataconnect"},"message":"E0401 09:55:31.238109   20728 watch.go:40] Failed to load config from \"d:\\\\SEVANI\\\\dataconnect\": could not find dataconnect.yaml in `d:\\SEVANI\\dataconnect`\n"}}
[debug] [2026-04-01T02:55:41.238Z] E0401 09:55:41.238169   20728 watch.go:40] Failed to load config from "d:\\SEVANI\\dataconnect": could not find dataconnect.yaml in `d:\SEVANI\dataconnect`
 {"metadata":{"emulator":{"name":"dataconnect"},"message":"E0401 09:55:41.238169   20728 watch.go:40] Failed to load config from \"d:\\\\SEVANI\\\\dataconnect\": could not find dataconnect.yaml in `d:\\SEVANI\\dataconnect`\n"}}
[debug] [2026-04-01T02:55:51.239Z] E0401 09:55:51.238404   20728 watch.go:40] Failed to load config from "d:\\SEVANI\\dataconnect": could not find dataconnect.yaml in `d:\SEVANI\dataconnect`
 {"metadata":{"emulator":{"name":"dataconnect"},"message":"E0401 09:55:51.238404   20728 watch.go:40] Failed to load config from \"d:\\\\SEVANI\\\\dataconnect\": could not find dataconnect.yaml in `d:\\SEVANI\\dataconnect`\n"}}
[debug] [2026-04-01T02:56:01.238Z] E0401 09:56:01.238028   20728 watch.go:116] watchAllDir unable to walk dir `d:\SEVANI\dataconnect`: GetFileAttributesEx d:\SEVANI\dataconnect: The system cannot find the file specified.
 {"metadata":{"emulator":{"name":"dataconnect"},"message":"E0401 09:56:01.238028   20728 watch.go:116] watchAllDir unable to walk dir `d:\\SEVANI\\dataconnect`: GetFileAttributesEx d:\\SEVANI\\dataconnect: The system cannot find the file specified.\n"}}
[debug] [2026-04-01T02:56:01.240Z] E0401 09:56:01.239160   20728 watch.go:40] Failed to load config from "d:\\SEVANI\\dataconnect": could not find dataconnect.yaml in `d:\SEVANI\dataconnect`
 {"metadata":{"emulator":{"name":"dataconnect"},"message":"E0401 09:56:01.239160   20728 watch.go:40] Failed to load config from \"d:\\\\SEVANI\\\\dataconnect\": could not find dataconnect.yaml in `d:\\SEVANI\\dataconnect`\n"}}
[debug] [2026-04-01T02:56:11.238Z] E0401 09:56:11.238439   20728 watch.go:40] Failed to load config from "d:\\SEVANI\\dataconnect": could not find dataconnect.yaml in `d:\SEVANI\dataconnect`
 {"metadata":{"emulator":{"name":"dataconnect"},"message":"E0401 09:56:11.238439   20728 watch.go:40] Failed to load config from \"d:\\\\SEVANI\\\\dataconnect\": could not find dataconnect.yaml in `d:\\SEVANI\\dataconnect`\n"}}
[debug] [2026-04-01T02:56:21.238Z] E0401 09:56:21.238711   20728 watch.go:40] Failed to load config from "d:\\SEVANI\\dataconnect": could not find dataconnect.yaml in `d:\SEVANI\dataconnect`
 {"metadata":{"emulator":{"name":"dataconnect"},"message":"E0401 09:56:21.238711   20728 watch.go:40] Failed to load config from \"d:\\\\SEVANI\\\\dataconnect\": could not find dataconnect.yaml in `d:\\SEVANI\\dataconnect`\n"}}
[debug] [2026-04-01T02:56:31.238Z] E0401 09:56:31.237975   20728 watch.go:40] Failed to load config from "d:\\SEVANI\\dataconnect": could not find dataconnect.yaml in `d:\SEVANI\dataconnect`
 {"metadata":{"emulator":{"name":"dataconnect"},"message":"E0401 09:56:31.237975   20728 watch.go:40] Failed to load config from \"d:\\\\SEVANI\\\\dataconnect\": could not find dataconnect.yaml in `d:\\SEVANI\\dataconnect`\n"}}
[debug] [2026-04-01T02:56:41.238Z] E0401 09:56:41.238016   20728 watch.go:40] Failed to load config from "d:\\SEVANI\\dataconnect": could not find dataconnect.yaml in `d:\SEVANI\dataconnect`
 {"metadata":{"emulator":{"name":"dataconnect"},"message":"E0401 09:56:41.238016   20728 watch.go:40] Failed to load config from \"d:\\\\SEVANI\\\\dataconnect\": could not find dataconnect.yaml in `d:\\SEVANI\\dataconnect`\n"}}
[debug] [2026-04-01T02:56:51.238Z] E0401 09:56:51.238557   20728 watch.go:40] Failed to load config from "d:\\SEVANI\\dataconnect": could not find dataconnect.yaml in `d:\SEVANI\dataconnect`
 {"metadata":{"emulator":{"name":"dataconnect"},"message":"E0401 09:56:51.238557   20728 watch.go:40] Failed to load config from \"d:\\\\SEVANI\\\\dataconnect\": could not find dataconnect.yaml in `d:\\SEVANI\\dataconnect`\n"}}
[debug] [2026-04-01T02:57:01.238Z] E0401 09:57:01.238852   20728 watch.go:116] watchAllDir unable to walk dir `d:\SEVANI\dataconnect`: GetFileAttributesEx d:\SEVANI\dataconnect: The system cannot find the file specified.
E0401 09:57:01.238852   20728 watch.go:40] Failed to load config from "d:\\SEVANI\\dataconnect": could not find dataconnect.yaml in `d:\SEVANI\dataconnect`
 {"metadata":{"emulator":{"name":"dataconnect"},"message":"E0401 09:57:01.238852   20728 watch.go:116] watchAllDir unable to walk dir `d:\\SEVANI\\dataconnect`: GetFileAttributesEx d:\\SEVANI\\dataconnect: The system cannot find the file specified.\nE0401 09:57:01.238852   20728 watch.go:40] Failed to load config from \"d:\\\\SEVANI\\\\dataconnect\": could not find dataconnect.yaml in `d:\\SEVANI\\dataconnect`\n"}}
[debug] [2026-04-01T02:57:11.237Z] E0401 09:57:11.238127   20728 watch.go:40] Failed to load config from "d:\\SEVANI\\dataconnect": could not find dataconnect.yaml in `d:\SEVANI\dataconnect`
 {"metadata":{"emulator":{"name":"dataconnect"},"message":"E0401 09:57:11.238127   20728 watch.go:40] Failed to load config from \"d:\\\\SEVANI\\\\dataconnect\": could not find dataconnect.yaml in `d:\\SEVANI\\dataconnect`\n"}}
[debug] [2026-04-01T02:57:21.237Z] E0401 09:57:21.237806   20728 watch.go:40] Failed to load config from "d:\\SEVANI\\dataconnect": could not find dataconnect.yaml in `d:\SEVANI\dataconnect`
 {"metadata":{"emulator":{"name":"dataconnect"},"message":"E0401 09:57:21.237806   20728 watch.go:40] Failed to load config from \"d:\\\\SEVANI\\\\dataconnect\": could not find dataconnect.yaml in `d:\\SEVANI\\dataconnect`\n"}}
[debug] [2026-04-01T02:57:31.238Z] E0401 09:57:31.238372   20728 watch.go:40] Failed to load config from "d:\\SEVANI\\dataconnect": could not find dataconnect.yaml in `d:\SEVANI\dataconnect`
 {"metadata":{"emulator":{"name":"dataconnect"},"message":"E0401 09:57:31.238372   20728 watch.go:40] Failed to load config from \"d:\\\\SEVANI\\\\dataconnect\": could not find dataconnect.yaml in `d:\\SEVANI\\dataconnect`\n"}}
[debug] [2026-04-01T02:57:41.237Z] E0401 09:57:41.238686   20728 watch.go:40] Failed to load config from "d:\\SEVANI\\dataconnect": could not find dataconnect.yaml in `d:\SEVANI\dataconnect`
 {"metadata":{"emulator":{"name":"dataconnect"},"message":"E0401 09:57:41.238686   20728 watch.go:40] Failed to load config from \"d:\\\\SEVANI\\\\dataconnect\": could not find dataconnect.yaml in `d:\\SEVANI\\dataconnect`\n"}}
[debug] [2026-04-01T02:57:51.238Z] E0401 09:57:51.238012   20728 watch.go:40] Failed to load config from "d:\\SEVANI\\dataconnect": could not find dataconnect.yaml in `d:\SEVANI\dataconnect`
 {"metadata":{"emulator":{"name":"dataconnect"},"message":"E0401 09:57:51.238012   20728 watch.go:40] Failed to load config from \"d:\\\\SEVANI\\\\dataconnect\": could not find dataconnect.yaml in `d:\\SEVANI\\dataconnect`\n"}}
[debug] [2026-04-01T02:58:01.237Z] E0401 09:58:01.238131   20728 watch.go:116] watchAllDir unable to walk dir `d:\SEVANI\dataconnect`: GetFileAttributesEx d:\SEVANI\dataconnect: The system cannot find the file specified.
 {"metadata":{"emulator":{"name":"dataconnect"},"message":"E0401 09:58:01.238131   20728 watch.go:116] watchAllDir unable to walk dir `d:\\SEVANI\\dataconnect`: GetFileAttributesEx d:\\SEVANI\\dataconnect: The system cannot find the file specified.\n"}}
[debug] [2026-04-01T02:58:01.239Z] E0401 09:58:01.238643   20728 watch.go:40] Failed to load config from "d:\\SEVANI\\dataconnect": could not find dataconnect.yaml in `d:\SEVANI\dataconnect`
 {"metadata":{"emulator":{"name":"dataconnect"},"message":"E0401 09:58:01.238643   20728 watch.go:40] Failed to load config from \"d:\\\\SEVANI\\\\dataconnect\": could not find dataconnect.yaml in `d:\\SEVANI\\dataconnect`\n"}}
[debug] [2026-04-01T02:58:11.240Z] E0401 09:58:11.239884   20728 watch.go:40] Failed to load config from "d:\\SEVANI\\dataconnect": could not find dataconnect.yaml in `d:\SEVANI\dataconnect`
 {"metadata":{"emulator":{"name":"dataconnect"},"message":"E0401 09:58:11.239884   20728 watch.go:40] Failed to load config from \"d:\\\\SEVANI\\\\dataconnect\": could not find dataconnect.yaml in `d:\\SEVANI\\dataconnect`\n"}}
[debug] [2026-04-01T02:58:21.238Z] E0401 09:58:21.238124   20728 watch.go:40] Failed to load config from "d:\\SEVANI\\dataconnect": could not find dataconnect.yaml in `d:\SEVANI\dataconnect`
 {"metadata":{"emulator":{"name":"dataconnect"},"message":"E0401 09:58:21.238124   20728 watch.go:40] Failed to load config from \"d:\\\\SEVANI\\\\dataconnect\": could not find dataconnect.yaml in `d:\\SEVANI\\dataconnect`\n"}}
[debug] [2026-04-01T02:58:31.238Z] E0401 09:58:31.238674   20728 watch.go:40] Failed to load config from "d:\\SEVANI\\dataconnect": could not find dataconnect.yaml in `d:\SEVANI\dataconnect`
 {"metadata":{"emulator":{"name":"dataconnect"},"message":"E0401 09:58:31.238674   20728 watch.go:40] Failed to load config from \"d:\\\\SEVANI\\\\dataconnect\": could not find dataconnect.yaml in `d:\\SEVANI\\dataconnect`\n"}}
[debug] [2026-04-01T02:58:41.237Z] E0401 09:58:41.238136   20728 watch.go:40] Failed to load config from "d:\\SEVANI\\dataconnect": could not find dataconnect.yaml in `d:\SEVANI\dataconnect`
 {"metadata":{"emulator":{"name":"dataconnect"},"message":"E0401 09:58:41.238136   20728 watch.go:40] Failed to load config from \"d:\\\\SEVANI\\\\dataconnect\": could not find dataconnect.yaml in `d:\\SEVANI\\dataconnect`\n"}}
[debug] [2026-04-01T02:58:51.238Z] E0401 09:58:51.238452   20728 watch.go:40] Failed to load config from "d:\\SEVANI\\dataconnect": could not find dataconnect.yaml in `d:\SEVANI\dataconnect`
 {"metadata":{"emulator":{"name":"dataconnect"},"message":"E0401 09:58:51.238452   20728 watch.go:40] Failed to load config from \"d:\\\\SEVANI\\\\dataconnect\": could not find dataconnect.yaml in `d:\\SEVANI\\dataconnect`\n"}}
[debug] [2026-04-01T02:59:01.238Z] E0401 09:59:01.238185   20728 watch.go:116] watchAllDir unable to walk dir `d:\SEVANI\dataconnect`: GetFileAttributesEx d:\SEVANI\dataconnect: The system cannot find the file specified.
 {"metadata":{"emulator":{"name":"dataconnect"},"message":"E0401 09:59:01.238185   20728 watch.go:116] watchAllDir unable to walk dir `d:\\SEVANI\\dataconnect`: GetFileAttributesEx d:\\SEVANI\\dataconnect: The system cannot find the file specified.\n"}}
[debug] [2026-04-01T02:59:01.239Z] E0401 09:59:01.238185   20728 watch.go:40] Failed to load config from "d:\\SEVANI\\dataconnect": could not find dataconnect.yaml in `d:\SEVANI\dataconnect`
 {"metadata":{"emulator":{"name":"dataconnect"},"message":"E0401 09:59:01.238185   20728 watch.go:40] Failed to load config from \"d:\\\\SEVANI\\\\dataconnect\": could not find dataconnect.yaml in `d:\\SEVANI\\dataconnect`\n"}}
[debug] [2026-04-01T02:59:11.239Z] E0401 09:59:11.238655   20728 watch.go:40] Failed to load config from "d:\\SEVANI\\dataconnect": could not find dataconnect.yaml in `d:\SEVANI\dataconnect`
 {"metadata":{"emulator":{"name":"dataconnect"},"message":"E0401 09:59:11.238655   20728 watch.go:40] Failed to load config from \"d:\\\\SEVANI\\\\dataconnect\": could not find dataconnect.yaml in `d:\\SEVANI\\dataconnect`\n"}}
[debug] [2026-04-01T02:59:21.239Z] E0401 09:59:21.237915   20728 watch.go:40] Failed to load config from "d:\\SEVANI\\dataconnect": could not find dataconnect.yaml in `d:\SEVANI\dataconnect`
 {"metadata":{"emulator":{"name":"dataconnect"},"message":"E0401 09:59:21.237915   20728 watch.go:40] Failed to load config from \"d:\\\\SEVANI\\\\dataconnect\": could not find dataconnect.yaml in `d:\\SEVANI\\dataconnect`\n"}}
[debug] [2026-04-01T02:59:31.241Z] E0401 09:59:31.240793   20728 watch.go:40] Failed to load config from "d:\\SEVANI\\dataconnect": could not find dataconnect.yaml in `d:\SEVANI\dataconnect`
 {"metadata":{"emulator":{"name":"dataconnect"},"message":"E0401 09:59:31.240793   20728 watch.go:40] Failed to load config from \"d:\\\\SEVANI\\\\dataconnect\": could not find dataconnect.yaml in `d:\\SEVANI\\dataconnect`\n"}}
[debug] [2026-04-01T02:59:41.238Z] E0401 09:59:41.238074   20728 watch.go:40] Failed to load config from "d:\\SEVANI\\dataconnect": could not find dataconnect.yaml in `d:\SEVANI\dataconnect`
 {"metadata":{"emulator":{"name":"dataconnect"},"message":"E0401 09:59:41.238074   20728 watch.go:40] Failed to load config from \"d:\\\\SEVANI\\\\dataconnect\": could not find dataconnect.yaml in `d:\\SEVANI\\dataconnect`\n"}}
[debug] [2026-04-01T02:59:51.238Z] E0401 09:59:51.237999   20728 watch.go:40] Failed to load config from "d:\\SEVANI\\dataconnect": could not find dataconnect.yaml in `d:\SEVANI\dataconnect`
 {"metadata":{"emulator":{"name":"dataconnect"},"message":"E0401 09:59:51.237999   20728 watch.go:40] Failed to load config from \"d:\\\\SEVANI\\\\dataconnect\": could not find dataconnect.yaml in `d:\\SEVANI\\dataconnect`\n"}}
[debug] [2026-04-01T03:00:01.238Z] E0401 10:00:01.238291   20728 watch.go:116] watchAllDir unable to walk dir `d:\SEVANI\dataconnect`: GetFileAttributesEx d:\SEVANI\dataconnect: The system cannot find the file specified.
E0401 10:00:01.238291   20728 watch.go:40] Failed to load config from "d:\\SEVANI\\dataconnect": could not find dataconnect.yaml in `d:\SEVANI\dataconnect`
 {"metadata":{"emulator":{"name":"dataconnect"},"message":"E0401 10:00:01.238291   20728 watch.go:116] watchAllDir unable to walk dir `d:\\SEVANI\\dataconnect`: GetFileAttributesEx d:\\SEVANI\\dataconnect: The system cannot find the file specified.\nE0401 10:00:01.238291   20728 watch.go:40] Failed to load config from \"d:\\\\SEVANI\\\\dataconnect\": could not find dataconnect.yaml in `d:\\SEVANI\\dataconnect`\n"}}
[debug] [2026-04-01T03:00:11.238Z] E0401 10:00:11.238220   20728 watch.go:40] Failed to load config from "d:\\SEVANI\\dataconnect": could not find dataconnect.yaml in `d:\SEVANI\dataconnect`
 {"metadata":{"emulator":{"name":"dataconnect"},"message":"E0401 10:00:11.238220   20728 watch.go:40] Failed to load config from \"d:\\\\SEVANI\\\\dataconnect\": could not find dataconnect.yaml in `d:\\SEVANI\\dataconnect`\n"}}
[debug] [2026-04-01T03:00:21.238Z] E0401 10:00:21.238163   20728 watch.go:40] Failed to load config from "d:\\SEVANI\\dataconnect": could not find dataconnect.yaml in `d:\SEVANI\dataconnect`
 {"metadata":{"emulator":{"name":"dataconnect"},"message":"E0401 10:00:21.238163   20728 watch.go:40] Failed to load config from \"d:\\\\SEVANI\\\\dataconnect\": could not find dataconnect.yaml in `d:\\SEVANI\\dataconnect`\n"}}
[debug] [2026-04-01T03:00:31.239Z] E0401 10:00:31.238874   20728 watch.go:40] Failed to load config from "d:\\SEVANI\\dataconnect": could not find dataconnect.yaml in `d:\SEVANI\dataconnect`
 {"metadata":{"emulator":{"name":"dataconnect"},"message":"E0401 10:00:31.238874   20728 watch.go:40] Failed to load config from \"d:\\\\SEVANI\\\\dataconnect\": could not find dataconnect.yaml in `d:\\SEVANI\\dataconnect`\n"}}
[debug] [2026-04-01T03:00:41.238Z] E0401 10:00:41.238018   20728 watch.go:40] Failed to load config from "d:\\SEVANI\\dataconnect": could not find dataconnect.yaml in `d:\SEVANI\dataconnect`
 {"metadata":{"emulator":{"name":"dataconnect"},"message":"E0401 10:00:41.238018   20728 watch.go:40] Failed to load config from \"d:\\\\SEVANI\\\\dataconnect\": could not find dataconnect.yaml in `d:\\SEVANI\\dataconnect`\n"}}
[debug] [2026-04-01T03:00:51.238Z] E0401 10:00:51.238738   20728 watch.go:40] Failed to load config from "d:\\SEVANI\\dataconnect": could not find dataconnect.yaml in `d:\SEVANI\dataconnect`
 {"metadata":{"emulator":{"name":"dataconnect"},"message":"E0401 10:00:51.238738   20728 watch.go:40] Failed to load config from \"d:\\\\SEVANI\\\\dataconnect\": could not find dataconnect.yaml in `d:\\SEVANI\\dataconnect`\n"}}
[debug] [2026-04-01T03:23:26.158Z] E0401 10:23:26.157848   20728 watch.go:116] watchAllDir unable to walk dir `d:\SEVANI\dataconnect`: GetFileAttributesEx d:\SEVANI\dataconnect: The system cannot find the file specified.
 {"metadata":{"emulator":{"name":"dataconnect"},"message":"E0401 10:23:26.157848   20728 watch.go:116] watchAllDir unable to walk dir `d:\\SEVANI\\dataconnect`: GetFileAttributesEx d:\\SEVANI\\dataconnect: The system cannot find the file specified.\n"}}
[debug] [2026-04-01T03:23:26.159Z] E0401 10:23:26.157848   20728 watch.go:40] Failed to load config from "d:\\SEVANI\\dataconnect": could not find dataconnect.yaml in `d:\SEVANI\dataconnect`
 {"metadata":{"emulator":{"name":"dataconnect"},"message":"E0401 10:23:26.157848   20728 watch.go:40] Failed to load config from \"d:\\\\SEVANI\\\\dataconnect\": could not find dataconnect.yaml in `d:\\SEVANI\\dataconnect`\n"}}
[debug] [2026-04-01T03:23:31.239Z] E0401 10:23:31.238684   20728 watch.go:40] Failed to load config from "d:\\SEVANI\\dataconnect": could not find dataconnect.yaml in `d:\SEVANI\dataconnect`
 {"metadata":{"emulator":{"name":"dataconnect"},"message":"E0401 10:23:31.238684   20728 watch.go:40] Failed to load config from \"d:\\\\SEVANI\\\\dataconnect\": could not find dataconnect.yaml in `d:\\SEVANI\\dataconnect`\n"}}
[debug] [2026-04-01T03:23:41.239Z] E0401 10:23:41.238709   20728 watch.go:40] Failed to load config from "d:\\SEVANI\\dataconnect": could not find dataconnect.yaml in `d:\SEVANI\dataconnect`
 {"metadata":{"emulator":{"name":"dataconnect"},"message":"E0401 10:23:41.238709   20728 watch.go:40] Failed to load config from \"d:\\\\SEVANI\\\\dataconnect\": could not find dataconnect.yaml in `d:\\SEVANI\\dataconnect`\n"}}
[info] [Firebase Plugin] Stopping Data Connect toolkit
[warn] !  Data Connect Emulator has exited upon receiving signal: SIGINT 
[debug] [2026-04-01T14:00:22.317Z] [Firebase Plugin] Activating Firebase extension.
[info] [Firebase Plugin] Unable to check firebase-tools installation: TypeError: fetch failed
[debug] [2026-04-01T14:00:35.178Z] [Firebase Plugin] requireAuthWrapper
[debug] [2026-04-01T14:00:35.179Z] > command requires scopes: ["email","openid","https://www.googleapis.com/auth/cloudplatformprojects.readonly","https://www.googleapis.com/auth/firebase","https://www.googleapis.com/auth/cloud-platform"]
[debug] [2026-04-01T14:00:35.180Z] > authorizing via signed-in user (jarpakterobos2025@gmail.com)
[debug] [2026-04-01T14:00:35.183Z] Checked if tokens are valid: false, expires at: 1774967400082
[debug] [2026-04-01T14:00:35.183Z] Checked if tokens are valid: false, expires at: 1774967400082
[debug] [2026-04-01T14:00:35.183Z] > refreshing access token with scopes: []
[debug] [2026-04-01T14:00:35.186Z] >>> [apiv2][query] POST https://www.googleapis.com/oauth2/v3/token [none]
[debug] [2026-04-01T14:00:35.189Z] >>> [apiv2][body] POST https://www.googleapis.com/oauth2/v3/token [omitted]
[debug] [2026-04-01T14:00:35.201Z] [Firebase Plugin] VSCode notification server listening on port 40001
[info] [Firebase Plugin] Starting Data Connect toolkit (version 3.3.1) on port 50001
[debug] [2026-04-01T14:00:36.854Z] 'fdc build' failed with error: Unable to build your Data Connect schema and connectors (exit code 1): E0401 21:00:36.758729   30848 cmd.go:43] Error loading data connect config: could not find dataconnect.yaml in `d:\SEVANI\dataconnect`
 {"metadata":{"emulator":{"name":"dataconnect"},"message":"'fdc build' failed with error: Unable to build your Data Connect schema and connectors (exit code 1): E0401 21:00:36.758729   30848 cmd.go:43] Error loading data connect config: could not find dataconnect.yaml in `d:\\SEVANI\\dataconnect`\n"}}
[debug] [2026-04-01T14:00:36.855Z] Ignoring unsupported arg: auto_download {"metadata":{"emulator":{"name":"dataconnect"},"message":"Ignoring unsupported arg: auto_download"}}
[debug] [2026-04-01T14:00:36.855Z] Ignoring unsupported arg: port {"metadata":{"emulator":{"name":"dataconnect"},"message":"Ignoring unsupported arg: port"}}
[debug] [2026-04-01T14:00:36.856Z] Starting Data Connect Emulator with command {"binary":"C:\\Users\\acer\\.cache\\firebase\\emulators\\dataconnect-emulator-3.3.1.exe","args":["--logtostderr","-v=2","dev","--listen=localhost:50001","--config_dir=d:\\SEVANI\\dataconnect","--enable_output_schema_extensions=true","--enable_output_generated_sdk=true"],"optionalArgs":["listen","config_dir","enable_output_schema_extensions","enable_output_generated_sdk"],"joinArgs":true,"shell":false,"port":9399} {"metadata":{"emulator":{"name":"dataconnect"},"message":"Starting Data Connect Emulator with command {\"binary\":\"C:\\\\Users\\\\acer\\\\.cache\\\\firebase\\\\emulators\\\\dataconnect-emulator-3.3.1.exe\",\"args\":[\"--logtostderr\",\"-v=2\",\"dev\",\"--listen=localhost:50001\",\"--config_dir=d:\\\\SEVANI\\\\dataconnect\",\"--enable_output_schema_extensions=true\",\"--enable_output_generated_sdk=true\"],\"optionalArgs\":[\"listen\",\"config_dir\",\"enable_output_schema_extensions\",\"enable_output_generated_sdk\"],\"joinArgs\":true,\"shell\":false,\"port\":9399}"}}
[info] i  dataconnect: Data Connect Emulator logging to dataconnect-debug.log {"metadata":{"emulator":{"name":"dataconnect"},"message":"Data Connect Emulator logging to \u001b[1mdataconnect-debug.log\u001b[22m"}}
[debug] [2026-04-01T14:00:37.331Z] E0401 21:00:37.158163   30688 dev.go:83] Failed to load initial config from "d:\\SEVANI\\dataconnect": could not find dataconnect.yaml in `d:\SEVANI\dataconnect`
E0401 21:00:37.160475   30688 watch.go:116] watchAllDir unable to walk dir `d:\SEVANI\dataconnect`: GetFileAttributesEx d:\SEVANI\dataconnect: The system cannot find the file specified.
I0401 21:00:37.183714   30688 dev.go:104] Listening on address (HTTP + gRPC): 127.0.0.1:50001
 {"metadata":{"emulator":{"name":"dataconnect"},"message":"E0401 21:00:37.158163   30688 dev.go:83] Failed to load initial config from \"d:\\\\SEVANI\\\\dataconnect\": could not find dataconnect.yaml in `d:\\SEVANI\\dataconnect`\nE0401 21:00:37.160475   30688 watch.go:116] watchAllDir unable to walk dir `d:\\SEVANI\\dataconnect`: GetFileAttributesEx d:\\SEVANI\\dataconnect: The system cannot find the file specified.\nI0401 21:00:37.183714   30688 dev.go:104] Listening on address (HTTP + gRPC): 127.0.0.1:50001\n"}}
[error] [Firebase Plugin] error:  {}
[debug] [2026-04-01T14:00:47.166Z] E0401 21:00:47.165478   30688 watch.go:40] Failed to load config from "d:\\SEVANI\\dataconnect": could not find dataconnect.yaml in `d:\SEVANI\dataconnect`
 {"metadata":{"emulator":{"name":"dataconnect"},"message":"E0401 21:00:47.165478   30688 watch.go:40] Failed to load config from \"d:\\\\SEVANI\\\\dataconnect\": could not find dataconnect.yaml in `d:\\SEVANI\\dataconnect`\n"}}
[debug] [2026-04-01T14:00:57.166Z] E0401 21:00:57.165827   30688 watch.go:40] Failed to load config from "d:\\SEVANI\\dataconnect": could not find dataconnect.yaml in `d:\SEVANI\dataconnect`
 {"metadata":{"emulator":{"name":"dataconnect"},"message":"E0401 21:00:57.165827   30688 watch.go:40] Failed to load config from \"d:\\\\SEVANI\\\\dataconnect\": could not find dataconnect.yaml in `d:\\SEVANI\\dataconnect`\n"}}
[debug] [2026-04-01T14:01:07.166Z] E0401 21:01:07.165691   30688 watch.go:40] Failed to load config from "d:\\SEVANI\\dataconnect": could not find dataconnect.yaml in `d:\SEVANI\dataconnect`
 {"metadata":{"emulator":{"name":"dataconnect"},"message":"E0401 21:01:07.165691   30688 watch.go:40] Failed to load config from \"d:\\\\SEVANI\\\\dataconnect\": could not find dataconnect.yaml in `d:\\SEVANI\\dataconnect`\n"}}
[debug] [2026-04-01T14:01:17.166Z] E0401 21:01:17.165678   30688 watch.go:40] Failed to load config from "d:\\SEVANI\\dataconnect": could not find dataconnect.yaml in `d:\SEVANI\dataconnect`
 {"metadata":{"emulator":{"name":"dataconnect"},"message":"E0401 21:01:17.165678   30688 watch.go:40] Failed to load config from \"d:\\\\SEVANI\\\\dataconnect\": could not find dataconnect.yaml in `d:\\SEVANI\\dataconnect`\n"}}
[debug] [2026-04-01T14:01:24.603Z] *** [apiv2] error from fetch(https://www.googleapis.com/oauth2/v3/token, {"headers":{},"method":"POST","body":{"_overheadLength":545,"_valueLength":212,"_valuesToMeasure":[],"writable":false,"readable":true,"dataSize":0,"maxDataSize":2097152,"pauseStreams":true,"_released":true,"_streams":[],"_currentStream":null,"_insideLoop":false,"_pendingNext":false,"_boundary":"--------------------------6bbada65e7d72d1b16442cc5","_events":{},"_eventsCount":1}}): FetchError: request to https://www.googleapis.com/oauth2/v3/token failed, reason: socket hang up
[error] Authentication Error: Your credentials are no longer valid. Please run firebase login --reauth

For CI servers and headless environments, generate a new token with firebase login:ci
[error] [Firebase Plugin] requireAuth error: Authentication Error: Your credentials are no longer valid. Please run firebase login --reauth

For CI servers and headless environments, generate a new token with firebase login:ci
[debug] [2026-04-01T14:01:27.166Z] E0401 21:01:27.165767   30688 watch.go:40] Failed to load config from "d:\\SEVANI\\dataconnect": could not find dataconnect.yaml in `d:\SEVANI\dataconnect`
 {"metadata":{"emulator":{"name":"dataconnect"},"message":"E0401 21:01:27.165767   30688 watch.go:40] Failed to load config from \"d:\\\\SEVANI\\\\dataconnect\": could not find dataconnect.yaml in `d:\\SEVANI\\dataconnect`\n"}}
[debug] [2026-04-01T14:01:37.167Z] E0401 21:01:37.166499   30688 watch.go:40] Failed to load config from "d:\\SEVANI\\dataconnect": could not find dataconnect.yaml in `d:\SEVANI\dataconnect`
E0401 21:01:37.166052   30688 watch.go:116] watchAllDir unable to walk dir `d:\SEVANI\dataconnect`: GetFileAttributesEx d:\SEVANI\dataconnect: The system cannot find the file specified.
 {"metadata":{"emulator":{"name":"dataconnect"},"message":"E0401 21:01:37.166499   30688 watch.go:40] Failed to load config from \"d:\\\\SEVANI\\\\dataconnect\": could not find dataconnect.yaml in `d:\\SEVANI\\dataconnect`\nE0401 21:01:37.166052   30688 watch.go:116] watchAllDir unable to walk dir `d:\\SEVANI\\dataconnect`: GetFileAttributesEx d:\\SEVANI\\dataconnect: The system cannot find the file specified.\n"}}
[debug] [2026-04-01T14:01:47.166Z] E0401 21:01:47.165911   30688 watch.go:40] Failed to load config from "d:\\SEVANI\\dataconnect": could not find dataconnect.yaml in `d:\SEVANI\dataconnect`
 {"metadata":{"emulator":{"name":"dataconnect"},"message":"E0401 21:01:47.165911   30688 watch.go:40] Failed to load config from \"d:\\\\SEVANI\\\\dataconnect\": could not find dataconnect.yaml in `d:\\SEVANI\\dataconnect`\n"}}
[debug] [2026-04-01T14:01:57.166Z] E0401 21:01:57.165941   30688 watch.go:40] Failed to load config from "d:\\SEVANI\\dataconnect": could not find dataconnect.yaml in `d:\SEVANI\dataconnect`
 {"metadata":{"emulator":{"name":"dataconnect"},"message":"E0401 21:01:57.165941   30688 watch.go:40] Failed to load config from \"d:\\\\SEVANI\\\\dataconnect\": could not find dataconnect.yaml in `d:\\SEVANI\\dataconnect`\n"}}
[debug] [2026-04-01T14:02:07.168Z] E0401 21:02:07.168728   30688 watch.go:40] Failed to load config from "d:\\SEVANI\\dataconnect": could not find dataconnect.yaml in `d:\SEVANI\dataconnect`
 {"metadata":{"emulator":{"name":"dataconnect"},"message":"E0401 21:02:07.168728   30688 watch.go:40] Failed to load config from \"d:\\\\SEVANI\\\\dataconnect\": could not find dataconnect.yaml in `d:\\SEVANI\\dataconnect`\n"}}
[debug] [2026-04-01T14:02:17.167Z] E0401 21:02:17.165703   30688 watch.go:40] Failed to load config from "d:\\SEVANI\\dataconnect": could not find dataconnect.yaml in `d:\SEVANI\dataconnect`
 {"metadata":{"emulator":{"name":"dataconnect"},"message":"E0401 21:02:17.165703   30688 watch.go:40] Failed to load config from \"d:\\\\SEVANI\\\\dataconnect\": could not find dataconnect.yaml in `d:\\SEVANI\\dataconnect`\n"}}
[debug] [2026-04-01T14:02:27.166Z] E0401 21:02:27.166060   30688 watch.go:40] Failed to load config from "d:\\SEVANI\\dataconnect": could not find dataconnect.yaml in `d:\SEVANI\dataconnect`
 {"metadata":{"emulator":{"name":"dataconnect"},"message":"E0401 21:02:27.166060   30688 watch.go:40] Failed to load config from \"d:\\\\SEVANI\\\\dataconnect\": could not find dataconnect.yaml in `d:\\SEVANI\\dataconnect`\n"}}
[debug] [2026-04-01T14:02:37.169Z] E0401 21:02:37.168173   30688 watch.go:116] watchAllDir unable to walk dir `d:\SEVANI\dataconnect`: GetFileAttributesEx d:\SEVANI\dataconnect: The system cannot find the file specified.
 {"metadata":{"emulator":{"name":"dataconnect"},"message":"E0401 21:02:37.168173   30688 watch.go:116] watchAllDir unable to walk dir `d:\\SEVANI\\dataconnect`: GetFileAttributesEx d:\\SEVANI\\dataconnect: The system cannot find the file specified.\n"}}
[debug] [2026-04-01T14:02:37.182Z] E0401 21:02:37.182338   30688 watch.go:40] Failed to load config from "d:\\SEVANI\\dataconnect": could not find dataconnect.yaml in `d:\SEVANI\dataconnect`
 {"metadata":{"emulator":{"name":"dataconnect"},"message":"E0401 21:02:37.182338   30688 watch.go:40] Failed to load config from \"d:\\\\SEVANI\\\\dataconnect\": could not find dataconnect.yaml in `d:\\SEVANI\\dataconnect`\n"}}
[debug] [2026-04-01T14:02:47.168Z] E0401 21:02:47.168449   30688 watch.go:40] Failed to load config from "d:\\SEVANI\\dataconnect": could not find dataconnect.yaml in `d:\SEVANI\dataconnect`
 {"metadata":{"emulator":{"name":"dataconnect"},"message":"E0401 21:02:47.168449   30688 watch.go:40] Failed to load config from \"d:\\\\SEVANI\\\\dataconnect\": could not find dataconnect.yaml in `d:\\SEVANI\\dataconnect`\n"}}
[debug] [2026-04-01T14:02:57.175Z] E0401 21:02:57.174425   30688 watch.go:40] Failed to load config from "d:\\SEVANI\\dataconnect": could not find dataconnect.yaml in `d:\SEVANI\dataconnect`
 {"metadata":{"emulator":{"name":"dataconnect"},"message":"E0401 21:02:57.174425   30688 watch.go:40] Failed to load config from \"d:\\\\SEVANI\\\\dataconnect\": could not find dataconnect.yaml in `d:\\SEVANI\\dataconnect`\n"}}
[debug] [2026-04-01T14:03:07.166Z] E0401 21:03:07.166286   30688 watch.go:40] Failed to load config from "d:\\SEVANI\\dataconnect": could not find dataconnect.yaml in `d:\SEVANI\dataconnect`
 {"metadata":{"emulator":{"name":"dataconnect"},"message":"E0401 21:03:07.166286   30688 watch.go:40] Failed to load config from \"d:\\\\SEVANI\\\\dataconnect\": could not find dataconnect.yaml in `d:\\SEVANI\\dataconnect`\n"}}
[debug] [2026-04-01T14:03:17.166Z] E0401 21:03:17.166058   30688 watch.go:40] Failed to load config from "d:\\SEVANI\\dataconnect": could not find dataconnect.yaml in `d:\SEVANI\dataconnect`
 {"metadata":{"emulator":{"name":"dataconnect"},"message":"E0401 21:03:17.166058   30688 watch.go:40] Failed to load config from \"d:\\\\SEVANI\\\\dataconnect\": could not find dataconnect.yaml in `d:\\SEVANI\\dataconnect`\n"}}
[debug] [2026-04-01T14:03:27.167Z] E0401 21:03:27.166728   30688 watch.go:40] Failed to load config from "d:\\SEVANI\\dataconnect": could not find dataconnect.yaml in `d:\SEVANI\dataconnect`
 {"metadata":{"emulator":{"name":"dataconnect"},"message":"E0401 21:03:27.166728   30688 watch.go:40] Failed to load config from \"d:\\\\SEVANI\\\\dataconnect\": could not find dataconnect.yaml in `d:\\SEVANI\\dataconnect`\n"}}
[debug] [2026-04-01T14:03:37.166Z] E0401 21:03:37.165935   30688 watch.go:116] watchAllDir unable to walk dir `d:\SEVANI\dataconnect`: GetFileAttributesEx d:\SEVANI\dataconnect: The system cannot find the file specified.
 {"metadata":{"emulator":{"name":"dataconnect"},"message":"E0401 21:03:37.165935   30688 watch.go:116] watchAllDir unable to walk dir `d:\\SEVANI\\dataconnect`: GetFileAttributesEx d:\\SEVANI\\dataconnect: The system cannot find the file specified.\n"}}
[debug] [2026-04-01T14:03:37.171Z] E0401 21:03:37.170958   30688 watch.go:40] Failed to load config from "d:\\SEVANI\\dataconnect": could not find dataconnect.yaml in `d:\SEVANI\dataconnect`
 {"metadata":{"emulator":{"name":"dataconnect"},"message":"E0401 21:03:37.170958   30688 watch.go:40] Failed to load config from \"d:\\\\SEVANI\\\\dataconnect\": could not find dataconnect.yaml in `d:\\SEVANI\\dataconnect`\n"}}
[debug] [2026-04-01T14:03:47.166Z] E0401 21:03:47.166545   30688 watch.go:40] Failed to load config from "d:\\SEVANI\\dataconnect": could not find dataconnect.yaml in `d:\SEVANI\dataconnect`
 {"metadata":{"emulator":{"name":"dataconnect"},"message":"E0401 21:03:47.166545   30688 watch.go:40] Failed to load config from \"d:\\\\SEVANI\\\\dataconnect\": could not find dataconnect.yaml in `d:\\SEVANI\\dataconnect`\n"}}
[debug] [2026-04-01T14:03:57.167Z] E0401 21:03:57.166808   30688 watch.go:40] Failed to load config from "d:\\SEVANI\\dataconnect": could not find dataconnect.yaml in `d:\SEVANI\dataconnect`
 {"metadata":{"emulator":{"name":"dataconnect"},"message":"E0401 21:03:57.166808   30688 watch.go:40] Failed to load config from \"d:\\\\SEVANI\\\\dataconnect\": could not find dataconnect.yaml in `d:\\SEVANI\\dataconnect`\n"}}
[debug] [2026-04-01T14:04:07.165Z] E0401 21:04:07.165776   30688 watch.go:40] Failed to load config from "d:\\SEVANI\\dataconnect": could not find dataconnect.yaml in `d:\SEVANI\dataconnect`
 {"metadata":{"emulator":{"name":"dataconnect"},"message":"E0401 21:04:07.165776   30688 watch.go:40] Failed to load config from \"d:\\\\SEVANI\\\\dataconnect\": could not find dataconnect.yaml in `d:\\SEVANI\\dataconnect`\n"}}
[debug] [2026-04-01T14:04:17.165Z] E0401 21:04:17.165585   30688 watch.go:40] Failed to load config from "d:\\SEVANI\\dataconnect": could not find dataconnect.yaml in `d:\SEVANI\dataconnect`
 {"metadata":{"emulator":{"name":"dataconnect"},"message":"E0401 21:04:17.165585   30688 watch.go:40] Failed to load config from \"d:\\\\SEVANI\\\\dataconnect\": could not find dataconnect.yaml in `d:\\SEVANI\\dataconnect`\n"}}
[debug] [2026-04-01T14:04:27.166Z] E0401 21:04:27.166241   30688 watch.go:40] Failed to load config from "d:\\SEVANI\\dataconnect": could not find dataconnect.yaml in `d:\SEVANI\dataconnect`
 {"metadata":{"emulator":{"name":"dataconnect"},"message":"E0401 21:04:27.166241   30688 watch.go:40] Failed to load config from \"d:\\\\SEVANI\\\\dataconnect\": could not find dataconnect.yaml in `d:\\SEVANI\\dataconnect`\n"}}
[debug] [2026-04-01T14:04:37.166Z] E0401 21:04:37.165727   30688 watch.go:116] watchAllDir unable to walk dir `d:\SEVANI\dataconnect`: GetFileAttributesEx d:\SEVANI\dataconnect: The system cannot find the file specified.
E0401 21:04:37.165727   30688 watch.go:40] Failed to load config from "d:\\SEVANI\\dataconnect": could not find dataconnect.yaml in `d:\SEVANI\dataconnect`
 {"metadata":{"emulator":{"name":"dataconnect"},"message":"E0401 21:04:37.165727   30688 watch.go:116] watchAllDir unable to walk dir `d:\\SEVANI\\dataconnect`: GetFileAttributesEx d:\\SEVANI\\dataconnect: The system cannot find the file specified.\nE0401 21:04:37.165727   30688 watch.go:40] Failed to load config from \"d:\\\\SEVANI\\\\dataconnect\": could not find dataconnect.yaml in `d:\\SEVANI\\dataconnect`\n"}}
[debug] [2026-04-01T14:04:47.166Z] E0401 21:04:47.165679   30688 watch.go:40] Failed to load config from "d:\\SEVANI\\dataconnect": could not find dataconnect.yaml in `d:\SEVANI\dataconnect`
 {"metadata":{"emulator":{"name":"dataconnect"},"message":"E0401 21:04:47.165679   30688 watch.go:40] Failed to load config from \"d:\\\\SEVANI\\\\dataconnect\": could not find dataconnect.yaml in `d:\\SEVANI\\dataconnect`\n"}}
[debug] [2026-04-01T14:04:57.171Z] E0401 21:04:57.170586   30688 watch.go:40] Failed to load config from "d:\\SEVANI\\dataconnect": could not find dataconnect.yaml in `d:\SEVANI\dataconnect`
 {"metadata":{"emulator":{"name":"dataconnect"},"message":"E0401 21:04:57.170586   30688 watch.go:40] Failed to load config from \"d:\\\\SEVANI\\\\dataconnect\": could not find dataconnect.yaml in `d:\\SEVANI\\dataconnect`\n"}}
[debug] [2026-04-01T14:05:07.166Z] E0401 21:05:07.165895   30688 watch.go:40] Failed to load config from "d:\\SEVANI\\dataconnect": could not find dataconnect.yaml in `d:\SEVANI\dataconnect`
 {"metadata":{"emulator":{"name":"dataconnect"},"message":"E0401 21:05:07.165895   30688 watch.go:40] Failed to load config from \"d:\\\\SEVANI\\\\dataconnect\": could not find dataconnect.yaml in `d:\\SEVANI\\dataconnect`\n"}}
[debug] [2026-04-01T14:05:17.167Z] E0401 21:05:17.166490   30688 watch.go:40] Failed to load config from "d:\\SEVANI\\dataconnect": could not find dataconnect.yaml in `d:\SEVANI\dataconnect`
 {"metadata":{"emulator":{"name":"dataconnect"},"message":"E0401 21:05:17.166490   30688 watch.go:40] Failed to load config from \"d:\\\\SEVANI\\\\dataconnect\": could not find dataconnect.yaml in `d:\\SEVANI\\dataconnect`\n"}}
[debug] [2026-04-01T14:05:27.167Z] E0401 21:05:27.166048   30688 watch.go:40] Failed to load config from "d:\\SEVANI\\dataconnect": could not find dataconnect.yaml in `d:\SEVANI\dataconnect`
 {"metadata":{"emulator":{"name":"dataconnect"},"message":"E0401 21:05:27.166048   30688 watch.go:40] Failed to load config from \"d:\\\\SEVANI\\\\dataconnect\": could not find dataconnect.yaml in `d:\\SEVANI\\dataconnect`\n"}}
[debug] [2026-04-01T14:05:37.167Z] E0401 21:05:37.166462   30688 watch.go:40] Failed to load config from "d:\\SEVANI\\dataconnect": could not find dataconnect.yaml in `d:\SEVANI\dataconnect`
E0401 21:05:37.166462   30688 watch.go:116] watchAllDir unable to walk dir `d:\SEVANI\dataconnect`: GetFileAttributesEx d:\SEVANI\dataconnect: The system cannot find the file specified.
 {"metadata":{"emulator":{"name":"dataconnect"},"message":"E0401 21:05:37.166462   30688 watch.go:40] Failed to load config from \"d:\\\\SEVANI\\\\dataconnect\": could not find dataconnect.yaml in `d:\\SEVANI\\dataconnect`\nE0401 21:05:37.166462   30688 watch.go:116] watchAllDir unable to walk dir `d:\\SEVANI\\dataconnect`: GetFileAttributesEx d:\\SEVANI\\dataconnect: The system cannot find the file specified.\n"}}
[debug] [2026-04-01T14:05:47.166Z] E0401 21:05:47.165924   30688 watch.go:40] Failed to load config from "d:\\SEVANI\\dataconnect": could not find dataconnect.yaml in `d:\SEVANI\dataconnect`
 {"metadata":{"emulator":{"name":"dataconnect"},"message":"E0401 21:05:47.165924   30688 watch.go:40] Failed to load config from \"d:\\\\SEVANI\\\\dataconnect\": could not find dataconnect.yaml in `d:\\SEVANI\\dataconnect`\n"}}
[debug] [2026-04-01T14:05:57.166Z] E0401 21:05:57.165793   30688 watch.go:40] Failed to load config from "d:\\SEVANI\\dataconnect": could not find dataconnect.yaml in `d:\SEVANI\dataconnect`
 {"metadata":{"emulator":{"name":"dataconnect"},"message":"E0401 21:05:57.165793   30688 watch.go:40] Failed to load config from \"d:\\\\SEVANI\\\\dataconnect\": could not find dataconnect.yaml in `d:\\SEVANI\\dataconnect`\n"}}
[debug] [2026-04-01T14:06:07.166Z] E0401 21:06:07.165667   30688 watch.go:40] Failed to load config from "d:\\SEVANI\\dataconnect": could not find dataconnect.yaml in `d:\SEVANI\dataconnect`
 {"metadata":{"emulator":{"name":"dataconnect"},"message":"E0401 21:06:07.165667   30688 watch.go:40] Failed to load config from \"d:\\\\SEVANI\\\\dataconnect\": could not find dataconnect.yaml in `d:\\SEVANI\\dataconnect`\n"}}
[debug] [2026-04-01T14:06:17.165Z] E0401 21:06:17.165655   30688 watch.go:40] Failed to load config from "d:\\SEVANI\\dataconnect": could not find dataconnect.yaml in `d:\SEVANI\dataconnect`
 {"metadata":{"emulator":{"name":"dataconnect"},"message":"E0401 21:06:17.165655   30688 watch.go:40] Failed to load config from \"d:\\\\SEVANI\\\\dataconnect\": could not find dataconnect.yaml in `d:\\SEVANI\\dataconnect`\n"}}
[debug] [2026-04-01T14:06:27.165Z] E0401 21:06:27.165679   30688 watch.go:40] Failed to load config from "d:\\SEVANI\\dataconnect": could not find dataconnect.yaml in `d:\SEVANI\dataconnect`
 {"metadata":{"emulator":{"name":"dataconnect"},"message":"E0401 21:06:27.165679   30688 watch.go:40] Failed to load config from \"d:\\\\SEVANI\\\\dataconnect\": could not find dataconnect.yaml in `d:\\SEVANI\\dataconnect`\n"}}
[debug] [2026-04-01T14:06:37.166Z] E0401 21:06:37.165930   30688 watch.go:116] watchAllDir unable to walk dir `d:\SEVANI\dataconnect`: GetFileAttributesEx d:\SEVANI\dataconnect: The system cannot find the file specified.
 {"metadata":{"emulator":{"name":"dataconnect"},"message":"E0401 21:06:37.165930   30688 watch.go:116] watchAllDir unable to walk dir `d:\\SEVANI\\dataconnect`: GetFileAttributesEx d:\\SEVANI\\dataconnect: The system cannot find the file specified.\n"}}
[debug] [2026-04-01T14:06:37.167Z] E0401 21:06:37.166410   30688 watch.go:40] Failed to load config from "d:\\SEVANI\\dataconnect": could not find dataconnect.yaml in `d:\SEVANI\dataconnect`
 {"metadata":{"emulator":{"name":"dataconnect"},"message":"E0401 21:06:37.166410   30688 watch.go:40] Failed to load config from \"d:\\\\SEVANI\\\\dataconnect\": could not find dataconnect.yaml in `d:\\SEVANI\\dataconnect`\n"}}
[debug] [2026-04-01T14:06:47.166Z] E0401 21:06:47.165900   30688 watch.go:40] Failed to load config from "d:\\SEVANI\\dataconnect": could not find dataconnect.yaml in `d:\SEVANI\dataconnect`
 {"metadata":{"emulator":{"name":"dataconnect"},"message":"E0401 21:06:47.165900   30688 watch.go:40] Failed to load config from \"d:\\\\SEVANI\\\\dataconnect\": could not find dataconnect.yaml in `d:\\SEVANI\\dataconnect`\n"}}
[debug] [2026-04-01T14:06:57.165Z] E0401 21:06:57.165182   30688 watch.go:40] Failed to load config from "d:\\SEVANI\\dataconnect": could not find dataconnect.yaml in `d:\SEVANI\dataconnect`
 {"metadata":{"emulator":{"name":"dataconnect"},"message":"E0401 21:06:57.165182   30688 watch.go:40] Failed to load config from \"d:\\\\SEVANI\\\\dataconnect\": could not find dataconnect.yaml in `d:\\SEVANI\\dataconnect`\n"}}
[debug] [2026-04-01T14:07:07.166Z] E0401 21:07:07.165920   30688 watch.go:40] Failed to load config from "d:\\SEVANI\\dataconnect": could not find dataconnect.yaml in `d:\SEVANI\dataconnect`
 {"metadata":{"emulator":{"name":"dataconnect"},"message":"E0401 21:07:07.165920   30688 watch.go:40] Failed to load config from \"d:\\\\SEVANI\\\\dataconnect\": could not find dataconnect.yaml in `d:\\SEVANI\\dataconnect`\n"}}
[debug] [2026-04-01T14:07:17.171Z] E0401 21:07:17.171291   30688 watch.go:40] Failed to load config from "d:\\SEVANI\\dataconnect": could not find dataconnect.yaml in `d:\SEVANI\dataconnect`
 {"metadata":{"emulator":{"name":"dataconnect"},"message":"E0401 21:07:17.171291   30688 watch.go:40] Failed to load config from \"d:\\\\SEVANI\\\\dataconnect\": could not find dataconnect.yaml in `d:\\SEVANI\\dataconnect`\n"}}
[debug] [2026-04-01T14:07:27.167Z] E0401 21:07:27.166579   30688 watch.go:40] Failed to load config from "d:\\SEVANI\\dataconnect": could not find dataconnect.yaml in `d:\SEVANI\dataconnect`
 {"metadata":{"emulator":{"name":"dataconnect"},"message":"E0401 21:07:27.166579   30688 watch.go:40] Failed to load config from \"d:\\\\SEVANI\\\\dataconnect\": could not find dataconnect.yaml in `d:\\SEVANI\\dataconnect`\n"}}
[debug] [2026-04-01T14:07:37.166Z] E0401 21:07:37.165482   30688 watch.go:116] watchAllDir unable to walk dir `d:\SEVANI\dataconnect`: GetFileAttributesEx d:\SEVANI\dataconnect: The system cannot find the file specified.
E0401 21:07:37.165482   30688 watch.go:40] Failed to load config from "d:\\SEVANI\\dataconnect": could not find dataconnect.yaml in `d:\SEVANI\dataconnect`
 {"metadata":{"emulator":{"name":"dataconnect"},"message":"E0401 21:07:37.165482   30688 watch.go:116] watchAllDir unable to walk dir `d:\\SEVANI\\dataconnect`: GetFileAttributesEx d:\\SEVANI\\dataconnect: The system cannot find the file specified.\nE0401 21:07:37.165482   30688 watch.go:40] Failed to load config from \"d:\\\\SEVANI\\\\dataconnect\": could not find dataconnect.yaml in `d:\\SEVANI\\dataconnect`\n"}}
[debug] [2026-04-01T14:07:47.166Z] E0401 21:07:47.165742   30688 watch.go:40] Failed to load config from "d:\\SEVANI\\dataconnect": could not find dataconnect.yaml in `d:\SEVANI\dataconnect`
 {"metadata":{"emulator":{"name":"dataconnect"},"message":"E0401 21:07:47.165742   30688 watch.go:40] Failed to load config from \"d:\\\\SEVANI\\\\dataconnect\": could not find dataconnect.yaml in `d:\\SEVANI\\dataconnect`\n"}}
[debug] [2026-04-01T14:07:57.167Z] E0401 21:07:57.166818   30688 watch.go:40] Failed to load config from "d:\\SEVANI\\dataconnect": could not find dataconnect.yaml in `d:\SEVANI\dataconnect`
 {"metadata":{"emulator":{"name":"dataconnect"},"message":"E0401 21:07:57.166818   30688 watch.go:40] Failed to load config from \"d:\\\\SEVANI\\\\dataconnect\": could not find dataconnect.yaml in `d:\\SEVANI\\dataconnect`\n"}}
[debug] [2026-04-01T14:08:07.166Z] E0401 21:08:07.166036   30688 watch.go:40] Failed to load config from "d:\\SEVANI\\dataconnect": could not find dataconnect.yaml in `d:\SEVANI\dataconnect`
 {"metadata":{"emulator":{"name":"dataconnect"},"message":"E0401 21:08:07.166036   30688 watch.go:40] Failed to load config from \"d:\\\\SEVANI\\\\dataconnect\": could not find dataconnect.yaml in `d:\\SEVANI\\dataconnect`\n"}}
[debug] [2026-04-01T14:08:17.166Z] E0401 21:08:17.165924   30688 watch.go:40] Failed to load config from "d:\\SEVANI\\dataconnect": could not find dataconnect.yaml in `d:\SEVANI\dataconnect`
 {"metadata":{"emulator":{"name":"dataconnect"},"message":"E0401 21:08:17.165924   30688 watch.go:40] Failed to load config from \"d:\\\\SEVANI\\\\dataconnect\": could not find dataconnect.yaml in `d:\\SEVANI\\dataconnect`\n"}}
[debug] [2026-04-01T14:08:27.167Z] E0401 21:08:27.166294   30688 watch.go:40] Failed to load config from "d:\\SEVANI\\dataconnect": could not find dataconnect.yaml in `d:\SEVANI\dataconnect`
 {"metadata":{"emulator":{"name":"dataconnect"},"message":"E0401 21:08:27.166294   30688 watch.go:40] Failed to load config from \"d:\\\\SEVANI\\\\dataconnect\": could not find dataconnect.yaml in `d:\\SEVANI\\dataconnect`\n"}}
[debug] [2026-04-01T14:08:37.167Z] E0401 21:08:37.166018   30688 watch.go:116] watchAllDir unable to walk dir `d:\SEVANI\dataconnect`: GetFileAttributesEx d:\SEVANI\dataconnect: The system cannot find the file specified.
E0401 21:08:37.166018   30688 watch.go:40] Failed to load config from "d:\\SEVANI\\dataconnect": could not find dataconnect.yaml in `d:\SEVANI\dataconnect`
 {"metadata":{"emulator":{"name":"dataconnect"},"message":"E0401 21:08:37.166018   30688 watch.go:116] watchAllDir unable to walk dir `d:\\SEVANI\\dataconnect`: GetFileAttributesEx d:\\SEVANI\\dataconnect: The system cannot find the file specified.\nE0401 21:08:37.166018   30688 watch.go:40] Failed to load config from \"d:\\\\SEVANI\\\\dataconnect\": could not find dataconnect.yaml in `d:\\SEVANI\\dataconnect`\n"}}
[debug] [2026-04-01T14:08:47.168Z] E0401 21:08:47.167773   30688 watch.go:40] Failed to load config from "d:\\SEVANI\\dataconnect": could not find dataconnect.yaml in `d:\SEVANI\dataconnect`
 {"metadata":{"emulator":{"name":"dataconnect"},"message":"E0401 21:08:47.167773   30688 watch.go:40] Failed to load config from \"d:\\\\SEVANI\\\\dataconnect\": could not find dataconnect.yaml in `d:\\SEVANI\\dataconnect`\n"}}
[debug] [2026-04-01T14:08:57.166Z] E0401 21:08:57.165575   30688 watch.go:40] Failed to load config from "d:\\SEVANI\\dataconnect": could not find dataconnect.yaml in `d:\SEVANI\dataconnect`
 {"metadata":{"emulator":{"name":"dataconnect"},"message":"E0401 21:08:57.165575   30688 watch.go:40] Failed to load config from \"d:\\\\SEVANI\\\\dataconnect\": could not find dataconnect.yaml in `d:\\SEVANI\\dataconnect`\n"}}
[debug] [2026-04-01T14:09:07.169Z] E0401 21:09:07.167582   30688 watch.go:40] Failed to load config from "d:\\SEVANI\\dataconnect": could not find dataconnect.yaml in `d:\SEVANI\dataconnect`
 {"metadata":{"emulator":{"name":"dataconnect"},"message":"E0401 21:09:07.167582   30688 watch.go:40] Failed to load config from \"d:\\\\SEVANI\\\\dataconnect\": could not find dataconnect.yaml in `d:\\SEVANI\\dataconnect`\n"}}
[debug] [2026-04-01T14:09:17.166Z] E0401 21:09:17.165589   30688 watch.go:40] Failed to load config from "d:\\SEVANI\\dataconnect": could not find dataconnect.yaml in `d:\SEVANI\dataconnect`
 {"metadata":{"emulator":{"name":"dataconnect"},"message":"E0401 21:09:17.165589   30688 watch.go:40] Failed to load config from \"d:\\\\SEVANI\\\\dataconnect\": could not find dataconnect.yaml in `d:\\SEVANI\\dataconnect`\n"}}
[debug] [2026-04-01T14:09:27.168Z] E0401 21:09:27.168084   30688 watch.go:40] Failed to load config from "d:\\SEVANI\\dataconnect": could not find dataconnect.yaml in `d:\SEVANI\dataconnect`
 {"metadata":{"emulator":{"name":"dataconnect"},"message":"E0401 21:09:27.168084   30688 watch.go:40] Failed to load config from \"d:\\\\SEVANI\\\\dataconnect\": could not find dataconnect.yaml in `d:\\SEVANI\\dataconnect`\n"}}
[debug] [2026-04-01T14:09:37.203Z] E0401 21:09:37.203126   30688 watch.go:116] watchAllDir unable to walk dir `d:\SEVANI\dataconnect`: GetFileAttributesEx d:\SEVANI\dataconnect: The system cannot find the file specified.
 {"metadata":{"emulator":{"name":"dataconnect"},"message":"E0401 21:09:37.203126   30688 watch.go:116] watchAllDir unable to walk dir `d:\\SEVANI\\dataconnect`: GetFileAttributesEx d:\\SEVANI\\dataconnect: The system cannot find the file specified.\n"}}
[debug] [2026-04-01T14:09:37.206Z] E0401 21:09:37.204226   30688 watch.go:40] Failed to load config from "d:\\SEVANI\\dataconnect": could not find dataconnect.yaml in `d:\SEVANI\dataconnect`
 {"metadata":{"emulator":{"name":"dataconnect"},"message":"E0401 21:09:37.204226   30688 watch.go:40] Failed to load config from \"d:\\\\SEVANI\\\\dataconnect\": could not find dataconnect.yaml in `d:\\SEVANI\\dataconnect`\n"}}
[debug] [2026-04-01T14:09:47.165Z] E0401 21:09:47.165587   30688 watch.go:40] Failed to load config from "d:\\SEVANI\\dataconnect": could not find dataconnect.yaml in `d:\SEVANI\dataconnect`
 {"metadata":{"emulator":{"name":"dataconnect"},"message":"E0401 21:09:47.165587   30688 watch.go:40] Failed to load config from \"d:\\\\SEVANI\\\\dataconnect\": could not find dataconnect.yaml in `d:\\SEVANI\\dataconnect`\n"}}
[debug] [2026-04-01T14:09:57.165Z] E0401 21:09:57.165243   30688 watch.go:40] Failed to load config from "d:\\SEVANI\\dataconnect": could not find dataconnect.yaml in `d:\SEVANI\dataconnect`
 {"metadata":{"emulator":{"name":"dataconnect"},"message":"E0401 21:09:57.165243   30688 watch.go:40] Failed to load config from \"d:\\\\SEVANI\\\\dataconnect\": could not find dataconnect.yaml in `d:\\SEVANI\\dataconnect`\n"}}
[debug] [2026-04-01T14:10:07.167Z] E0401 21:10:07.167490   30688 watch.go:40] Failed to load config from "d:\\SEVANI\\dataconnect": could not find dataconnect.yaml in `d:\SEVANI\dataconnect`
 {"metadata":{"emulator":{"name":"dataconnect"},"message":"E0401 21:10:07.167490   30688 watch.go:40] Failed to load config from \"d:\\\\SEVANI\\\\dataconnect\": could not find dataconnect.yaml in `d:\\SEVANI\\dataconnect`\n"}}
[debug] [2026-04-01T14:10:17.167Z] E0401 21:10:17.166466   30688 watch.go:40] Failed to load config from "d:\\SEVANI\\dataconnect": could not find dataconnect.yaml in `d:\SEVANI\dataconnect`
 {"metadata":{"emulator":{"name":"dataconnect"},"message":"E0401 21:10:17.166466   30688 watch.go:40] Failed to load config from \"d:\\\\SEVANI\\\\dataconnect\": could not find dataconnect.yaml in `d:\\SEVANI\\dataconnect`\n"}}
[debug] [2026-04-01T14:10:27.166Z] E0401 21:10:27.166173   30688 watch.go:40] Failed to load config from "d:\\SEVANI\\dataconnect": could not find dataconnect.yaml in `d:\SEVANI\dataconnect`
 {"metadata":{"emulator":{"name":"dataconnect"},"message":"E0401 21:10:27.166173   30688 watch.go:40] Failed to load config from \"d:\\\\SEVANI\\\\dataconnect\": could not find dataconnect.yaml in `d:\\SEVANI\\dataconnect`\n"}}
[debug] [2026-04-01T14:10:37.173Z] E0401 21:10:37.173883   30688 watch.go:116] watchAllDir unable to walk dir `d:\SEVANI\dataconnect`: GetFileAttributesEx d:\SEVANI\dataconnect: The system cannot find the file specified.
 {"metadata":{"emulator":{"name":"dataconnect"},"message":"E0401 21:10:37.173883   30688 watch.go:116] watchAllDir unable to walk dir `d:\\SEVANI\\dataconnect`: GetFileAttributesEx d:\\SEVANI\\dataconnect: The system cannot find the file specified.\n"}}
[debug] [2026-04-01T14:10:37.178Z] E0401 21:10:37.178678   30688 watch.go:40] Failed to load config from "d:\\SEVANI\\dataconnect": could not find dataconnect.yaml in `d:\SEVANI\dataconnect`
 {"metadata":{"emulator":{"name":"dataconnect"},"message":"E0401 21:10:37.178678   30688 watch.go:40] Failed to load config from \"d:\\\\SEVANI\\\\dataconnect\": could not find dataconnect.yaml in `d:\\SEVANI\\dataconnect`\n"}}
[debug] [2026-04-01T14:10:47.166Z] E0401 21:10:47.166568   30688 watch.go:40] Failed to load config from "d:\\SEVANI\\dataconnect": could not find dataconnect.yaml in `d:\SEVANI\dataconnect`
 {"metadata":{"emulator":{"name":"dataconnect"},"message":"E0401 21:10:47.166568   30688 watch.go:40] Failed to load config from \"d:\\\\SEVANI\\\\dataconnect\": could not find dataconnect.yaml in `d:\\SEVANI\\dataconnect`\n"}}
[debug] [2026-04-01T14:10:57.167Z] E0401 21:10:57.168033   30688 watch.go:40] Failed to load config from "d:\\SEVANI\\dataconnect": could not find dataconnect.yaml in `d:\SEVANI\dataconnect`
 {"metadata":{"emulator":{"name":"dataconnect"},"message":"E0401 21:10:57.168033   30688 watch.go:40] Failed to load config from \"d:\\\\SEVANI\\\\dataconnect\": could not find dataconnect.yaml in `d:\\SEVANI\\dataconnect`\n"}}
[debug] [2026-04-01T14:11:07.165Z] E0401 21:11:07.165646   30688 watch.go:40] Failed to load config from "d:\\SEVANI\\dataconnect": could not find dataconnect.yaml in `d:\SEVANI\dataconnect`
 {"metadata":{"emulator":{"name":"dataconnect"},"message":"E0401 21:11:07.165646   30688 watch.go:40] Failed to load config from \"d:\\\\SEVANI\\\\dataconnect\": could not find dataconnect.yaml in `d:\\SEVANI\\dataconnect`\n"}}
[debug] [2026-04-01T14:11:17.166Z] E0401 21:11:17.167464   30688 watch.go:40] Failed to load config from "d:\\SEVANI\\dataconnect": could not find dataconnect.yaml in `d:\SEVANI\dataconnect`
 {"metadata":{"emulator":{"name":"dataconnect"},"message":"E0401 21:11:17.167464   30688 watch.go:40] Failed to load config from \"d:\\\\SEVANI\\\\dataconnect\": could not find dataconnect.yaml in `d:\\SEVANI\\dataconnect`\n"}}
[debug] [2026-04-01T14:11:27.164Z] E0401 21:11:27.165345   30688 watch.go:40] Failed to load config from "d:\\SEVANI\\dataconnect": could not find dataconnect.yaml in `d:\SEVANI\dataconnect`
 {"metadata":{"emulator":{"name":"dataconnect"},"message":"E0401 21:11:27.165345   30688 watch.go:40] Failed to load config from \"d:\\\\SEVANI\\\\dataconnect\": could not find dataconnect.yaml in `d:\\SEVANI\\dataconnect`\n"}}
[debug] [2026-04-01T14:11:37.166Z] E0401 21:11:37.165417   30688 watch.go:116] watchAllDir unable to walk dir `d:\SEVANI\dataconnect`: GetFileAttributesEx d:\SEVANI\dataconnect: The system cannot find the file specified.
 {"metadata":{"emulator":{"name":"dataconnect"},"message":"E0401 21:11:37.165417   30688 watch.go:116] watchAllDir unable to walk dir `d:\\SEVANI\\dataconnect`: GetFileAttributesEx d:\\SEVANI\\dataconnect: The system cannot find the file specified.\n"}}
[debug] [2026-04-01T14:11:37.203Z] E0401 21:11:37.202995   30688 watch.go:40] Failed to load config from "d:\\SEVANI\\dataconnect": could not find dataconnect.yaml in `d:\SEVANI\dataconnect`
 {"metadata":{"emulator":{"name":"dataconnect"},"message":"E0401 21:11:37.202995   30688 watch.go:40] Failed to load config from \"d:\\\\SEVANI\\\\dataconnect\": could not find dataconnect.yaml in `d:\\SEVANI\\dataconnect`\n"}}
[debug] [2026-04-01T14:11:47.165Z] E0401 21:11:47.165581   30688 watch.go:40] Failed to load config from "d:\\SEVANI\\dataconnect": could not find dataconnect.yaml in `d:\SEVANI\dataconnect`
 {"metadata":{"emulator":{"name":"dataconnect"},"message":"E0401 21:11:47.165581   30688 watch.go:40] Failed to load config from \"d:\\\\SEVANI\\\\dataconnect\": could not find dataconnect.yaml in `d:\\SEVANI\\dataconnect`\n"}}
[debug] [2026-04-01T14:11:57.166Z] E0401 21:11:57.165974   30688 watch.go:40] Failed to load config from "d:\\SEVANI\\dataconnect": could not find dataconnect.yaml in `d:\SEVANI\dataconnect`
 {"metadata":{"emulator":{"name":"dataconnect"},"message":"E0401 21:11:57.165974   30688 watch.go:40] Failed to load config from \"d:\\\\SEVANI\\\\dataconnect\": could not find dataconnect.yaml in `d:\\SEVANI\\dataconnect`\n"}}
[debug] [2026-04-01T14:12:07.166Z] E0401 21:12:07.165428   30688 watch.go:40] Failed to load config from "d:\\SEVANI\\dataconnect": could not find dataconnect.yaml in `d:\SEVANI\dataconnect`
 {"metadata":{"emulator":{"name":"dataconnect"},"message":"E0401 21:12:07.165428   30688 watch.go:40] Failed to load config from \"d:\\\\SEVANI\\\\dataconnect\": could not find dataconnect.yaml in `d:\\SEVANI\\dataconnect`\n"}}
[debug] [2026-04-01T14:12:17.166Z] E0401 21:12:17.166548   30688 watch.go:40] Failed to load config from "d:\\SEVANI\\dataconnect": could not find dataconnect.yaml in `d:\SEVANI\dataconnect`
 {"metadata":{"emulator":{"name":"dataconnect"},"message":"E0401 21:12:17.166548   30688 watch.go:40] Failed to load config from \"d:\\\\SEVANI\\\\dataconnect\": could not find dataconnect.yaml in `d:\\SEVANI\\dataconnect`\n"}}
[debug] [2026-04-01T14:12:27.166Z] E0401 21:12:27.165920   30688 watch.go:40] Failed to load config from "d:\\SEVANI\\dataconnect": could not find dataconnect.yaml in `d:\SEVANI\dataconnect`
 {"metadata":{"emulator":{"name":"dataconnect"},"message":"E0401 21:12:27.165920   30688 watch.go:40] Failed to load config from \"d:\\\\SEVANI\\\\dataconnect\": could not find dataconnect.yaml in `d:\\SEVANI\\dataconnect`\n"}}
[debug] [2026-04-01T14:12:37.166Z] E0401 21:12:37.165812   30688 watch.go:116] watchAllDir unable to walk dir `d:\SEVANI\dataconnect`: GetFileAttributesEx d:\SEVANI\dataconnect: The system cannot find the file specified.
 {"metadata":{"emulator":{"name":"dataconnect"},"message":"E0401 21:12:37.165812   30688 watch.go:116] watchAllDir unable to walk dir `d:\\SEVANI\\dataconnect`: GetFileAttributesEx d:\\SEVANI\\dataconnect: The system cannot find the file specified.\n"}}
[debug] [2026-04-01T14:12:37.168Z] E0401 21:12:37.166764   30688 watch.go:40] Failed to load config from "d:\\SEVANI\\dataconnect": could not find dataconnect.yaml in `d:\SEVANI\dataconnect`
 {"metadata":{"emulator":{"name":"dataconnect"},"message":"E0401 21:12:37.166764   30688 watch.go:40] Failed to load config from \"d:\\\\SEVANI\\\\dataconnect\": could not find dataconnect.yaml in `d:\\SEVANI\\dataconnect`\n"}}
[debug] [2026-04-01T14:12:47.169Z] E0401 21:12:47.168602   30688 watch.go:40] Failed to load config from "d:\\SEVANI\\dataconnect": could not find dataconnect.yaml in `d:\SEVANI\dataconnect`
 {"metadata":{"emulator":{"name":"dataconnect"},"message":"E0401 21:12:47.168602   30688 watch.go:40] Failed to load config from \"d:\\\\SEVANI\\\\dataconnect\": could not find dataconnect.yaml in `d:\\SEVANI\\dataconnect`\n"}}
[debug] [2026-04-01T14:12:57.166Z] E0401 21:12:57.165537   30688 watch.go:40] Failed to load config from "d:\\SEVANI\\dataconnect": could not find dataconnect.yaml in `d:\SEVANI\dataconnect`
 {"metadata":{"emulator":{"name":"dataconnect"},"message":"E0401 21:12:57.165537   30688 watch.go:40] Failed to load config from \"d:\\\\SEVANI\\\\dataconnect\": could not find dataconnect.yaml in `d:\\SEVANI\\dataconnect`\n"}}
[debug] [2026-04-01T14:13:07.167Z] E0401 21:13:07.166155   30688 watch.go:40] Failed to load config from "d:\\SEVANI\\dataconnect": could not find dataconnect.yaml in `d:\SEVANI\dataconnect`
 {"metadata":{"emulator":{"name":"dataconnect"},"message":"E0401 21:13:07.166155   30688 watch.go:40] Failed to load config from \"d:\\\\SEVANI\\\\dataconnect\": could not find dataconnect.yaml in `d:\\SEVANI\\dataconnect`\n"}}
[debug] [2026-04-01T14:13:17.166Z] E0401 21:13:17.165970   30688 watch.go:40] Failed to load config from "d:\\SEVANI\\dataconnect": could not find dataconnect.yaml in `d:\SEVANI\dataconnect`
 {"metadata":{"emulator":{"name":"dataconnect"},"message":"E0401 21:13:17.165970   30688 watch.go:40] Failed to load config from \"d:\\\\SEVANI\\\\dataconnect\": could not find dataconnect.yaml in `d:\\SEVANI\\dataconnect`\n"}}
[debug] [2026-04-01T14:13:27.170Z] E0401 21:13:27.165993   30688 watch.go:40] Failed to load config from "d:\\SEVANI\\dataconnect": could not find dataconnect.yaml in `d:\SEVANI\dataconnect`
 {"metadata":{"emulator":{"name":"dataconnect"},"message":"E0401 21:13:27.165993   30688 watch.go:40] Failed to load config from \"d:\\\\SEVANI\\\\dataconnect\": could not find dataconnect.yaml in `d:\\SEVANI\\dataconnect`\n"}}
[debug] [2026-04-01T14:13:37.166Z] E0401 21:13:37.165334   30688 watch.go:116] watchAllDir unable to walk dir `d:\SEVANI\dataconnect`: GetFileAttributesEx d:\SEVANI\dataconnect: The system cannot find the file specified.
E0401 21:13:37.165681   30688 watch.go:40] Failed to load config from "d:\\SEVANI\\dataconnect": could not find dataconnect.yaml in `d:\SEVANI\dataconnect`
 {"metadata":{"emulator":{"name":"dataconnect"},"message":"E0401 21:13:37.165334   30688 watch.go:116] watchAllDir unable to walk dir `d:\\SEVANI\\dataconnect`: GetFileAttributesEx d:\\SEVANI\\dataconnect: The system cannot find the file specified.\nE0401 21:13:37.165681   30688 watch.go:40] Failed to load config from \"d:\\\\SEVANI\\\\dataconnect\": could not find dataconnect.yaml in `d:\\SEVANI\\dataconnect`\n"}}
[debug] [2026-04-01T14:13:47.165Z] E0401 21:13:47.165793   30688 watch.go:40] Failed to load config from "d:\\SEVANI\\dataconnect": could not find dataconnect.yaml in `d:\SEVANI\dataconnect`
 {"metadata":{"emulator":{"name":"dataconnect"},"message":"E0401 21:13:47.165793   30688 watch.go:40] Failed to load config from \"d:\\\\SEVANI\\\\dataconnect\": could not find dataconnect.yaml in `d:\\SEVANI\\dataconnect`\n"}}
[debug] [2026-04-01T14:13:57.166Z] E0401 21:13:57.166131   30688 watch.go:40] Failed to load config from "d:\\SEVANI\\dataconnect": could not find dataconnect.yaml in `d:\SEVANI\dataconnect`
 {"metadata":{"emulator":{"name":"dataconnect"},"message":"E0401 21:13:57.166131   30688 watch.go:40] Failed to load config from \"d:\\\\SEVANI\\\\dataconnect\": could not find dataconnect.yaml in `d:\\SEVANI\\dataconnect`\n"}}
[debug] [2026-04-01T14:14:07.165Z] E0401 21:14:07.165552   30688 watch.go:40] Failed to load config from "d:\\SEVANI\\dataconnect": could not find dataconnect.yaml in `d:\SEVANI\dataconnect`
 {"metadata":{"emulator":{"name":"dataconnect"},"message":"E0401 21:14:07.165552   30688 watch.go:40] Failed to load config from \"d:\\\\SEVANI\\\\dataconnect\": could not find dataconnect.yaml in `d:\\SEVANI\\dataconnect`\n"}}
